user_id,age,total_claims_1y,avg_claim_amount,days_since_last_claim,claimed_amount,policy_limit,amount_vs_avg_ratio,amount_vs_policy_ratio,report_delay_hours,time_since_policy_start,geo_risk_score,missing_docs_count,duplicate_doc_flag,doc_tamper_score,previous_rejections,fraud_history_flag,is_fraud
USR8847,60,4,21850,176,20609,100000,0.9432036613272311,0.20609,1,616,0.33,0,0,0.14,1,0,0
USR2494,30,1,7433,241,5366,200000,0.7219157809767254,0.02683,2,213,0.3,1,0,0.52,2,0,0
USR8968,27,1,30658,309,20875,300000,0.680898949703177,0.06958333333333333,5,469,0.97,1,1,0.23,2,0,0
USR2310,42,0,40773,211,42424,300000,1.040492482770461,0.14141333333333334,5,251,0.59,3,1,0.05,2,0,0
USR1474,54,1,19502,268,1000,300000,0.05127679212388473,0.0033333333333333335,14,332,0.02,1,0,0.23,2,1,0
USR5603,28,2,22159,95,33095,100000,1.4935240759962092,0.33095,3,600,0.31,3,1,0.52,1,0,0
USR5304,25,1,50758,306,45389,200000,0.8942235706686631,0.226945,15,125,0.4,1,0,0.93,1,1,0
USR1727,64,3,29253,240,11541,100000,0.3945236386011691,0.11541,6,582,0.27,1,1,0.83,0,0,0
USR2008,41,1,13571,43,5810,200000,0.428118782698401,0.02905,2,315,0.17,3,0,0.02,2,0,0
USR7871,50,2,53190,143,71767,200000,1.3492573792066178,0.358835,13,370,0.73,2,1,0.77,0,1,0
USR1169,39,0,31854,183,44511,200000,1.3973441326050104,0.222555,7,605,0.85,0,0,0.45,2,1,0
USR5485,20,0,40222,245,69475,500000,1.727288548555517,0.13895,15,539,0.59,3,0,0.27,0,0,0
USR2931,39,4,38270,144,37447,300000,0.9784949046250326,0.12482333333333333,18,580,0.52,0,0,0.43,1,0,0
USR2851,57,0,55636,189,60659,500000,1.0902832698252929,0.121318,5,563,0.48,1,0,0.56,0,0,0
USR8111,33,1,11374,164,21459,100000,1.8866713557235801,0.21459,1,617,0.23,1,0,0.08,1,0,0
USR5997,53,1,48585,319,5821,100000,0.11981064114438612,0.05821,13,417,0.11,0,0,0.46,2,0,0
USR1484,36,1,47941,346,87402,200000,1.8231159133101102,0.43701,7,607,0.9,0,0,0.32,0,0,0
USR1310,57,0,6306,142,11125,200000,1.7641928322232794,0.055625,3,613,0.86,1,0,0.01,0,0,0
USR1247,45,2,37562,25,17121,300000,0.45580640008519246,0.05707,0,296,0.17,1,0,0.22,2,0,0
USR3034,66,2,44353,162,1000,500000,0.022546389195770296,0.002,5,415,0.28,2,0,0.04,2,1,0
USR6641,64,2,29548,170,51478,100000,1.7421822119940436,0.51478,5,170,0.68,1,0,0.53,0,1,0
USR7240,24,3,49215,323,72573,300000,1.4746113989637306,0.24191,1,463,0.37,1,1,0.63,1,0,0
USR6845,63,2,30184,340,30692,200000,1.0168301086668434,0.15346,3,191,0.7,1,0,0.86,0,0,0
USR3548,52,1,39754,159,26965,500000,0.6782965236202646,0.05393,14,35,0.1,0,1,0.94,1,0,0
USR6736,35,3,13120,155,10311,100000,0.7858993902439024,0.10311,10,373,0.66,0,0,0.82,2,0,0
USR7168,34,2,43191,162,44819,500000,1.0376930379014146,0.089638,10,292,0.88,1,0,0.19,1,1,0
USR6356,19,4,17183,281,23915,500000,1.3917825758016644,0.04783,14,506,0.58,0,1,0.37,0,0,0
USR8441,26,3,16969,319,27652,100000,1.6295597854911898,0.27652,16,662,0.22,0,0,0.71,0,0,0
USR9933,67,1,8987,112,16229,300000,1.8058306442639367,0.05409666666666667,0,519,0.72,0,1,0.31,0,0,0
USR2185,49,3,55845,216,53261,300000,0.9537290715372907,0.17753666666666668,8,105,0.89,1,0,0.63,0,1,0
USR5473,23,3,34124,215,34027,300000,0.9971574258586332,0.11342333333333333,6,195,0.57,0,0,0.77,2,0,0
USR8863,52,0,23589,237,21832,500000,0.9255161303997625,0.043664,11,251,0.97,1,1,0.96,0,0,0
USR8846,62,2,11102,97,10361,100000,0.9332552693208431,0.10361,7,356,0.37,2,0,0.39,0,0,0
USR1683,65,2,50681,2,52451,100000,1.0349243306169964,0.52451,3,205,0.88,2,0,0.74,0,0,0
USR8573,31,3,24190,243,1672,300000,0.0691194708557255,0.005573333333333333,1,177,0.61,2,0,0.08,1,1,0
USR4371,41,0,50091,104,67248,100000,1.3425166197520513,0.67248,15,175,0.7,2,0,0.8,1,0,0
USR9981,33,2,18121,347,38665,100000,2.133712267534904,0.38665,0,507,0.33,0,0,0.16,0,0,0
USR9042,50,4,58006,184,26922,500000,0.46412440092404234,0.053844,3,428,0.52,0,0,0.77,2,1,0
USR1530,50,1,26699,361,20428,300000,0.7651222892243155,0.06809333333333334,9,140,0.41,3,1,0.7,1,0,0
USR9509,40,1,42233,271,1000,500000,0.023678166362796866,0.002,7,258,0.8,2,1,0.27,2,0,0
USR6651,55,1,30316,359,62716,100000,2.0687425781765403,0.62716,0,412,0.06,1,0,0.92,1,0,0
USR8511,47,1,10237,65,16043,100000,1.567158347172023,0.16043,16,674,0.28,0,0,0.95,0,0,0
USR5668,40,3,24531,274,7110,100000,0.28983734866087807,0.0711,7,59,0.12,0,1,0.34,0,0,0
USR6048,32,0,49078,56,42087,500000,0.8575532825298504,0.084174,20,325,0.1,0,1,0.49,1,0,0
USR7937,45,1,42220,307,83572,500000,1.979441023211748,0.167144,5,358,0.64,2,0,0.05,1,1,0
USR9983,62,2,46975,180,19311,100000,0.41109100585417774,0.19311,9,234,0.07,3,1,0.64,0,1,0
USR3115,56,0,30471,89,51906,100000,1.7034557448065373,0.51906,10,217,0.68,1,0,0.57,2,0,0
USR8908,20,0,10052,74,14194,100000,1.412057302029447,0.14194,6,363,0.39,0,0,0.96,1,0,0
USR2167,56,2,43494,49,32572,200000,0.7488849036648734,0.16286,5,535,0.62,0,0,0.34,0,0,0
USR8763,29,3,46576,214,101105,100000,2.1707531776021987,1.01105,5,262,0.35,0,0,0.94,1,0,0
USR4480,34,0,38496,165,23951,500000,0.6221685369908562,0.047902,13,457,0.18,3,0,0.75,1,0,0
USR5676,59,3,39911,285,53012,100000,1.3282553681942322,0.53012,4,268,0.86,1,0,0.43,2,0,0
USR2993,59,2,51352,91,41308,200000,0.8044087864153295,0.20654,32,146,0.39,2,0,0.3,1,0,0
USR4529,28,0,18923,131,15845,200000,0.8373408021983829,0.079225,1,124,0.95,1,0,0.95,0,1,0
USR3768,32,3,28576,126,3875,500000,0.13560330347144456,0.00775,8,280,0.95,1,0,0.78,0,0,0
USR3573,20,0,29244,267,16976,300000,0.5804951443031049,0.05658666666666667,5,450,0.55,0,0,0.44,0,0,0
USR1074,27,2,11731,169,17988,300000,1.5333731139715285,0.05996,9,315,0.87,0,0,0.84,2,0,0
USR8542,62,1,32569,173,1661,300000,0.05099941662316927,0.005536666666666666,6,268,0.58,0,0,0.86,0,0,0
USR9093,61,3,40909,65,36886,200000,0.9016597814661811,0.18443,20,346,0.38,0,0,0.71,0,0,0
USR9850,50,1,20485,227,16769,100000,0.8185989748596534,0.16769,5,112,0.47,3,0,0.06,0,0,0
USR2086,59,0,18116,294,24145,100000,1.3327997350408478,0.24145,11,7,0.68,1,1,0.24,2,0,0
USR9776,67,2,22312,13,25311,300000,1.1344119756185012,0.08437,6,164,0.07,0,0,0.55,0,1,0
USR8813,24,4,47356,319,21862,200000,0.4616521665681223,0.10931,18,165,0.74,3,0,0.92,1,0,0
USR9390,29,1,29933,294,69261,500000,2.313867637724251,0.138522,0,424,0.28,3,0,0.19,2,0,0
USR2057,56,2,32355,272,6620,100000,0.20460516148972338,0.0662,0,25,0.45,1,0,0.03,0,0,0
USR9909,55,1,40547,341,24823,500000,0.6122031223025132,0.049646,2,687,0.08,0,0,0.94,0,1,0
USR9214,34,3,28793,28,7513,100000,0.260931476400514,0.07513,7,85,0.41,0,0,0.78,1,0,0
USR9402,65,3,25309,337,29236,100000,1.1551621952665059,0.29236,15,560,0.06,0,1,0.04,2,0,0
USR7579,50,0,5404,336,5421,300000,1.0031458179126573,0.01807,6,69,0.77,1,0,0.94,0,0,0
USR3174,24,2,43765,109,21483,100000,0.4908717011310408,0.21483,1,398,0.21,3,0,0.88,0,0,0
USR3736,70,1,52198,100,62605,200000,1.1993754549982758,0.313025,0,490,0.52,1,1,0.77,1,1,0
USR9238,48,4,47808,332,31651,200000,0.6620440093708166,0.158255,26,465,0.42,3,0,0.78,0,0,0
USR4085,49,6,30934,344,47379,300000,1.5316156979375444,0.15793,4,583,0.35,3,0,0.51,1,0,0
USR8326,22,5,24856,318,1000,100000,0.04023173479240425,0.01,5,437,0.46,0,0,0.98,1,1,0
USR4972,39,2,17015,259,21967,500000,1.2910373200117544,0.043934,10,113,0.46,2,1,0.58,0,1,0
USR5107,69,2,47679,339,76203,100000,1.59825080223998,0.76203,4,603,0.52,1,0,0.97,0,0,0
USR5966,40,1,26508,156,6145,200000,0.2318168100196167,0.030725,4,597,0.03,0,0,0.55,0,0,0
USR4766,33,3,31329,121,29412,500000,0.9388106865843149,0.058824,6,576,0.8,0,0,0.63,0,1,0
USR7552,39,0,50162,25,75785,100000,1.510804991826482,0.75785,1,406,0.75,3,0,0.18,1,1,0
USR8609,41,1,50781,150,74203,100000,1.4612355014670841,0.74203,0,676,0.53,1,0,0.72,2,0,0
USR3851,22,0,20034,165,30268,300000,1.5108315863032844,0.10089333333333333,1,243,0.9,0,0,0.51,0,0,0
USR7330,40,1,45441,141,13547,300000,0.29812284060650074,0.045156666666666664,7,590,0.1,3,0,0.74,0,0,0
USR1418,66,1,55448,40,33937,100000,0.6120509306016448,0.33937,2,175,0.12,2,0,0.89,0,0,0
USR1378,36,4,58358,322,72418,300000,1.2409266938551697,0.24139333333333332,19,284,0.59,0,0,0.56,0,0,0
USR6560,69,1,24123,158,37528,300000,1.5556937362682917,0.12509333333333333,21,501,0.36,0,0,0.99,0,1,0
USR4816,60,2,55885,194,48969,500000,0.8762458620381139,0.097938,12,583,0.85,0,1,0.09,2,0,0
USR1611,53,1,18046,151,19929,300000,1.104344453064391,0.06643,13,423,0.92,1,0,0.01,1,0,0
USR5147,60,5,53153,233,82908,200000,1.5597990706074916,0.41454,0,557,0.19,0,0,0.32,1,0,0
USR2559,37,2,7048,112,1000,200000,0.14188422247446084,0.005,12,545,0.58,0,0,0.15,0,0,0
USR2957,46,2,50745,325,113680,300000,2.240220711400138,0.37893333333333334,9,398,0.55,0,1,0.2,1,0,0
USR7512,66,1,6342,156,10551,500000,1.663670766319773,0.021102,12,340,0.6,1,0,0.47,0,0,0
USR4665,58,2,36037,361,23934,200000,0.6641507339678664,0.11967,18,235,0.93,1,0,0.99,0,0,0
USR1993,63,1,56712,346,73318,200000,1.2928128085766681,0.36659,18,58,0.84,2,0,0.14,1,1,0
USR7998,21,2,26204,197,17183,100000,0.6557395817432453,0.17183,0,326,0.63,0,0,0.91,0,0,0
USR6832,34,2,14510,313,19320,200000,1.3314955203308063,0.0966,8,69,0.62,2,0,0.54,0,0,0
USR6144,59,2,16246,155,24330,200000,1.4975994090853133,0.12165,11,156,0.91,0,0,0.62,2,0,0
USR5256,41,0,59917,200,103586,200000,1.7288248744096,0.51793,1,70,0.69,0,0,0.17,0,1,0
USR2737,63,6,37154,14,70810,300000,1.9058513215266188,0.23603333333333334,9,393,0.88,0,0,0.34,1,0,1
USR4987,20,1,11371,359,26770,100000,2.354234456072465,0.2677,1,421,0.5,3,0,0.54,2,0,0
USR1637,25,3,40442,218,50474,500000,1.2480589486177736,0.100948,21,598,0.25,0,0,0.35,0,0,0
USR9302,20,2,17999,205,1000,200000,0.055558642146785936,0.005,1,443,0.61,0,0,0.91,0,0,0
USR4329,38,1,20328,104,21662,500000,1.0656237701692246,0.043324,11,327,0.7,1,0,0.92,0,0,0
USR6362,68,1,46563,329,28965,300000,0.6220604342503705,0.09655,4,540,0.08,0,0,0.1,2,1,0
USR1898,31,2,27116,128,28022,500000,1.0334120076707478,0.056044,14,55,0.59,2,1,0.4,1,0,0
USR1926,50,0,36880,303,50515,100000,1.3697125813449025,0.50515,0,72,0.6,0,0,0.11,0,0,0
USR1712,54,4,41368,297,30360,100000,0.7339005994971959,0.3036,6,646,0.91,1,0,0.25,1,0,0
USR6487,48,1,24956,199,21498,200000,0.8614361275845488,0.10749,11,554,0.58,1,0,0.63,2,0,0
USR2834,48,0,43356,12,54942,200000,1.2672294492111817,0.27471,6,223,0.46,1,0,0.56,1,0,0
USR4675,21,2,25806,126,15314,200000,0.5934278849879873,0.07657,7,102,0.75,1,0,0.21,0,1,0
USR2390,23,2,25908,158,42791,100000,1.6516519993824301,0.42791,2,157,0.59,2,0,0.29,0,0,0
USR7459,25,3,16485,180,4838,100000,0.2934789202305126,0.04838,7,158,0.18,0,0,0.86,1,0,0
USR5809,28,2,15093,200,27906,100000,1.8489365931226396,0.27906,7,92,0.98,1,0,0.84,0,0,1
USR3054,18,3,35678,34,37791,300000,1.0592241717585067,0.12597,4,433,0.18,0,1,0.65,0,0,0
USR1161,28,1,39911,162,40222,100000,1.0077923379519431,0.40222,6,281,0.81,3,1,0.96,0,1,0
USR5495,34,1,26389,12,35779,500000,1.3558300807154495,0.071558,3,205,0.01,1,1,0.09,2,0,0
USR7509,20,1,41220,40,49389,500000,1.1981804949053858,0.098778,12,345,0.7,2,0,0.91,0,1,0
USR5399,25,3,16382,349,23816,200000,1.4537907459406665,0.11908,5,73,0.41,0,0,0.55,1,1,0
USR6727,18,1,59771,312,65739,200000,1.0998477522544379,0.328695,1,454,0.99,0,0,0.47,0,1,0
USR7866,38,1,32856,229,38923,100000,1.184654248843438,0.38923,7,181,0.63,3,0,0.26,0,0,0
USR7147,39,1,56203,202,93398,200000,1.6617974129494866,0.46699,15,49,0.82,0,0,0.53,0,1,0
USR3467,50,2,27180,130,43963,500000,1.6174760853568801,0.087926,9,399,0.21,2,0,0.01,1,0,0
USR6257,25,1,22029,201,10046,100000,0.4560352262926143,0.10046,12,336,0.63,0,0,0.49,0,0,0
USR4650,35,4,25609,91,33563,200000,1.3105939318208442,0.167815,0,155,0.08,1,0,0.6,1,0,0
USR5770,52,1,59567,322,89031,200000,1.4946362919065925,0.445155,5,141,0.72,2,0,0.61,0,0,0
USR7717,34,3,28863,154,39384,500000,1.3645151231680699,0.078768,6,520,0.05,0,1,0.5,1,0,0
USR6354,39,3,20048,37,7466,500000,0.3724062250598563,0.014932,8,357,0.7,0,0,0.6,2,0,0
USR7222,69,1,33145,306,45721,500000,1.3794237441544728,0.091442,13,575,0.27,2,0,0.59,2,1,0
USR5201,44,1,9090,314,10276,200000,1.1304730473047304,0.05138,21,21,0.09,1,0,0.96,1,0,0
USR4695,49,7,58145,21,63201,200000,1.0869550262275347,0.316005,2,682,0.04,3,0,0.59,0,0,0
USR2065,22,3,42198,189,14826,500000,0.3513436655765676,0.029652,14,396,0.92,0,0,0.97,0,0,0
USR7471,23,4,57713,154,104386,200000,1.808708609845269,0.52193,16,468,0.36,3,0,0.56,1,1,0
USR9917,59,3,28510,140,25313,100000,0.8878639074009119,0.25313,2,404,0.54,3,0,0.79,2,0,0
USR2936,30,3,20229,135,6949,200000,0.3435167334025409,0.034745,12,697,0.99,0,0,0.0,1,0,0
USR5777,69,1,18919,350,32803,200000,1.7338654262910302,0.164015,0,110,0.4,2,0,0.48,1,0,0
USR4060,33,5,17676,23,1000,100000,0.05657388549445576,0.01,3,121,0.85,2,0,0.72,0,0,0
USR9455,51,3,9494,81,18326,300000,1.9302717505793132,0.061086666666666664,1,105,0.22,1,1,0.95,0,0,0
USR1478,31,1,42573,125,63813,500000,1.498907758438447,0.127626,7,148,0.99,1,0,0.74,1,1,0
USR3066,32,0,53988,330,91793,100000,1.700248203304438,0.91793,18,330,0.51,0,0,0.23,0,0,0
USR2033,65,1,32376,206,42385,200000,1.3091487521620955,0.211925,15,391,0.22,2,0,0.52,0,0,0
USR4838,41,2,23850,141,35239,500000,1.4775262054507337,0.070478,14,635,0.15,3,0,0.82,0,0,0
USR6394,18,1,15222,352,14006,200000,0.9201156221258705,0.07003,15,379,0.39,1,1,0.27,2,0,0
USR6064,21,1,28265,278,33112,200000,1.1714841676985672,0.16556,8,258,0.66,1,0,0.55,1,0,0
USR2328,51,0,30559,60,26241,500000,0.8586995647763344,0.052482,6,245,0.53,1,1,0.96,0,0,0
USR7384,19,0,46755,13,1000,200000,0.021388086835632553,0.005,0,76,0.59,3,0,0.82,1,0,0
USR7018,19,2,39080,299,44708,200000,1.1440122824974412,0.22354,8,466,0.66,0,0,0.85,0,0,0
USR1113,33,6,27534,176,44718,300000,1.624101111353236,0.14906,5,592,0.01,1,0,0.82,1,0,0
USR2974,65,2,53845,285,27651,300000,0.5135295756337636,0.09217,12,275,0.19,2,0,0.08,0,0,0
USR2582,21,2,12009,277,16659,100000,1.387209592805396,0.16659,23,65,0.78,1,1,0.11,0,0,0
USR8736,65,4,30821,298,45068,500000,1.462249764770773,0.090136,11,97,0.17,1,0,0.77,1,0,0
USR4738,40,2,13073,22,7618,200000,0.5827277595043219,0.03809,5,309,0.07,1,1,0.85,0,0,0
USR3977,18,4,32083,52,29560,200000,0.9213602219243836,0.1478,10,641,0.77,1,0,0.68,1,0,0
USR1816,67,1,41124,176,43318,100000,1.0533508413578445,0.43318,15,190,0.83,1,0,0.3,1,0,0
USR3387,33,3,57930,43,80529,200000,1.390108751941999,0.402645,5,383,0.42,1,0,0.64,0,0,0
USR8586,56,1,10626,209,16350,100000,1.538678712591756,0.1635,4,304,0.23,1,0,0.21,2,0,0
USR2598,37,0,46752,107,60845,100000,1.3014416495550993,0.60845,19,446,0.47,0,1,0.54,0,0,0
USR1594,24,1,41444,310,59042,500000,1.4246211755622045,0.118084,11,182,0.84,0,1,0.76,0,0,0
USR9397,40,1,46652,298,42127,100000,0.9030052302152105,0.42127,4,632,0.0,1,0,0.6,1,1,0
USR4917,37,2,14208,16,17998,100000,1.2667511261261262,0.17998,1,594,0.33,2,0,0.59,0,0,0
USR3783,27,2,31589,364,23016,100000,0.7286080597676406,0.23016,13,693,0.6,1,0,0.29,2,0,0
USR7576,43,3,37981,123,23838,200000,0.6276296042758222,0.11919,9,325,0.1,1,0,0.57,0,0,0
USR7438,45,0,51389,71,97743,200000,1.902021833466306,0.488715,13,100,0.56,2,0,0.01,0,0,0
USR9454,25,2,50004,57,8439,200000,0.1687664986801056,0.042195,2,349,0.98,1,0,0.2,2,0,0
USR3203,46,2,30003,99,34962,300000,1.1652834716528346,0.11654,0,101,0.71,0,0,0.03,0,1,0
USR1794,54,1,31015,303,37936,300000,1.223150088666774,0.12645333333333333,4,375,0.95,2,0,0.63,2,0,0
USR3582,47,4,16653,194,14675,300000,0.8812226025340779,0.048916666666666664,16,511,0.64,1,0,0.53,1,0,0
USR8726,33,1,20349,34,41498,200000,2.039313971202516,0.20749,14,593,0.48,1,0,0.62,0,1,0
USR8460,43,2,33380,277,45771,300000,1.371210305572199,0.15257,15,486,0.5,0,0,0.56,2,0,0
USR8038,55,4,19025,187,3389,500000,0.1781340341655716,0.006778,2,544,0.42,3,0,0.2,0,0,0
USR4754,36,3,39839,24,1000,200000,0.025101031652400914,0.005,1,196,0.37,0,0,0.99,0,1,0
USR5819,33,0,55864,130,142796,100000,2.5561363310897893,1.42796,9,659,0.03,0,1,0.4,0,0,0
USR6621,61,5,26116,179,34465,300000,1.3196890794914995,0.11488333333333334,4,383,0.63,0,0,0.73,1,0,0
USR1952,45,0,24975,108,49804,100000,1.994154154154154,0.49804,6,675,0.63,3,0,0.37,0,1,0
USR4559,20,2,9648,270,12794,300000,1.326077943615257,0.042646666666666666,3,185,0.45,3,0,0.51,2,0,0
USR2315,57,2,31616,162,51477,500000,1.6281945850202428,0.102954,3,532,0.01,0,1,0.59,0,0,0
USR1243,20,2,44198,67,46235,300000,1.0460880582831802,0.15411666666666668,4,87,0.34,3,0,0.83,1,0,0
USR8272,51,1,18994,112,4218,200000,0.22207012740865537,0.02109,6,34,0.61,2,0,0.36,0,0,0
USR1219,33,3,22774,40,18629,100000,0.8179942039167472,0.18629,9,469,0.11,1,0,0.27,0,0,0
USR8851,48,0,52614,219,13553,100000,0.2575930360740487,0.13553,11,387,0.18,0,0,0.09,2,1,0
USR4724,31,0,38997,161,18380,500000,0.4713183065364002,0.03676,18,342,0.48,1,1,0.69,1,0,0
USR5869,22,0,50272,13,77911,500000,1.549789147040102,0.155822,8,605,0.45,1,0,0.52,1,0,0
USR4202,59,2,27911,194,28980,300000,1.0383003117050624,0.0966,6,517,0.16,0,1,0.19,2,0,0
USR9623,48,1,18669,26,16533,200000,0.8855857303551342,0.082665,7,499,0.69,0,0,0.84,0,0,0
USR1324,52,5,34259,238,38334,500000,1.1189468460842407,0.076668,3,105,0.92,0,0,0.6,0,1,0
USR7477,64,4,9033,17,8685,100000,0.9614745931584191,0.08685,8,487,0.87,0,0,0.78,1,1,0
USR6033,42,4,31213,261,48095,200000,1.540864383429981,0.240475,4,390,0.88,0,1,0.32,1,0,0
USR5852,39,2,54606,264,12733,500000,0.2331795040838003,0.025466,7,483,0.7,0,1,0.39,0,0,0
USR7797,34,1,33144,149,27117,100000,0.818157132512672,0.27117,5,550,0.59,3,1,0.17,0,1,0
USR9785,30,3,11471,202,1000,300000,0.0871763577717723,0.0033333333333333335,24,295,0.03,2,1,0.34,1,0,0
USR5962,30,2,16563,234,1000,200000,0.060375535832880516,0.005,1,203,0.55,1,0,0.75,0,0,0
USR6942,45,3,9431,198,13725,300000,1.4553069663874456,0.04575,8,205,0.24,2,0,0.93,0,0,0
USR8958,24,0,18076,59,2919,200000,0.16148484177915468,0.014595,5,259,0.17,0,1,0.62,0,1,0
USR3837,68,4,54257,318,103560,500000,1.9086938090937575,0.20712,12,514,0.27,1,1,0.41,1,0,0
USR5784,67,0,57682,8,38981,200000,0.6757914080649076,0.194905,10,183,0.3,0,1,0.79,1,0,0
USR4250,22,2,17149,160,19452,500000,1.1342935448131086,0.038904,16,489,0.04,1,0,0.63,1,0,0
USR6868,48,4,42384,253,15443,200000,0.36435919214798035,0.077215,9,216,0.36,0,1,0.91,2,0,0
USR9347,48,2,59851,174,88683,500000,1.4817296285776345,0.177366,1,317,0.42,0,0,0.67,2,0,0
USR4173,59,0,21035,316,17945,200000,0.8531019729023057,0.089725,3,512,0.15,1,0,0.24,2,0,0
USR9706,54,3,7852,54,13621,200000,1.7347172694854813,0.068105,18,443,0.55,0,0,0.23,2,0,0
USR9037,64,2,38537,36,53959,100000,1.400186833432805,0.53959,6,389,0.68,0,1,0.44,0,0,0
USR1585,70,2,49311,204,66145,300000,1.3413842753138245,0.22048333333333334,19,438,0.27,1,0,0.08,1,0,0
USR3714,50,0,50408,119,1063,300000,0.021087922551975877,0.0035433333333333332,18,671,0.37,0,1,0.34,0,0,0
USR7136,49,4,9255,282,14980,100000,1.6185845488924906,0.1498,6,671,0.65,2,1,0.53,0,0,0
USR8772,26,1,37581,122,34344,100000,0.9138660493334397,0.34344,1,20,0.36,0,1,1.0,0,0,0
USR1588,58,2,35137,310,14251,100000,0.40558385747218034,0.14251,11,352,0.54,0,1,0.1,2,1,0
USR6326,56,2,47891,192,47315,500000,0.9879726879789522,0.09463,9,25,0.38,0,0,0.12,2,1,0
USR6831,34,1,46323,95,67810,500000,1.4638516503680676,0.13562,3,663,0.09,0,0,0.26,0,1,0
USR1675,37,4,57877,251,47778,100000,0.8255092696580679,0.47778,2,168,0.34,1,1,0.38,0,0,0
USR4134,37,1,23880,336,11728,300000,0.4911222780569514,0.039093333333333334,6,9,0.45,1,0,0.6,0,0,0
USR2348,68,5,36982,144,56651,100000,1.531853334054405,0.56651,12,576,0.63,3,0,0.67,0,1,0
USR8305,48,2,36750,127,25567,200000,0.6957006802721089,0.127835,4,264,0.4,0,1,0.17,0,0,0
USR6759,43,4,13984,103,1000,200000,0.07151029748283753,0.005,4,326,0.61,0,0,0.14,1,0,0
USR3566,67,5,56681,64,73949,500000,1.3046523526402145,0.147898,6,494,0.43,0,0,0.31,0,0,0
USR9148,69,2,17677,183,1000,500000,0.05657068507099621,0.002,16,217,0.39,1,0,0.56,0,0,0
USR7089,32,1,41618,206,57747,500000,1.3875486568311788,0.115494,16,84,0.3,1,0,0.43,1,0,0
USR7658,60,1,55331,276,34966,200000,0.6319423108203358,0.17483,3,387,0.69,3,0,0.06,1,0,0
USR8063,38,4,46779,358,73458,100000,1.5703200153915218,0.73458,9,251,0.72,2,0,0.79,0,1,0
USR6737,62,2,35874,53,61871,200000,1.7246752522718403,0.309355,3,429,0.73,0,0,0.77,0,1,0
USR4871,64,0,9481,269,8157,500000,0.8603522835143972,0.016314,2,633,0.79,3,0,0.58,1,0,0
USR7553,59,1,30476,160,12298,100000,0.4035306470665442,0.12298,5,461,0.55,2,0,0.45,0,0,0
USR3889,23,1,29345,328,42239,300000,1.4393934230703698,0.14079666666666665,3,240,0.81,1,0,0.61,1,1,0
USR7922,21,3,35911,320,21494,100000,0.5985352677452591,0.21494,14,455,0.69,0,0,0.44,0,0,0
USR5998,52,2,56431,149,129474,200000,2.2943772040190678,0.64737,1,121,0.66,0,1,0.9,1,0,0
USR5600,61,2,30431,168,29881,300000,0.9819263251289804,0.09960333333333334,8,120,0.05,0,0,0.04,2,0,0
USR6559,67,3,16280,16,3121,500000,0.1917076167076167,0.006242,1,610,0.35,1,0,0.77,1,0,0
USR5577,19,1,33138,274,57872,100000,1.7463938680668718,0.57872,11,342,0.83,2,1,0.07,0,1,0
USR9373,65,1,44279,96,60408,200000,1.364258452087897,0.30204,16,540,0.38,0,0,0.21,0,1,0
USR2921,55,0,37125,81,32417,100000,0.8731851851851852,0.32417,5,207,0.96,1,0,0.48,1,0,0
USR3986,23,2,10978,243,11353,500000,1.0341592275460012,0.022706,8,227,0.58,2,0,0.75,1,1,0
USR6008,67,2,50838,148,57852,500000,1.1379676619851293,0.115704,1,122,0.1,0,0,0.38,0,0,0
USR6812,44,2,17275,360,12260,200000,0.7096960926193921,0.0613,3,82,0.2,0,0,0.89,1,0,0
USR2648,36,3,15736,251,18590,300000,1.181367564819522,0.06196666666666667,7,408,0.64,0,1,0.22,1,0,0
USR8744,61,3,47719,358,52901,500000,1.108594061065823,0.105802,4,493,0.98,3,0,0.94,0,0,0
USR1346,36,0,24921,85,29743,300000,1.1934914329280526,0.09914333333333333,0,381,0.09,0,0,0.97,2,0,0
USR1884,43,1,34739,154,41176,200000,1.1852960649414204,0.20588,19,178,0.59,0,1,0.51,1,0,0
USR2510,37,2,10926,85,17494,100000,1.6011349075599488,0.17494,7,639,0.43,3,0,0.16,1,0,0
USR5297,65,4,26727,192,32161,500000,1.2033149998129233,0.064322,12,530,0.31,1,0,0.74,0,1,0
USR7850,21,3,56699,16,97416,100000,1.718125540132983,0.97416,6,590,0.84,1,0,0.83,0,1,0
USR8490,66,0,18944,110,17569,200000,0.927417652027027,0.087845,9,31,0.33,3,1,0.15,0,0,0
USR1517,39,3,14596,157,25199,300000,1.7264318991504521,0.08399666666666666,10,104,0.22,0,1,0.14,1,0,0
USR5159,66,1,59118,310,100496,200000,1.6999221895192667,0.50248,1,93,0.09,0,0,0.59,2,1,0
USR1593,41,2,58583,93,84392,100000,1.4405544270522166,0.84392,1,188,0.05,2,1,0.49,0,0,0
USR7598,33,2,48922,319,24905,200000,0.5090756714770451,0.124525,5,177,0.06,0,0,0.33,2,0,0
USR8904,45,4,34411,307,41867,200000,1.2166749004678736,0.209335,1,438,0.24,1,0,0.37,0,1,0
USR9876,52,0,30051,115,33474,500000,1.113906359189378,0.066948,10,634,0.42,1,0,0.64,0,0,0
USR4081,48,1,39501,5,46700,100000,1.1822485506696032,0.467,5,68,0.98,1,0,0.17,0,0,0
USR9201,30,5,22833,187,17196,300000,0.7531204835107081,0.05732,10,652,0.38,1,0,0.46,0,0,0
USR2778,37,4,34309,143,33742,500000,0.9834737240957183,0.067484,20,529,0.44,3,0,0.73,1,0,0
USR2306,60,1,51907,212,43366,100000,0.8354557188818463,0.43366,1,694,0.92,0,0,0.47,0,0,0
USR8962,32,0,6431,239,6044,100000,0.9398227336339605,0.06044,4,355,0.26,1,1,0.25,1,0,0
USR5585,26,2,39782,322,75411,500000,1.8956060529887888,0.150822,3,551,0.07,0,0,0.49,1,0,0
USR3175,24,0,7643,224,12472,300000,1.6318199659819443,0.04157333333333333,22,357,0.35,0,0,0.32,0,0,0
USR9421,70,1,19289,21,23354,300000,1.2107418736067188,0.07784666666666666,19,89,0.13,0,0,0.88,0,0,0
USR9255,21,4,33228,229,11090,500000,0.33375466474058024,0.02218,10,500,0.57,0,1,0.46,1,0,0
USR9989,68,3,12345,18,7846,500000,0.6355609558525719,0.015692,19,467,0.09,0,0,0.68,1,0,0
USR8935,41,2,11171,252,9190,100000,0.8226658311699937,0.0919,7,519,0.71,2,0,0.54,1,0,0
USR6816,26,0,17485,114,15002,100000,0.857992565055762,0.15002,15,441,0.14,0,0,0.66,2,1,0
USR2362,21,1,16407,119,33829,100000,2.0618638386054733,0.33829,2,463,0.55,1,0,0.06,2,0,0
USR8835,50,3,39622,344,1000,200000,0.02523850386149109,0.005,5,217,0.87,1,1,0.54,0,0,0
USR5599,64,2,15983,168,12526,300000,0.7837076894200088,0.04175333333333334,10,107,0.45,2,0,0.98,0,0,0
USR7124,33,1,21280,136,17852,500000,0.8389097744360903,0.035704,0,583,0.28,2,0,0.39,0,1,0
USR8131,45,2,56578,168,101030,200000,1.7856764113259571,0.50515,1,364,0.96,0,0,0.2,1,1,0
USR6000,63,2,15403,231,6684,200000,0.43394143997922485,0.03342,2,380,0.64,1,1,0.2,2,1,0
USR1895,61,3,19721,313,29587,200000,1.500278890522793,0.147935,2,351,0.91,0,1,0.28,2,1,0
USR9552,43,2,28551,207,51781,100000,1.8136317466988896,0.51781,0,501,0.82,1,1,0.31,0,0,0
USR8425,35,3,20149,114,7361,100000,0.3653283041342002,0.07361,5,178,0.73,1,1,0.32,0,1,0
USR2220,62,3,13004,201,22268,200000,1.712396185788988,0.11134,26,483,0.72,1,0,0.89,1,0,1
USR4109,46,0,28172,117,36349,100000,1.2902527332102798,0.36349,4,439,0.11,1,0,0.76,2,0,0
USR9225,58,4,51037,218,35776,500000,0.7009816407704215,0.071552,13,123,0.17,0,1,0.71,2,0,0
USR5563,69,1,30556,215,46269,200000,1.5142361565649953,0.231345,4,512,0.74,0,1,0.19,2,0,0
USR6567,21,3,23058,130,16458,100000,0.7137652875357794,0.16458,11,660,0.03,1,0,0.74,2,0,0
USR2638,49,0,42346,247,30541,500000,0.7212251452321352,0.061082,7,354,0.17,1,0,0.86,2,0,0
USR7685,68,2,14794,147,15915,100000,1.0757739624171963,0.15915,21,470,0.31,0,0,0.21,1,1,0
USR8675,32,0,33276,230,62384,500000,1.8747445606443083,0.124768,1,212,0.9,0,0,0.23,1,0,0
USR9802,59,1,15449,46,23413,100000,1.5155026215289016,0.23413,8,111,0.0,0,0,0.17,0,0,0
USR1516,49,2,25980,59,1000,200000,0.03849114703618168,0.005,12,261,0.98,0,0,0.11,1,0,0
USR9406,32,1,28383,227,34994,300000,1.232921114751788,0.11664666666666666,0,380,0.97,0,1,0.83,1,0,0
USR9188,31,5,34304,138,47875,100000,1.3956098414179106,0.47875,2,269,0.11,0,0,0.7,2,0,0
USR7388,53,1,54437,35,57240,300000,1.0514907140364091,0.1908,1,363,0.28,0,1,0.82,0,0,0
USR1389,31,0,16240,108,26472,300000,1.6300492610837438,0.08824,0,181,0.05,2,0,0.9,0,0,0
USR2054,52,4,26174,162,45625,100000,1.7431420493619623,0.45625,6,77,0.29,3,0,0.43,1,0,0
USR3485,67,2,54812,43,24313,100000,0.4435707509304532,0.24313,7,319,0.09,1,1,0.91,2,0,0
USR7673,64,5,31955,234,30501,100000,0.9544985135346581,0.30501,13,246,0.14,1,0,0.34,0,0,0
USR7497,55,1,19868,307,34432,200000,1.7330380511375076,0.17216,19,654,0.7,3,1,0.24,0,0,0
USR1337,20,1,26909,245,12442,200000,0.46237318369318814,0.06221,1,610,0.47,3,0,0.98,1,0,0
USR1048,54,1,7261,137,4026,300000,0.5544690813937474,0.01342,4,568,0.47,0,0,0.05,0,1,0
USR2725,49,1,29000,103,4379,100000,0.151,0.04379,14,66,0.62,2,0,0.47,2,1,0
USR8512,22,2,26180,207,21322,300000,0.8144385026737968,0.07107333333333334,0,406,0.8,0,0,0.57,0,0,0
USR5641,57,3,51628,335,77949,500000,1.5098202525761215,0.155898,1,416,0.53,1,1,0.88,1,1,0
USR5769,30,1,27207,248,20691,100000,0.7605028117763811,0.20691,0,489,0.39,0,1,0.42,0,0,0
USR3835,49,4,38755,332,27522,100000,0.7101535285769578,0.27522,7,665,0.26,0,0,0.06,2,0,0
USR1808,66,2,22373,158,30265,300000,1.3527466142225004,0.10088333333333334,14,510,0.09,1,0,0.6,1,0,0
USR6665,26,3,19376,221,21336,500000,1.1011560693641618,0.042672,9,378,0.68,2,1,0.36,0,0,0
USR8756,40,1,17497,96,14334,300000,0.8192261530548094,0.04778,3,326,0.64,1,0,0.74,0,1,0
USR2736,67,5,7282,72,18983,300000,2.6068387805547926,0.06327666666666666,2,82,0.04,1,0,0.12,1,1,0
USR7358,32,3,39587,30,64477,100000,1.6287417586581454,0.64477,3,671,0.4,0,0,0.08,2,0,0
USR1676,31,3,39591,168,46448,300000,1.1731959283675584,0.15482666666666667,8,267,0.92,3,0,0.43,0,1,0
USR9052,20,2,6141,311,9945,300000,1.6194430874450416,0.03315,15,550,0.37,3,1,0.17,1,0,0
USR3511,28,1,31167,12,35424,200000,1.1365867744730003,0.17712,10,585,0.38,3,0,0.01,0,0,0
USR5683,68,3,13767,328,1000,300000,0.07263746640517178,0.0033333333333333335,16,513,0.22,0,0,0.99,1,0,0
USR1432,42,2,44748,165,14818,100000,0.3311432913202825,0.14818,6,348,0.1,0,0,0.21,1,0,0
USR1859,26,3,55062,245,18849,200000,0.34232319930260435,0.094245,5,544,0.84,0,0,0.37,1,0,0
USR1798,53,2,5785,130,1000,300000,0.17286084701815038,0.0033333333333333335,5,658,0.34,1,0,0.54,0,1,0
USR2832,57,1,15913,158,10984,100000,0.6902532520580658,0.10984,0,173,0.84,1,0,0.36,0,0,0
USR6378,43,2,5340,169,1298,200000,0.24307116104868914,0.00649,0,617,0.97,3,0,0.56,1,0,0
USR4611,57,2,42772,78,37503,300000,0.8768119330403067,0.12501,24,232,0.4,0,0,0.99,2,0,0
USR2619,66,4,53980,17,56725,100000,1.050852167469433,0.56725,5,516,0.71,2,0,0.91,2,1,0
USR3979,41,0,57314,197,66039,500000,1.1522315664584568,0.132078,9,324,0.53,3,1,0.87,2,0,0
USR7232,68,0,31086,247,36105,200000,1.161455317506273,0.180525,3,590,0.28,1,0,0.88,0,1,0
USR4614,51,2,43635,172,42273,200000,0.9687865245788931,0.211365,19,165,0.3,1,0,0.49,2,1,0
USR9295,27,2,56098,240,1000,300000,0.01782594744910692,0.0033333333333333335,31,51,0.58,1,1,0.87,0,1,1
USR4206,53,6,53456,68,9045,100000,0.1692045794672254,0.09045,13,43,0.24,1,0,0.31,1,1,0
USR4084,29,1,30518,280,42528,100000,1.3935382397273741,0.42528,7,67,0.02,0,0,0.48,1,0,0
USR9513,67,3,17413,211,28743,100000,1.6506632975363233,0.28743,9,509,0.33,0,1,0.73,2,0,0
USR7598,43,3,24225,289,16439,200000,0.6785964912280702,0.082195,12,151,0.01,2,0,0.74,0,0,0
USR1663,51,2,47727,45,52898,300000,1.108345381021225,0.17632666666666666,7,219,0.7,1,0,0.1,0,1,0
USR4359,38,2,13605,13,30824,100000,2.2656376332230796,0.30824,12,443,0.58,3,0,0.7,0,0,0
USR2426,31,0,23514,63,1000,200000,0.042527855745513314,0.005,7,673,0.08,0,0,0.5,2,0,0
USR6861,25,2,50505,17,80241,100000,1.5887733887733888,0.80241,15,145,0.21,3,0,0.86,0,0,0
USR9843,70,1,9727,91,14567,500000,1.4975840444124602,0.029134,4,461,0.32,1,0,0.48,2,1,0
USR3724,70,3,51132,271,96575,500000,1.8887389501681922,0.19315,2,656,0.19,1,0,0.72,0,0,0
USR4820,44,4,17145,35,25447,100000,1.484222805482648,0.25447,1,319,0.82,3,0,0.8,0,0,0
USR3078,44,2,10590,24,6170,500000,0.5826251180358829,0.01234,18,375,0.16,3,0,0.88,0,1,0
USR1116,24,3,51520,351,51526,200000,1.000116459627329,0.25763,5,127,0.05,3,0,0.28,1,0,0
USR9886,25,1,19087,106,9255,100000,0.4848850002619584,0.09255,15,225,0.1,2,0,0.36,0,0,0
USR8349,53,2,36331,362,1000,100000,0.027524703421320636,0.01,3,645,0.94,0,0,0.68,2,0,0
USR7118,41,0,46430,22,1000,100000,0.021537798836958864,0.01,4,249,0.63,1,1,0.7,1,0,0
USR6885,35,0,33694,20,44814,200000,1.3300290852970855,0.22407,3,110,0.18,0,0,0.28,0,1,0
USR9500,33,0,33099,231,12139,200000,0.36674824012810053,0.060695,14,497,0.11,0,0,0.78,0,0,0
USR8792,65,1,22508,141,1000,100000,0.0444286475919673,0.01,5,366,0.87,2,0,0.48,0,1,0
USR8375,19,0,45703,44,7187,200000,0.15725444719165044,0.035935,5,448,0.05,0,0,0.77,0,0,0
USR3210,23,3,25808,280,31885,100000,1.2354696218226906,0.31885,11,431,0.65,2,0,0.8,0,0,0
USR2824,37,1,25360,347,31087,200000,1.2258280757097793,0.155435,1,651,0.74,1,0,0.32,2,1,0
USR4391,26,3,13547,115,21692,500000,1.6012401269653798,0.043384,10,361,0.78,2,0,0.54,2,0,0
USR1557,29,0,49617,118,42811,500000,0.8628292722252454,0.085622,1,252,0.49,2,1,0.4,0,0,0
USR5590,64,2,36128,24,36614,300000,1.0134521700620018,0.12204666666666666,10,674,0.68,3,0,0.31,2,1,0
USR4809,24,4,49724,174,44004,300000,0.8849650068377444,0.14668,0,537,0.37,0,1,0.18,2,1,0
USR8711,27,2,9025,176,12429,200000,1.377174515235457,0.062145,3,227,0.57,1,0,0.57,2,1,0
USR1146,32,4,28303,57,39684,300000,1.402112850227891,0.13228,11,391,0.46,3,0,0.4,0,0,0
USR2302,70,1,46448,31,50632,100000,1.0900792283844298,0.50632,11,192,0.47,1,1,0.06,1,0,0
USR3325,42,3,31423,21,31816,500000,1.0125067625624542,0.063632,7,538,0.96,1,0,0.08,2,1,0
USR1062,28,1,12659,27,18985,500000,1.4997235168654712,0.03797,8,395,0.85,2,0,0.32,0,0,0
USR3157,56,3,12006,170,3577,300000,0.2979343661502582,0.011923333333333333,12,134,0.35,2,1,0.92,0,0,0
USR9817,29,2,19824,188,33080,500000,1.668684422921711,0.06616,14,637,0.93,3,0,0.5,2,1,0
USR6722,66,1,39464,244,40360,200000,1.022704236772755,0.2018,10,583,0.24,0,0,0.5,2,0,0
USR8083,69,1,49605,355,44236,500000,0.8917649430500958,0.088472,16,55,0.55,2,0,0.43,0,1,0
USR3912,48,0,42853,251,41371,100000,0.9654166569435045,0.41371,14,355,0.9,0,0,0.67,2,0,0
USR7959,36,2,59110,303,60811,300000,1.0287768567078328,0.20270333333333335,8,328,0.26,0,0,0.44,0,0,0
USR9335,62,1,35873,165,18171,300000,0.5065369497951105,0.06057,16,361,0.7,0,1,0.4,0,1,0
USR4082,55,5,28360,27,53643,200000,1.8915021156558534,0.268215,4,332,0.96,0,1,0.76,0,0,1
USR7412,19,4,20515,35,28252,300000,1.3771386790153546,0.09417333333333333,4,101,0.22,2,0,0.32,0,0,0
USR7461,18,2,32236,31,21457,300000,0.6656222856433801,0.07152333333333333,5,131,0.89,0,0,0.0,0,0,0
USR3943,47,3,7176,188,1388,200000,0.19342251950947603,0.00694,6,32,0.75,1,0,0.92,1,0,0
USR8292,23,4,15195,282,1000,500000,0.06581112207963145,0.002,18,170,0.85,0,0,0.9,0,1,0
USR8009,40,2,17602,115,13303,200000,0.7557663901829338,0.066515,11,158,0.95,1,0,0.58,1,0,0
USR9394,66,2,15521,345,13828,100000,0.8909219766767605,0.13828,7,594,0.43,2,0,0.9,1,0,0
USR4434,38,5,40948,266,10178,500000,0.2485591481879457,0.020356,8,590,0.33,0,0,0.86,2,0,0
USR7545,31,1,36555,177,51407,100000,1.4062918889344822,0.51407,3,105,0.46,0,0,0.1,2,0,0
USR2073,63,1,20523,37,33292,300000,1.6221799931783851,0.11097333333333333,11,300,0.65,0,0,0.15,1,0,0
USR7099,28,2,54430,281,48969,200000,0.8996693000183722,0.244845,11,537,0.55,1,0,0.53,2,1,0
USR9912,67,1,43213,256,24246,500000,0.5610811561335709,0.048492,2,445,0.3,1,0,0.23,0,0,0
USR9377,68,0,27318,348,17585,100000,0.6437147668204114,0.17585,1,58,0.73,1,0,0.64,1,0,0
USR9218,38,5,21589,129,16943,500000,0.784797813701422,0.033886,0,13,1.0,1,0,0.41,1,1,0
USR8347,34,2,23375,98,14982,200000,0.6409411764705882,0.07491,7,414,0.54,0,0,0.71,0,1,0
USR6072,46,1,13712,127,20090,300000,1.465140023337223,0.06696666666666666,5,663,0.48,1,0,0.36,0,0,0
USR6023,55,2,16108,134,16430,300000,1.0199900670474298,0.054766666666666665,1,107,0.51,2,1,0.37,0,0,0
USR6200,60,6,37934,259,28425,100000,0.7493277798281225,0.28425,13,97,0.03,2,1,0.05,0,0,0
USR1840,18,1,6363,341,10403,200000,1.6349206349206349,0.052015,13,111,0.56,2,0,0.95,2,0,0
USR2188,52,2,55719,59,82268,200000,1.4764801952655289,0.41134,4,602,0.02,0,0,0.78,0,1,0
USR5625,26,0,9173,156,1000,300000,0.10901558922925979,0.0033333333333333335,3,121,0.7,3,1,0.82,2,1,0
USR4328,36,2,23624,331,21061,500000,0.8915086352861497,0.042122,9,125,0.12,0,0,0.96,2,0,0
USR2909,38,4,21835,21,2325,300000,0.1064804213418823,0.00775,14,504,0.82,0,0,0.5,0,0,0
USR3476,61,0,57429,356,95731,300000,1.6669452715526998,0.31910333333333335,21,411,0.83,1,0,0.91,1,0,0
USR8450,54,0,42327,3,32363,500000,0.7645947031445649,0.064726,2,558,0.02,0,0,0.39,0,0,0
USR1891,37,1,57101,115,98821,500000,1.7306351902768777,0.197642,0,537,0.4,1,0,0.07,1,0,0
USR9296,59,2,21402,182,14848,200000,0.6937669376693767,0.07424,7,246,0.21,0,1,0.38,0,0,0
USR7282,23,3,27742,319,53048,500000,1.9121909018816234,0.106096,2,288,0.1,0,0,0.28,2,0,0
USR9397,40,1,34240,248,33679,200000,0.9836156542056075,0.168395,3,676,0.98,3,0,0.1,2,1,0
USR5091,48,3,19256,194,6451,300000,0.3350124636476942,0.021503333333333333,7,341,0.26,0,1,0.21,0,0,0
USR2979,66,1,10755,237,22833,300000,2.123012552301255,0.07611,9,18,0.14,0,0,0.6,1,0,0
USR1182,20,2,7600,358,8499,500000,1.1182894736842106,0.016998,0,164,0.62,2,1,0.65,0,0,0
USR7684,52,1,21194,59,34007,500000,1.6045578937435123,0.068014,10,275,0.45,1,1,0.67,1,0,0
USR6501,40,2,23689,285,20634,100000,0.8710371902570814,0.20634,8,367,0.59,0,0,0.7,0,0,0
USR1175,30,2,47051,252,49014,100000,1.0417206860640582,0.49014,11,353,0.94,0,0,0.22,0,0,0
USR1246,48,3,10285,51,4950,200000,0.48128342245989303,0.02475,4,379,0.75,0,0,0.91,1,1,0
USR6113,19,1,8676,349,1000,100000,0.11526048870447211,0.01,10,663,1.0,0,0,0.23,0,1,0
USR4538,27,3,15278,281,17975,300000,1.176528341405943,0.05991666666666667,4,467,0.74,1,1,0.01,1,1,0
USR7383,51,1,41932,213,17449,500000,0.416126108938281,0.034898,9,328,0.22,0,0,0.6,0,1,0
USR1650,55,2,6361,297,8268,100000,1.2997956296179847,0.08268,9,314,0.93,1,0,0.54,0,1,0
USR1045,25,1,36552,298,57991,200000,1.5865342525716788,0.289955,0,537,0.43,2,1,0.21,1,0,0
USR8042,56,5,24642,40,56302,100000,2.2847983118253388,0.56302,0,622,0.25,0,0,0.71,0,1,1
USR7616,63,2,10668,241,8130,300000,0.7620922384701913,0.0271,17,217,0.5,0,0,0.79,0,0,0
USR7468,61,1,36957,148,21648,300000,0.585761831317477,0.07216,6,473,0.49,0,0,0.93,0,0,0
USR6069,23,0,30398,209,43845,500000,1.4423646292519245,0.08769,4,108,0.11,1,1,0.52,2,1,0
USR1706,39,6,37963,173,35591,100000,0.9375181097384295,0.35591,12,609,0.55,0,0,0.25,1,0,0
USR3426,27,1,8927,140,5348,300000,0.5990814383331466,0.017826666666666668,14,43,0.91,1,1,0.95,0,0,0
USR3600,20,1,20721,195,9523,300000,0.45958206650258193,0.03174333333333333,0,435,0.32,2,0,0.9,0,0,0
USR5650,61,0,23978,100,28412,500000,1.1849195095504212,0.056824,11,303,0.79,0,0,0.88,0,1,0
USR7397,45,2,32518,288,10997,300000,0.33818193000799557,0.036656666666666664,8,563,0.67,0,1,0.18,0,1,0
USR1360,26,2,10520,14,14430,100000,1.3716730038022813,0.1443,9,280,0.53,1,1,0.79,2,1,0
USR7613,31,2,9733,188,5589,500000,0.5742319942463783,0.011178,4,584,0.11,1,1,0.22,1,0,0
USR8296,22,2,40062,141,20463,200000,0.5107832859068444,0.102315,1,669,0.34,0,0,0.75,2,0,0
USR5003,25,5,42865,14,42876,300000,1.0002566196197364,0.14292,4,203,0.41,1,0,0.87,2,0,0
USR6754,59,2,10552,304,15348,500000,1.454510993176649,0.030696,5,166,0.44,0,0,0.98,0,0,0
USR3608,39,1,20810,83,21287,200000,1.0229216722729457,0.106435,5,324,0.42,0,1,0.02,0,1,0
USR7794,54,1,55940,18,87402,200000,1.5624240257418662,0.43701,4,195,0.22,0,1,0.71,0,1,0
USR3747,57,6,30963,58,51332,100000,1.6578496915673546,0.51332,0,230,0.45,2,0,0.18,0,0,0
USR4727,38,3,42405,22,19581,500000,0.46176158471878315,0.039162,0,94,0.04,0,0,0.48,2,1,0
USR3190,64,1,57558,288,64172,100000,1.1149101775600263,0.64172,1,399,0.07,3,0,0.38,2,0,0
USR6448,31,4,19162,302,20898,200000,1.090595971192986,0.10449,3,272,0.61,1,1,0.71,2,0,0
USR8649,30,2,48626,19,43281,500000,0.8900793814008966,0.086562,11,64,0.83,1,0,0.84,0,0,0
USR9501,25,2,49535,353,27714,200000,0.5594831937014232,0.13857,6,678,0.77,2,0,0.58,0,0,0
USR5900,24,4,59482,38,109567,100000,1.842019434450758,1.09567,11,292,0.17,0,0,0.19,1,0,0
USR1549,66,7,31069,285,16284,100000,0.5241237246129583,0.16284,14,134,0.41,0,0,0.71,1,1,0
USR2963,19,2,45172,79,35130,200000,0.7776941468166121,0.17565,5,28,0.91,1,0,0.51,1,1,0
USR4577,60,1,23945,113,21563,500000,0.9005220296512841,0.043126,2,385,0.45,1,1,0.96,0,1,0
USR7203,69,2,58442,119,64467,100000,1.1030936655145271,0.64467,10,684,0.32,1,0,0.27,0,0,0
USR5696,37,1,53908,155,87527,100000,1.6236365660013357,0.87527,9,89,0.06,3,0,0.78,2,0,0
USR7199,18,6,34063,50,41209,500000,1.2097877462349176,0.082418,6,561,0.04,1,0,0.67,1,0,0
USR6207,50,3,29476,146,63020,100000,2.1380105848826165,0.6302,0,452,0.09,0,1,0.75,1,0,0
USR7678,32,8,28386,265,11070,500000,0.38998097653772984,0.02214,4,533,0.02,2,0,0.36,1,0,0
USR6952,34,3,40618,328,46456,200000,1.143729381062583,0.23228,9,185,0.31,0,0,0.13,0,0,0
USR1626,35,1,51287,167,1000,500000,0.019498118431571353,0.002,6,618,0.39,0,1,0.07,0,0,0
USR1547,66,3,43163,272,70474,300000,1.632741005027454,0.23491333333333334,7,669,0.38,1,0,0.37,0,0,0
USR8994,32,3,35257,253,58917,200000,1.6710724111523954,0.294585,10,244,0.72,0,0,0.59,0,0,0
USR1578,47,0,33554,64,24743,100000,0.7374083566787865,0.24743,14,519,0.86,0,1,0.11,0,0,0
USR7238,47,2,5570,110,8950,500000,1.606822262118492,0.0179,16,476,0.28,1,0,0.16,1,0,0
USR4899,25,2,14941,151,3100,200000,0.20748276554447492,0.0155,23,408,0.95,0,0,0.06,1,0,0
USR7443,27,1,12226,6,18435,200000,1.5078521184361198,0.092175,9,44,0.8,3,0,0.96,0,0,0
USR6697,35,2,24404,336,41743,100000,1.7104982789706606,0.41743,8,642,0.64,1,0,0.08,1,1,0
USR8437,66,1,58034,221,29918,200000,0.5155253816728125,0.14959,4,128,0.61,0,0,0.88,1,0,0
USR7632,42,2,28596,250,49405,200000,1.7276891872989228,0.247025,1,21,0.88,2,1,0.13,2,1,0
USR6164,35,1,21848,159,25631,500000,1.1731508604906629,0.051262,6,534,0.47,0,0,0.85,0,1,0
USR9118,32,0,19715,354,23773,100000,1.2058331219883338,0.23773,8,698,0.94,0,0,0.09,0,1,0
USR5484,65,1,40179,67,37864,200000,0.9423828368052963,0.18932,4,459,0.06,3,0,0.94,1,1,0
USR8756,67,0,50838,236,1000,500000,0.01967032534718124,0.002,2,374,0.8,1,0,0.33,2,1,0
USR4581,23,1,47043,234,34377,200000,0.7307569670301639,0.171885,14,275,0.35,2,1,0.3,0,0,0
USR1864,40,3,17453,176,17123,300000,0.9810920758608835,0.057076666666666664,0,124,0.3,2,0,0.56,0,0,0
USR8462,39,1,50541,52,29145,300000,0.5766605330325874,0.09715,14,415,0.31,1,0,0.0,1,1,0
USR7263,18,2,56934,326,88204,300000,1.5492324445849581,0.29401333333333335,1,302,0.06,3,0,0.42,0,0,0
USR6628,31,3,50991,72,17977,300000,0.35255241120982134,0.059923333333333335,10,17,0.04,1,0,0.13,0,0,0
USR3857,69,3,44892,109,90754,200000,2.02160741334759,0.45377,5,526,0.49,3,0,0.48,1,0,0
USR7412,18,3,10558,169,6035,200000,0.5716044705436636,0.030175,19,681,0.51,1,1,0.9,0,0,0
USR3075,57,5,25789,246,30363,500000,1.1773624413509636,0.060726,6,379,0.37,1,1,0.66,0,0,0
USR2434,66,1,21436,115,9749,300000,0.4547956708341108,0.03249666666666667,0,9,0.18,0,0,0.83,1,0,0
USR1704,30,4,30805,51,25171,300000,0.8171076124005843,0.08390333333333333,11,458,0.73,1,0,0.57,1,1,0
USR8139,47,2,31910,76,39733,100000,1.2451582575994986,0.39733,3,430,0.25,2,0,0.26,0,0,0
USR7603,62,0,15878,288,10344,200000,0.6514674392240837,0.05172,7,442,0.38,0,0,0.23,0,1,0
USR1788,70,2,21279,97,31864,500000,1.497438789416796,0.063728,5,168,0.04,0,0,0.29,2,0,0
USR2971,34,1,15938,78,23035,100000,1.4452879909649894,0.23035,13,469,0.62,0,0,0.76,2,0,0
USR8717,28,3,35957,320,27650,500000,0.7689740523402954,0.0553,9,90,0.03,3,0,0.2,1,0,0
USR3428,57,2,34896,285,67021,300000,1.9205926180651078,0.22340333333333334,4,267,0.12,0,0,0.63,2,0,0
USR9727,69,5,8791,354,5785,500000,0.6580593789102491,0.01157,8,134,0.61,1,0,0.28,1,0,0
USR6534,66,1,41071,200,88197,100000,2.147427625331743,0.88197,12,178,0.21,0,0,0.56,1,0,0
USR4693,54,4,30068,85,31837,300000,1.0588333111613675,0.10612333333333333,16,307,0.78,0,0,0.23,0,0,0
USR4247,39,1,28666,13,49450,500000,1.7250401172120282,0.0989,19,133,0.65,2,0,0.19,0,0,0
USR7077,61,2,37323,212,52486,500000,1.4062642338504407,0.104972,4,577,0.34,2,1,0.46,0,0,0
USR7282,38,2,32323,133,20609,300000,0.6375955202178015,0.06869666666666667,4,78,0.44,3,1,0.26,1,0,0
USR2720,60,3,53847,181,8990,200000,0.1669545192861255,0.04495,4,48,0.16,1,1,0.24,0,0,0
USR9420,34,2,15988,85,16805,300000,1.0511008256192145,0.056016666666666666,17,25,0.25,3,0,0.47,2,0,0
USR2442,53,6,15703,264,13859,200000,0.8825702095141056,0.069295,17,275,0.86,1,1,0.25,0,0,0
USR1467,20,4,7230,152,6603,100000,0.9132780082987552,0.06603,1,604,0.73,1,0,0.94,0,0,0
USR6417,24,3,39812,291,1000,500000,0.02511805485783181,0.002,8,54,0.49,2,1,0.3,0,1,0
USR4324,36,2,30464,107,1169,300000,0.038373161764705885,0.0038966666666666668,3,393,0.05,0,0,0.22,2,0,0
USR8089,32,0,54242,234,116384,500000,2.145643597212492,0.232768,12,514,0.9,1,1,0.4,0,0,0
USR8596,28,1,9298,157,8613,300000,0.9263282426328243,0.02871,6,166,0.58,1,0,0.46,1,0,0
USR3783,67,0,39028,348,5668,200000,0.1452290663113662,0.02834,9,107,0.9,0,1,0.78,0,0,0
USR1106,60,3,9006,262,10398,500000,1.1545636242504997,0.020796,3,427,0.3,2,0,0.94,0,1,0
USR7977,21,4,34345,176,25821,200000,0.7518124909011501,0.129105,21,16,0.23,0,0,0.61,0,0,0
USR2738,44,2,25884,221,21949,200000,0.8479755833719672,0.109745,7,575,0.9,0,0,0.79,0,0,0
USR7049,68,1,13848,161,10187,300000,0.735629693818602,0.03395666666666667,14,285,0.91,0,1,0.57,0,0,0
USR5654,45,1,50710,356,38191,200000,0.7531256162492606,0.190955,15,131,0.46,3,0,0.3,0,1,0
USR6861,26,1,18269,188,16712,200000,0.914773660298867,0.08356,0,573,0.6,2,0,0.94,0,1,0
USR5543,34,1,7618,48,8351,300000,1.0962194801785246,0.027836666666666666,6,503,0.56,3,0,0.71,1,0,0
USR9819,70,0,19719,270,20617,200000,1.045539834677215,0.103085,6,563,0.77,1,0,0.04,2,0,0
USR5993,63,2,14890,313,25245,500000,1.6954331766286097,0.05049,3,163,0.81,2,0,0.61,2,0,0
USR7023,46,1,42952,27,84084,200000,1.9576271186440677,0.42042,3,217,0.53,0,1,0.54,0,0,0
USR8857,55,1,52101,278,40314,100000,0.773766338457995,0.40314,3,114,0.83,1,0,0.04,0,0,0
USR8754,32,1,56436,38,38114,500000,0.6753490679707987,0.076228,8,180,0.32,0,0,0.97,0,0,0
USR9025,50,1,55113,30,62561,100000,1.1351405294576598,0.62561,11,486,0.63,1,0,0.4,1,1,0
USR8103,31,3,28099,22,44081,100000,1.5687746894907293,0.44081,4,543,0.66,0,0,0.01,0,0,0
USR6634,40,2,8164,249,7253,100000,0.8884125428711416,0.07253,8,124,0.84,2,0,0.48,1,0,0
USR9342,68,2,7671,206,8375,200000,1.091774214574371,0.041875,13,77,0.83,0,0,0.71,2,1,0
USR6198,54,2,46938,170,83775,200000,1.7848012271507094,0.418875,3,28,0.81,1,1,0.95,0,0,0
USR7764,34,2,32386,79,28922,300000,0.8930402025566603,0.09640666666666667,4,357,0.43,0,1,0.3,1,0,0
USR5202,39,1,21508,340,12280,500000,0.5709503440580249,0.02456,2,140,0.55,0,0,0.42,0,0,0
USR5305,27,1,40183,151,73708,300000,1.8343080407137347,0.24569333333333335,3,576,0.72,1,0,0.69,1,0,0
USR4512,47,2,16618,84,5324,100000,0.3203754964496329,0.05324,8,267,0.23,1,0,0.02,2,0,0
USR4306,45,2,7941,341,5111,100000,0.6436217101120766,0.05111,5,218,0.04,0,0,0.57,1,1,0
USR2220,46,1,6881,241,2343,300000,0.3405028338904229,0.00781,0,245,0.7,1,0,0.36,0,0,0
USR8707,50,1,53601,169,84203,300000,1.5709221842876067,0.2806766666666667,2,283,0.27,2,0,0.9,0,1,0
USR8593,48,2,23443,19,7099,200000,0.30281960499936017,0.035495,3,181,0.22,1,0,0.32,1,0,0
USR7100,52,1,54241,197,50639,500000,0.9335926697516639,0.101278,1,331,0.34,1,1,0.87,1,0,0
USR2251,20,0,27927,352,48251,200000,1.7277545028108998,0.241255,4,484,0.87,3,0,0.76,2,1,0
USR4230,35,3,17748,96,31896,300000,1.7971602434077079,0.10632,8,23,0.76,0,1,0.15,1,1,0
USR1943,53,1,30763,92,12496,200000,0.40620225595683124,0.06248,4,456,0.17,0,0,0.83,2,0,0
USR9489,26,3,23293,264,30607,500000,1.3139999141372944,0.061214,3,203,0.9,0,0,0.3,2,0,0
USR8711,31,1,36301,9,42408,300000,1.1682322801024765,0.14136,8,117,0.14,3,0,0.55,1,0,0
USR5781,37,0,33164,273,42750,500000,1.2890483656977445,0.0855,0,482,0.36,0,0,0.67,1,0,0
USR1705,29,1,44560,249,68434,300000,1.5357719928186715,0.22811333333333333,20,622,0.87,0,0,0.29,1,1,0
USR6804,58,2,54281,75,104428,500000,1.9238407545918461,0.208856,14,514,0.5,0,1,0.64,0,0,0
USR1840,23,0,55078,273,85746,200000,1.5568103416972294,0.42873,10,354,0.56,0,0,0.78,1,0,0
USR2634,59,0,29881,180,26366,500000,0.8823667213279341,0.052732,7,480,0.49,3,0,0.2,0,0,0
USR6787,53,4,15770,168,24289,100000,1.5402029169308815,0.24289,9,226,0.32,3,0,0.68,0,1,0
USR9854,56,4,41635,321,23266,500000,0.5588086946079021,0.046532,11,112,0.69,1,0,0.23,0,0,0
USR3492,30,2,34092,234,10265,500000,0.3010970315616567,0.02053,10,381,0.12,1,0,0.7,1,0,0
USR1031,64,0,34007,58,28167,300000,0.8282706501602611,0.09389,10,449,0.93,1,0,0.33,2,0,0
USR2066,43,1,47847,242,60280,200000,1.2598491023470646,0.3014,9,209,0.48,1,0,0.78,2,0,0
USR5404,65,4,53321,5,105219,200000,1.973312578533786,0.526095,21,340,0.5,1,0,0.07,1,1,0
USR9550,27,0,29209,317,33828,200000,1.1581361909000651,0.16914,3,568,0.86,1,0,0.15,2,0,0
USR8074,26,6,32564,194,39746,100000,1.2205503009458298,0.39746,7,278,0.3,0,0,0.0,0,0,0
USR3324,62,1,15900,315,27468,300000,1.7275471698113207,0.09156,19,700,0.02,0,1,0.73,1,0,0
USR9910,56,2,19022,230,21330,100000,1.1213331931447796,0.2133,4,394,0.92,0,0,0.46,1,0,0
USR2337,46,3,27394,170,37853,200000,1.3817989340731547,0.189265,3,241,0.01,0,0,0.32,0,1,0
USR3818,22,1,56389,283,95980,200000,1.7021050204827182,0.4799,7,241,0.96,0,0,0.57,0,1,0
USR5641,56,1,45542,69,84295,200000,1.8509288129638575,0.421475,6,287,0.39,0,1,0.24,1,1,0
USR5824,67,0,37467,251,19579,200000,0.5225665252088505,0.097895,4,36,0.07,0,0,0.89,1,0,0
USR4293,44,2,29704,203,59581,300000,2.0058241314301104,0.19860333333333333,1,583,0.68,2,0,0.32,0,0,0
USR8760,54,0,52234,271,78648,300000,1.5056859516789831,0.26216,15,23,0.12,0,1,0.57,1,0,0
USR3814,50,2,45722,278,66160,200000,1.4470058177682517,0.3308,17,413,0.19,0,0,0.03,1,0,0
USR4334,33,1,47932,27,29663,500000,0.6188558791621463,0.059326,11,367,0.23,2,0,0.55,2,0,0
USR6115,30,2,38691,221,54305,300000,1.4035563826212814,0.18101666666666666,15,453,0.83,3,1,0.98,2,1,0
USR5489,56,1,55954,311,93013,100000,1.6623118990599421,0.93013,9,602,0.04,3,0,0.5,0,0,0
USR3378,27,2,29489,32,9961,100000,0.3377869714130693,0.09961,7,337,0.89,0,0,0.07,0,0,0
USR7576,53,6,58044,259,45012,300000,0.7754806698366756,0.15004,4,28,0.77,0,1,0.7,2,1,0
USR9386,68,2,19342,233,1000,200000,0.05170096163788646,0.005,3,680,0.93,0,0,0.25,0,0,0
USR9439,36,0,45475,62,1000,100000,0.02199010445299615,0.01,13,357,0.82,2,0,0.47,0,0,0
USR1451,37,0,32405,226,41313,300000,1.274895849405956,0.13771,1,611,1.0,3,1,0.45,0,1,0
USR3822,24,2,19327,224,36876,100000,1.9080043462513583,0.36876,17,526,0.46,2,0,0.4,0,0,0
USR1484,26,3,36728,72,35021,500000,0.9535231975604443,0.070042,3,619,0.6,1,0,0.58,2,1,0
USR6623,46,2,20284,234,17820,100000,0.8785249457700651,0.1782,6,44,0.62,0,1,0.7,0,0,0
USR1707,43,1,50512,326,24582,500000,0.48665663604688,0.049164,2,218,0.53,0,0,0.68,1,0,0
USR6706,19,1,59427,99,31945,300000,0.5375502717619937,0.10648333333333333,2,585,0.15,0,0,0.43,2,0,0
USR3113,32,1,42167,97,33851,500000,0.8027841677140892,0.067702,9,302,0.5,1,0,0.2,0,0,0
USR7467,53,3,53217,147,59458,500000,1.117274555123363,0.118916,5,530,0.12,3,1,0.88,0,0,0
USR1175,33,2,14927,257,13653,100000,0.9146513030079721,0.13653,17,423,0.42,0,0,1.0,1,0,0
USR7197,53,0,7080,99,8773,100000,1.2391242937853106,0.08773,2,136,0.62,0,0,0.34,0,0,0
USR1336,57,1,31140,185,18529,100000,0.5950224791265254,0.18529,2,212,0.44,1,1,0.64,0,1,0
USR6887,43,1,23690,145,21168,200000,0.8935415787252005,0.10584,4,80,0.75,0,0,0.91,1,1,0
USR2452,41,2,46850,132,1000,100000,0.021344717182497332,0.01,14,278,0.8,2,0,0.55,1,0,0
USR4801,19,4,27366,365,64678,100000,2.3634436892494337,0.64678,13,683,0.22,0,1,0.63,0,0,0
USR2367,69,1,11559,174,15020,500000,1.2994203650834848,0.03004,10,336,0.28,1,0,0.84,1,0,0
USR9885,27,2,56322,299,43220,500000,0.7673733177088882,0.08644,2,522,0.2,2,1,0.39,0,1,0
USR7697,41,0,56822,84,45097,200000,0.7936538664601739,0.225485,10,97,0.19,0,0,0.47,0,0,0
USR9346,63,0,34122,188,36712,100000,1.0759041087861203,0.36712,0,23,0.57,0,0,0.88,1,0,0
USR5892,58,2,7062,334,9639,200000,1.364910790144435,0.048195,10,292,0.9,2,0,0.52,0,0,0
USR1426,48,2,43599,82,31708,500000,0.7272643867978623,0.063416,4,123,0.17,0,0,0.13,1,0,0
USR8460,52,0,35063,216,15638,100000,0.4459972050309443,0.15638,9,265,0.06,0,1,0.69,1,1,0
USR9391,27,1,57413,266,91096,500000,1.5866789751450021,0.182192,10,574,0.08,3,0,0.0,1,0,0
USR3756,52,3,35951,205,56500,500000,1.5715835442685877,0.113,20,629,0.02,2,0,0.99,0,0,0
USR5538,56,0,46863,240,61737,500000,1.3173932526726841,0.123474,6,502,0.11,3,0,0.49,0,0,0
USR4855,57,1,30425,303,41756,200000,1.3724239934264586,0.20878,14,269,0.55,0,1,0.48,2,0,0
USR7696,54,1,34809,198,65436,100000,1.8798586572438163,0.65436,16,694,0.84,1,0,0.32,1,0,0
USR7293,26,5,11869,169,15431,100000,1.3001095290251916,0.15431,1,137,0.33,2,0,0.73,2,0,0
USR3050,64,5,19745,203,23371,500000,1.1836414282096734,0.046742,12,335,0.46,3,1,0.68,2,0,0
USR1983,33,2,28067,147,11805,300000,0.4206007054548046,0.03935,19,398,0.13,1,1,0.16,0,0,0
USR2917,23,5,36658,322,52835,100000,1.4412952152326914,0.52835,19,112,0.94,3,0,0.35,0,0,0
USR1170,69,2,39650,95,6416,100000,0.1618158890290038,0.06416,8,153,0.74,3,0,0.03,2,0,0
USR5145,45,3,34320,302,23095,100000,0.6729312354312355,0.23095,18,504,0.2,0,0,0.51,0,0,0
USR2619,62,0,16440,158,12512,200000,0.7610705596107056,0.06256,1,245,0.42,0,0,0.6,0,0,0
USR2534,28,2,39949,261,35111,500000,0.8788955918796465,0.070222,8,226,0.09,3,0,0.32,1,0,0
USR8062,26,0,50826,15,47376,200000,0.9321213552118994,0.23688,4,424,0.09,1,0,0.63,1,1,0
USR5066,54,2,56200,306,63924,100000,1.1374377224199288,0.63924,14,265,0.89,0,0,0.6,1,0,0
USR4721,69,5,23255,225,14473,500000,0.6223607826273919,0.028946,0,655,0.31,3,1,0.56,0,0,0
USR4502,33,3,23982,288,37162,100000,1.5495788508047703,0.37162,11,305,0.71,3,0,0.58,1,1,0
USR5111,29,0,42244,254,76130,300000,1.8021494176687813,0.25376666666666664,15,285,0.8,2,1,0.93,0,1,1
USR9010,47,0,29162,356,60156,200000,2.06282148000823,0.30078,9,613,0.66,1,1,0.81,0,0,0
USR7447,23,2,12788,207,5319,300000,0.4159368157647795,0.01773,14,95,0.88,1,1,0.05,0,1,0
USR1213,52,2,43498,201,33246,200000,0.7643110028047266,0.16623,4,561,0.36,3,0,0.91,0,1,0
USR8556,32,0,37966,104,19588,100000,0.5159353105410104,0.19588,7,679,0.21,3,1,0.98,2,1,0
USR4081,55,4,27616,165,20244,200000,0.733053302433372,0.10122,1,321,0.05,0,1,0.18,2,0,0
USR8354,33,4,49130,332,105072,500000,2.1386525544473844,0.210144,1,330,0.75,1,1,0.23,0,0,0
USR7397,18,1,39158,272,50535,500000,1.2905408856427805,0.10107,10,92,0.32,2,0,0.77,1,0,0
USR3216,57,1,59883,181,5694,100000,0.09508541656229648,0.05694,3,283,0.06,2,0,0.49,2,0,0
USR8799,61,0,25039,157,27768,200000,1.1089899756380046,0.13884,0,617,0.49,2,1,0.55,0,0,0
USR7092,35,5,56333,272,17990,500000,0.31935100207693534,0.03598,15,493,0.5,0,0,0.65,0,0,0
USR5074,58,1,33129,49,32843,500000,0.991367080201636,0.065686,4,245,0.08,0,0,0.68,0,0,0
USR8134,70,3,57949,7,93742,100000,1.617663807831024,0.93742,12,162,0.68,0,0,0.25,2,0,0
USR3548,62,2,56482,91,74753,300000,1.323483587691654,0.24917666666666666,13,65,0.64,0,0,0.4,0,0,0
USR1881,59,2,16695,97,20489,200000,1.2272536687631028,0.102445,9,99,0.71,0,0,0.11,0,0,0
USR9469,23,4,49659,250,43075,500000,0.8674157755895205,0.08615,1,437,0.89,0,1,0.05,1,0,0
USR6684,70,3,58634,318,92362,200000,1.5752293890916533,0.46181,8,46,0.13,0,0,0.98,0,1,0
USR6017,21,3,46505,182,6438,200000,0.1384367272336308,0.03219,4,18,0.34,0,0,0.52,2,0,0
USR1345,60,3,26029,46,23670,500000,0.9093703177225403,0.04734,0,442,0.47,1,0,0.45,0,0,0
USR6292,21,3,55197,38,72094,100000,1.3061217095131983,0.72094,2,284,0.65,2,0,0.42,0,0,0
USR9027,24,1,41993,144,47090,200000,1.1213773724192126,0.23545,10,482,0.75,1,0,0.31,1,1,0
USR8792,37,2,52922,264,8178,200000,0.15452930728241562,0.04089,2,524,0.0,0,0,0.92,0,0,0
USR6755,23,2,14637,337,19860,300000,1.3568354170936667,0.0662,8,208,0.72,3,1,0.23,0,1,0
USR3872,54,2,28834,329,53553,300000,1.8572865367274745,0.17851,5,496,0.72,1,0,0.11,1,0,0
USR1421,62,0,33229,296,28085,100000,0.8451954617954197,0.28085,2,468,0.75,1,0,0.27,0,0,0
USR7097,18,1,40509,265,23683,300000,0.5846355130958553,0.07894333333333334,9,630,0.68,3,0,0.51,0,0,0
USR9386,40,2,7809,298,5240,100000,0.671020617236522,0.0524,6,278,0.81,1,0,0.32,2,1,0
USR3468,55,2,59339,85,69607,200000,1.1730396535162373,0.348035,1,296,0.35,0,0,0.01,0,0,0
USR9958,48,1,32314,160,6349,200000,0.1964783066163273,0.031745,7,60,0.43,0,0,0.06,2,1,0
USR3849,26,1,18276,130,1000,300000,0.05471656817684395,0.0033333333333333335,5,538,0.11,0,0,0.95,0,0,0
USR9971,54,0,57982,360,89603,200000,1.5453589044875995,0.448015,9,268,0.92,0,0,0.72,0,0,0
USR1204,30,1,31081,357,34457,100000,1.1086194137897751,0.34457,16,608,0.08,3,0,0.96,0,0,0
USR7912,47,2,5060,211,1000,200000,0.1976284584980237,0.005,5,15,0.12,0,0,0.84,0,0,0
USR2434,64,1,16962,18,15289,300000,0.9013677632354675,0.05096333333333333,7,347,0.28,1,0,0.29,0,0,0
USR9944,38,2,58855,1,27327,200000,0.4643105938322997,0.136635,10,463,0.31,0,1,0.5,2,1,0
USR8205,66,3,15740,262,28150,200000,1.7884371029224904,0.14075,2,255,0.22,0,1,0.19,0,0,0
USR8188,23,2,54178,134,41733,500000,0.77029421536417,0.083466,5,390,0.18,1,0,0.39,0,0,0
USR9947,68,1,55742,226,56811,500000,1.0191776398406946,0.113622,16,671,0.62,1,0,0.48,0,0,0
USR5165,21,4,56880,232,97215,200000,1.7091244725738397,0.486075,9,471,0.07,0,1,0.33,2,0,0
USR3366,56,2,40398,133,53422,300000,1.3223921976335462,0.17807333333333333,13,534,0.55,3,0,0.24,2,0,0
USR5379,62,5,27559,239,45596,100000,1.6544867375449037,0.45596,2,473,0.2,1,0,0.47,1,0,0
USR4050,30,2,12366,103,2607,500000,0.21081999029597284,0.005214,2,439,0.41,1,0,0.07,2,0,0
USR1864,55,3,24572,208,13898,200000,0.5656031255087091,0.06949,4,173,0.15,3,0,0.3,2,0,0
USR8338,52,0,9920,76,9878,100000,0.995766129032258,0.09878,4,427,0.12,1,0,0.31,0,1,0
USR4533,35,3,23122,199,18456,300000,0.7982008476775365,0.06152,6,177,0.28,0,1,0.08,1,0,0
USR6309,44,3,6552,25,11764,200000,1.7954822954822955,0.05882,0,88,0.34,2,0,0.95,2,0,0
USR3607,29,3,37922,142,3048,300000,0.08037550762090608,0.01016,4,23,0.74,3,0,0.92,1,0,0
USR2019,57,3,23100,211,1000,200000,0.04329004329004329,0.005,9,619,0.43,1,0,0.31,0,0,0
USR4525,31,6,44779,329,56314,200000,1.257598427834476,0.28157,9,487,0.4,1,0,0.05,0,0,0
USR1335,62,2,8228,107,19379,300000,2.3552503646086533,0.06459666666666666,0,546,0.48,2,0,0.66,0,0,0
USR3920,60,1,50254,128,36156,200000,0.7194651172046006,0.18078,5,592,0.38,0,0,0.11,0,0,0
USR3457,50,2,16549,335,39031,100000,2.35851108828328,0.39031,11,274,0.68,0,0,0.67,2,1,0
USR5838,57,2,32369,105,51019,100000,1.5761685563347647,0.51019,9,322,0.55,1,1,0.15,0,0,0
USR2399,54,6,55684,6,34276,200000,0.6155448602830257,0.17138,35,138,0.18,0,0,0.11,2,0,0
USR7739,21,3,9575,134,7206,100000,0.7525848563968668,0.07206,13,184,0.87,3,1,0.09,0,0,0
USR1952,67,2,17479,112,23129,200000,1.3232450369014246,0.115645,11,112,0.79,0,0,0.12,1,0,0
USR3582,44,1,51233,339,48375,100000,0.9442156422618234,0.48375,4,586,0.56,2,0,0.86,0,0,0
USR9642,42,5,41077,69,73469,200000,1.7885678116707646,0.367345,7,528,0.1,0,0,0.79,2,0,0
USR1777,64,2,51476,339,83383,200000,1.6198422565855932,0.416915,14,364,0.9,0,0,0.58,0,0,0
USR3107,45,0,8083,25,10538,100000,1.3037238649016454,0.10538,17,481,0.19,0,0,0.67,0,0,0
USR9011,43,3,6674,44,8336,500000,1.2490260713215462,0.016672,0,433,0.81,0,0,0.26,1,1,0
USR3128,48,3,28508,137,22493,100000,0.789006594640101,0.22493,8,269,0.07,3,0,0.89,0,0,0
USR4669,55,1,50465,182,1000,100000,0.019815713861091846,0.01,3,109,0.92,2,0,0.01,1,0,0
USR5138,23,3,20047,38,7720,300000,0.3850950266872849,0.025733333333333334,1,209,0.28,1,1,0.46,0,0,0
USR9392,28,3,47955,39,27380,200000,0.57095193410489,0.1369,1,441,0.5,2,0,0.77,0,0,0
USR4946,18,0,49825,84,93123,300000,1.8690015052684394,0.31041,4,560,0.4,1,1,0.42,0,1,0
USR3319,18,4,36406,107,25097,300000,0.6893643904850849,0.08365666666666667,5,281,0.45,2,0,0.58,2,0,0
USR2577,38,2,49924,164,41291,200000,0.8270771572790642,0.206455,9,596,0.4,1,0,0.99,0,0,0
USR7903,59,3,59872,3,90845,300000,1.517320283270978,0.3028166666666667,5,7,0.46,2,0,0.48,0,0,0
USR8816,28,2,26271,258,11294,200000,0.42990369609074647,0.05647,4,270,0.17,3,0,0.55,0,0,0
USR6900,22,1,30938,80,48246,500000,1.559441463572306,0.096492,2,599,0.56,1,0,0.51,0,0,0
USR7877,30,0,32594,313,37000,100000,1.1351782536663189,0.37,19,360,0.86,1,0,0.69,0,0,0
USR4246,18,0,11022,15,11843,100000,1.0744873888586464,0.11843,11,200,0.13,3,1,0.58,1,0,0
USR5837,47,5,10812,260,16493,200000,1.52543470218276,0.082465,2,241,0.48,3,0,0.67,0,0,0
USR7162,18,1,26646,95,35791,200000,1.3432034826990917,0.178955,0,459,0.47,3,0,0.23,0,0,0
USR1425,49,1,27356,350,8098,300000,0.2960228103523907,0.026993333333333334,5,510,0.98,3,0,0.21,1,0,0
USR9953,51,0,38757,328,29283,300000,0.7555538354361793,0.09761,17,523,0.57,0,1,0.02,0,0,0
USR7389,19,0,45843,296,4246,100000,0.09262046550182143,0.04246,1,676,0.04,1,0,0.51,0,0,0
USR9504,39,3,32105,96,35322,200000,1.100202460675907,0.17661,9,407,0.36,2,1,0.94,0,0,0
USR7460,35,1,16831,293,23595,200000,1.4018774879686293,0.117975,7,34,1.0,1,0,0.03,0,0,0
USR2651,37,1,13412,337,1339,500000,0.09983596779003877,0.002678,0,285,0.3,1,0,0.98,2,0,0
USR5323,52,5,54724,131,69686,200000,1.2734083765806594,0.34843,11,267,0.54,0,0,0.65,0,0,0
USR9924,66,2,42292,358,21802,500000,0.5155112077934361,0.043604,1,563,0.92,1,1,0.23,0,1,0
USR8649,55,1,7911,96,2413,500000,0.3050183289091139,0.004826,7,595,0.06,3,0,0.58,0,0,0
USR6127,46,1,10565,270,4981,500000,0.47146237576904876,0.009962,20,357,0.7,1,1,0.41,0,0,0
USR3074,62,1,42335,141,49720,200000,1.1744419511042872,0.2486,3,393,0.51,1,0,0.75,1,0,0
USR8874,63,3,44385,286,80017,500000,1.802793736622733,0.160034,8,636,0.86,3,0,0.46,1,1,1
USR5794,24,3,11997,273,5152,300000,0.42944069350671,0.017173333333333332,4,154,0.03,0,0,0.73,0,0,0
USR3802,63,2,49115,117,1000,100000,0.020360378703043875,0.01,6,94,0.47,0,0,0.86,1,0,0
USR7809,44,1,58309,258,122330,100000,2.0979608636745612,1.2233,6,126,0.97,1,0,0.2,0,1,1
USR3645,70,0,54731,248,92220,300000,1.6849682995011968,0.3074,2,108,0.01,3,0,0.46,1,0,0
USR3653,68,1,49921,199,104237,300000,2.0880391017808138,0.3474566666666667,3,489,0.98,2,0,0.05,0,0,0
USR1993,51,0,22264,179,10957,500000,0.4921397772188286,0.021914,1,559,0.04,0,0,0.02,1,0,0
USR8245,69,1,40294,159,56622,300000,1.405221621085025,0.18874,4,624,0.46,0,0,0.29,0,0,0
USR3190,44,1,42879,354,38764,500000,0.9040322768721285,0.077528,13,467,0.54,0,0,0.48,0,0,0
USR3226,64,3,18844,124,29842,300000,1.5836340479728295,0.09947333333333333,6,358,0.26,0,0,0.47,1,0,0
USR1313,67,4,24881,242,13030,200000,0.5236927776214783,0.06515,7,575,0.15,0,0,0.44,0,1,0
USR8374,59,1,26939,102,56412,200000,2.094064367645421,0.28206,4,572,0.39,1,1,0.26,2,0,0
USR9947,46,4,32765,177,26465,300000,0.8077216542041813,0.08821666666666667,6,432,0.26,0,0,0.45,2,0,0
USR4445,45,4,10670,131,3141,300000,0.2943767572633552,0.01047,3,162,0.98,3,0,0.85,0,0,0
USR5577,31,2,46266,276,37650,200000,0.8137725327454286,0.18825,1,667,0.09,0,0,0.67,0,0,0
USR7202,33,0,42661,356,27025,100000,0.633482571904081,0.27025,10,371,0.38,2,1,0.35,2,1,0
USR3486,21,3,55901,340,35780,100000,0.6400601062592798,0.3578,14,278,0.71,0,0,0.19,0,0,0
USR1824,53,2,59205,217,61135,500000,1.0325985980913774,0.12227,4,268,0.84,1,0,0.08,0,0,0
USR4165,54,3,31183,121,61709,500000,1.9789308276945772,0.123418,10,376,0.37,2,0,0.09,0,1,0
USR1922,23,3,18490,102,26916,500000,1.4557057869118442,0.053832,3,401,0.97,0,0,0.44,1,0,0
USR5914,52,2,32926,272,26895,300000,0.8168316831683168,0.08965,2,600,0.11,2,0,0.82,2,1,0
USR5931,48,1,10470,44,1000,200000,0.09551098376313276,0.005,5,140,0.19,1,0,0.31,1,0,0
USR3300,47,3,19457,35,14235,200000,0.7316133011255589,0.071175,16,339,0.0,2,0,0.85,0,1,0
USR6654,19,2,53625,275,102181,300000,1.9054731934731934,0.3406033333333333,10,585,0.21,0,0,0.84,2,0,0
USR2441,42,0,12857,6,1000,300000,0.07777864198491094,0.0033333333333333335,0,483,0.94,2,0,0.68,2,0,0
USR5273,62,0,21892,351,14450,200000,0.6600584688470674,0.07225,2,150,0.62,0,1,0.54,0,1,0
USR1972,44,0,45166,311,18268,300000,0.40446353451711464,0.060893333333333334,13,93,0.76,1,1,0.72,1,1,0
USR4532,46,0,50772,110,10945,300000,0.21557157488379422,0.03648333333333333,6,642,0.98,1,0,0.95,1,0,0
USR6120,30,2,46269,365,9244,300000,0.19978819511984267,0.030813333333333335,0,353,0.43,3,1,0.09,2,0,0
USR5913,50,1,43672,37,29078,100000,0.6658270745557795,0.29078,0,694,0.64,1,0,0.99,0,0,0
USR8238,68,2,33666,313,18263,100000,0.5424760886354185,0.18263,14,684,0.81,1,0,0.29,1,0,0
USR7674,65,4,48700,34,82019,200000,1.6841683778234087,0.410095,25,97,0.46,0,1,0.4,2,0,0
USR9745,51,2,58111,212,88121,300000,1.5164254616165613,0.29373666666666665,8,207,0.89,1,0,0.57,1,0,0
USR9119,29,2,45522,157,1000,300000,0.021967400377839286,0.0033333333333333335,2,204,0.93,3,0,0.12,0,0,0
USR6491,61,1,19799,280,6735,300000,0.340168695388656,0.02245,5,631,0.93,0,0,0.87,0,0,0
USR1890,38,1,55341,16,74979,200000,1.3548544478777036,0.374895,11,572,0.11,1,0,0.64,1,1,0
USR9390,19,4,7833,339,4672,200000,0.5964509128048002,0.02336,7,461,0.44,0,0,0.29,0,0,0
USR1671,25,1,40503,258,45156,100000,1.1148803792311681,0.45156,1,80,0.49,0,0,0.52,2,0,0
USR1018,68,3,56942,308,71482,200000,1.2553475466263917,0.35741,14,220,0.08,2,1,0.11,0,0,0
USR2078,37,0,15367,196,23840,200000,1.5513763258931477,0.1192,4,240,0.13,1,0,0.39,0,0,0
USR3953,26,4,29127,179,43801,500000,1.503793730902599,0.087602,4,344,0.34,1,0,1.0,2,0,0
USR1080,63,1,40187,259,1000,200000,0.02488366884813497,0.005,2,489,0.02,0,0,0.09,0,0,0
USR8057,48,4,40712,114,37654,100000,0.9248870112006288,0.37654,12,111,0.04,1,0,0.36,1,1,0
USR4510,68,3,6211,310,3623,300000,0.5833199162775721,0.012076666666666666,6,263,0.93,1,0,0.34,2,0,0
USR7943,46,6,53153,178,28869,200000,0.5431302090192464,0.144345,3,276,0.66,1,0,0.04,0,1,0
USR1263,20,4,21532,302,26573,500000,1.2341166635704997,0.053146,10,18,0.5,2,1,0.57,0,0,0
USR2157,22,1,9551,335,11332,100000,1.186472620667993,0.11332,6,483,0.19,0,0,0.1,0,0,0
USR6718,33,3,44993,342,88856,100000,1.9748849821083279,0.88856,16,224,0.53,0,0,0.58,1,1,0
USR5393,33,4,46508,96,49969,500000,1.074417304549755,0.099938,0,568,0.84,1,1,0.02,0,0,0
USR3131,37,0,9773,184,1000,300000,0.10232272587741738,0.0033333333333333335,8,645,0.99,1,1,0.97,1,0,0
USR4156,54,1,28515,254,55160,300000,1.9344204804488865,0.18386666666666668,10,201,0.68,2,0,0.21,0,0,0
USR5493,59,1,25269,284,41260,500000,1.6328307412244252,0.08252,0,333,0.62,0,0,0.08,0,0,0
USR2492,54,2,35725,271,75748,100000,2.1203079076277116,0.75748,15,433,0.78,1,0,0.7,0,0,0
USR2480,44,1,38572,198,53545,200000,1.3881831380275849,0.267725,5,315,0.3,0,0,0.02,0,1,0
USR5319,70,1,18036,234,5109,100000,0.2832667997338656,0.05109,8,441,0.71,1,0,0.18,1,0,0
USR3009,48,1,45857,175,36465,300000,0.7951893931133742,0.12155,5,594,0.92,3,0,0.98,1,0,0
USR6835,36,1,57794,23,14915,200000,0.2580717721562792,0.074575,11,178,0.16,0,0,0.68,1,0,0
USR9746,37,3,23825,279,21556,500000,0.9047639034627493,0.043112,16,119,0.26,0,1,0.88,0,1,0
USR3127,42,2,27398,259,38210,300000,1.3946273450616833,0.12736666666666666,5,504,0.68,0,1,0.3,0,0,0
USR9826,32,1,23467,61,42596,200000,1.8151446712404653,0.21298,3,675,0.14,1,0,0.13,1,0,0
USR3939,48,1,43563,42,39550,200000,0.9078805408259303,0.19775,4,89,0.16,1,0,0.12,1,1,0
USR9863,31,1,51691,82,83756,300000,1.620320752161885,0.2791866666666667,17,444,0.27,3,0,0.04,0,0,0
USR1859,45,5,27259,159,27024,300000,0.9913789940936938,0.09008,4,582,0.69,2,0,0.23,2,0,0
USR4763,32,0,20282,106,18068,500000,0.8908391677349374,0.036136,7,689,0.78,0,0,0.91,2,0,0
USR5327,62,2,29310,158,31688,100000,1.0811327192084612,0.31688,0,366,0.1,0,1,0.45,1,0,0
USR7405,37,3,9067,179,8373,300000,0.9234586963714569,0.02791,4,306,0.91,1,0,0.63,0,0,0
USR8828,39,2,19670,175,36781,200000,1.8699034062023385,0.183905,5,323,0.15,3,0,0.82,0,1,1
USR7700,60,2,25541,321,38088,300000,1.4912493637680593,0.12696,7,482,0.18,2,1,0.01,2,0,0
USR4955,42,1,46846,268,53092,300000,1.1333304871280365,0.17697333333333334,6,614,0.92,1,0,0.5,1,0,0
USR4423,30,1,30502,34,21220,200000,0.6956920857648679,0.1061,4,695,0.73,1,0,0.52,0,0,0
USR2201,61,2,52356,219,44373,500000,0.8475246390098556,0.088746,0,598,0.98,1,1,0.63,1,0,0
USR1700,29,1,10419,220,18312,300000,1.7575583069392455,0.06104,13,129,0.79,1,0,0.24,2,0,0
USR1177,36,2,55505,297,29876,300000,0.5382578146112963,0.09958666666666667,10,269,0.36,2,0,0.64,0,0,0
USR8223,22,0,38653,179,41965,300000,1.085685457791116,0.13988333333333333,6,501,0.47,2,0,0.82,0,0,0
USR7185,69,4,50505,282,60672,100000,1.2013068013068013,0.60672,4,137,0.15,0,0,0.63,2,0,0
USR3829,30,0,58803,30,46624,300000,0.7928847167661514,0.15541333333333332,9,581,0.21,2,1,0.74,0,0,0
USR1493,63,2,45050,321,84025,100000,1.865149833518313,0.84025,1,31,0.14,0,0,0.01,0,0,0
USR7106,53,0,39841,119,64180,100000,1.610903340779599,0.6418,14,624,0.2,0,1,0.75,2,0,0
USR8857,22,1,17516,192,8190,300000,0.4675725051381594,0.0273,12,311,0.81,3,1,0.59,1,0,0
USR5864,63,1,44643,190,48133,300000,1.0781757498376006,0.16044333333333333,0,162,0.6,0,0,0.74,1,0,0
USR5290,42,0,43506,270,25775,100000,0.5924470188020043,0.25775,17,32,0.2,0,0,0.63,0,0,0
USR7457,35,3,48429,356,68954,300000,1.42381630841025,0.22984666666666667,2,503,0.9,0,0,0.0,2,1,0
USR2558,57,3,58693,10,68620,500000,1.1691343090317414,0.13724,4,266,0.34,1,0,0.95,1,0,0
USR6037,68,3,58702,102,12203,200000,0.20788048107389867,0.061015,4,256,0.3,0,1,0.05,2,1,0
USR3747,66,4,23562,149,6104,300000,0.2590612002376708,0.020346666666666666,13,685,0.59,0,1,0.11,2,0,0
USR2642,26,2,11794,331,10529,200000,0.8927420722401221,0.052645,8,35,0.97,1,0,0.0,0,0,0
USR3094,55,1,16560,229,4894,500000,0.2955314009661836,0.009788,0,328,0.99,0,1,0.39,2,0,0
USR5558,43,2,52599,77,32015,100000,0.6086617616304493,0.32015,6,148,0.23,1,0,0.02,0,0,0
USR1661,21,3,55390,38,65123,300000,1.1757176385629176,0.21707666666666667,5,527,0.65,0,0,0.74,2,1,0
USR8665,22,0,39228,26,4016,500000,0.1023758539818497,0.008032,13,112,0.37,0,0,0.77,0,0,0
USR1290,47,3,8071,170,13930,300000,1.7259323503902861,0.04643333333333333,14,174,0.34,1,1,0.22,0,0,0
USR1217,29,2,40030,335,28903,300000,0.7220334748938296,0.09634333333333334,12,324,0.95,0,0,0.05,1,0,0
USR8688,44,1,13864,365,8215,200000,0.5925418349682632,0.041075,6,615,0.98,2,0,0.54,0,0,0
USR6099,60,1,41839,130,59984,500000,1.4336862735725042,0.119968,6,415,0.67,0,0,0.82,2,0,0
USR4764,46,0,38708,85,45284,200000,1.1698873617856773,0.22642,10,491,0.82,0,1,0.67,0,0,0
USR8752,65,0,47616,181,45098,500000,0.9471186155913979,0.090196,18,481,0.15,0,0,0.65,0,0,0
USR9265,64,2,38688,8,44078,300000,1.1393196856906533,0.14692666666666668,0,96,0.76,1,0,0.58,2,1,0
USR6436,65,1,18237,12,1000,100000,0.054833580084443716,0.01,7,523,0.75,0,0,0.13,2,0,0
USR2541,42,2,5331,195,4922,300000,0.9232789345338586,0.016406666666666667,6,604,0.45,1,1,0.1,0,0,0
USR2101,33,0,15929,174,1619,200000,0.10163852093665642,0.008095,16,195,0.79,0,0,0.23,2,1,0
USR7956,40,2,28831,94,20714,300000,0.7184627657729528,0.06904666666666667,15,95,0.42,0,0,0.04,1,0,0
USR9642,42,1,44385,157,71799,500000,1.617641094964515,0.143598,12,87,0.11,1,1,0.51,1,0,0
USR6303,67,5,12860,204,1000,500000,0.07776049766718507,0.002,0,188,0.49,2,0,0.85,0,0,0
USR8714,45,2,15165,192,1468,500000,0.0968018463567425,0.002936,9,522,0.79,3,0,0.49,1,0,0
USR6161,66,1,25823,176,24046,500000,0.9311853773767571,0.048092,8,495,0.17,0,0,0.46,1,0,0
USR9164,68,1,47255,115,36694,500000,0.7765104221775474,0.073388,11,291,0.08,0,0,0.3,0,1,0
USR8967,64,2,14503,77,12216,500000,0.8423084878990553,0.024432,6,93,0.76,2,0,0.21,2,1,0
USR1699,53,1,17546,159,1000,100000,0.05699304684828451,0.01,5,195,0.72,1,0,0.95,2,0,0
USR4081,44,5,54918,197,23954,300000,0.4361775738373575,0.07984666666666666,15,449,0.91,3,0,0.13,2,0,0
USR1512,68,1,8513,129,8193,200000,0.9624104311053683,0.040965,7,122,0.92,1,1,0.54,2,0,0
USR3020,53,2,25799,354,3714,500000,0.14395906818093723,0.007428,7,169,0.11,3,0,0.38,2,1,0
USR6688,50,4,33174,97,16559,200000,0.4991559655151625,0.082795,5,631,0.76,0,0,0.54,0,1,0
USR7427,70,0,40969,180,78077,500000,1.9057580121555322,0.156154,16,654,0.7,0,0,0.11,0,0,0
USR5985,34,5,41113,163,42278,300000,1.0283365358888916,0.14092666666666667,4,56,0.49,0,0,0.63,2,1,0
USR4170,54,3,51157,347,113170,500000,2.2122094727994215,0.22634,6,558,0.2,0,1,0.75,0,0,0
USR4258,25,4,22558,46,4081,100000,0.1809114283181133,0.04081,0,529,0.49,3,0,0.41,1,0,0
USR8395,18,1,51737,175,56298,300000,1.0881574115236679,0.18766,1,606,0.05,0,0,0.84,0,1,0
USR7408,54,3,59508,129,102983,200000,1.7305740404651475,0.514915,1,310,0.51,0,0,0.5,1,0,0
USR8664,20,0,26133,186,15449,500000,0.5911682546971262,0.030898,13,251,0.14,0,1,0.15,1,1,0
USR8386,49,5,21704,312,23280,500000,1.0726133431625506,0.04656,9,530,0.0,0,0,0.89,0,0,0
USR1064,59,2,58019,134,1000,200000,0.01723573312190834,0.005,4,89,0.79,0,0,0.68,0,0,0
USR4585,19,4,9381,43,24537,100000,2.6156060121522224,0.24537,12,70,0.02,0,0,0.78,0,0,0
USR3385,28,2,51950,147,60298,200000,1.1606929740134746,0.30149,0,300,0.12,0,0,0.99,2,1,0
USR4890,53,4,51057,183,20013,500000,0.3919736764792291,0.040026,8,214,0.39,2,0,0.67,0,0,0
USR2815,42,1,42266,296,64208,100000,1.519140680452373,0.64208,12,415,0.61,3,0,0.17,2,0,0
USR5456,68,2,20762,31,16739,500000,0.8062325402177054,0.033478,10,514,0.33,0,0,0.12,2,0,0
USR1693,28,1,37980,156,36330,500000,0.9565560821484992,0.07266,14,618,0.52,1,0,0.19,0,0,0
USR7124,33,2,8845,102,7302,500000,0.8255511588468061,0.014604,1,539,0.64,0,0,0.35,0,0,0
USR6080,19,1,21608,301,29096,100000,1.346538319141059,0.29096,16,504,0.61,0,0,0.85,2,0,0
USR7878,70,3,28027,333,33523,200000,1.196096621115353,0.167615,5,635,0.87,0,0,0.43,0,0,0
USR6210,51,2,6777,330,6275,500000,0.9259259259259259,0.01255,8,270,0.87,1,0,0.88,1,0,0
USR1332,36,1,46111,239,43782,500000,0.9494914445576977,0.087564,5,107,0.7,1,0,0.02,0,1,0
USR1574,19,1,30735,129,1000,200000,0.03253619651862697,0.005,1,671,0.37,3,0,0.53,0,0,0
USR3006,28,3,15972,307,18720,200000,1.1720510894064613,0.0936,4,323,0.72,0,0,0.58,0,0,0
USR2943,40,1,25594,261,71889,300000,2.80882238024537,0.23963,11,659,0.36,3,1,0.08,0,1,0
USR5843,25,2,40851,22,32151,100000,0.7870309172358082,0.32151,10,284,0.98,0,0,0.39,0,0,0
USR7178,33,1,33365,117,19213,500000,0.5758429491982616,0.038426,10,300,0.19,0,0,0.46,0,0,0
USR9799,33,1,24276,211,40651,100000,1.674534519690229,0.40651,17,592,0.81,0,1,0.83,1,0,0
USR8314,40,3,37959,149,38159,300000,1.0052688426987013,0.12719666666666668,4,325,0.04,2,0,0.57,1,0,0
USR7779,52,6,56863,9,59996,500000,1.055097339218824,0.119992,13,45,0.63,3,0,0.26,1,0,0
USR4457,18,3,51761,62,13370,500000,0.25830258302583026,0.02674,16,549,0.94,1,0,0.91,2,0,0
USR8846,60,1,31708,326,43188,300000,1.3620537403809765,0.14396,6,120,0.05,2,0,0.11,0,0,0
USR5589,65,1,55546,143,46974,200000,0.8456774565225219,0.23487,6,551,0.63,0,1,0.56,2,0,0
USR6609,61,2,37125,196,66244,300000,1.7843501683501684,0.22081333333333333,12,659,0.63,3,0,0.14,2,0,0
USR7577,41,3,6531,364,8212,500000,1.2573878425968459,0.016424,12,341,0.88,0,0,0.2,1,0,0
USR9183,61,1,20890,95,15450,200000,0.739588319770225,0.07725,6,109,0.41,3,0,0.3,0,1,0
USR8920,51,2,25982,328,6177,500000,0.2377415133553999,0.012354,2,421,0.42,0,0,0.39,1,1,0
USR3219,56,5,31853,16,14857,300000,0.4664238847204345,0.049523333333333336,7,489,0.73,0,1,0.39,0,0,0
USR7323,64,2,27942,155,53822,200000,1.9262042802948967,0.26911,6,594,0.56,3,0,0.55,0,0,0
USR9734,63,0,41538,228,51080,500000,1.2297173672300064,0.10216,11,186,0.71,0,0,0.25,1,0,0
USR5666,64,1,30892,41,40009,300000,1.2951249514437395,0.13336333333333333,6,654,0.48,1,0,0.06,0,1,0
USR6720,64,4,33205,75,20459,500000,0.6161421472669779,0.040918,7,104,0.72,2,0,0.23,0,0,0
USR4822,68,6,48052,54,25942,100000,0.539873470407059,0.25942,6,200,0.93,1,0,0.77,0,0,0
USR6953,23,6,46831,319,16661,100000,0.3557686148064316,0.16661,6,681,0.59,0,0,0.48,2,0,0
USR7431,30,1,9357,364,7517,100000,0.8033557764240675,0.07517,1,501,0.49,0,0,0.84,2,0,0
USR2513,40,1,14964,23,8366,300000,0.5590751136059877,0.027886666666666667,7,114,0.22,1,1,0.97,2,1,0
USR2472,69,0,50591,37,17649,300000,0.34885651598110334,0.05883,3,27,0.52,1,0,0.96,2,0,0
USR8746,36,3,42310,340,54648,100000,1.291609548570078,0.54648,7,658,0.28,0,0,0.35,1,0,0
USR5594,26,3,49874,193,2526,200000,0.05064763203272246,0.01263,6,573,0.85,2,0,0.73,2,0,0
USR5469,27,2,31442,161,42223,100000,1.3428853126391451,0.42223,5,668,0.68,0,0,0.91,2,0,0
USR3209,34,2,12244,160,9306,200000,0.7600457366873571,0.04653,10,116,0.12,1,0,0.33,0,0,0
USR9677,66,3,20210,124,47806,100000,2.365462642256309,0.47806,0,324,0.19,0,0,0.8,0,1,1
USR8025,41,2,51232,228,83887,500000,1.6373945971267958,0.167774,15,470,0.24,1,0,0.74,0,1,0
USR5093,25,2,13128,116,6185,500000,0.4711304082876295,0.01237,17,166,0.05,0,0,0.75,0,0,0
USR9694,48,2,28704,52,57529,500000,2.0042154403567447,0.115058,1,81,0.19,1,0,0.82,0,1,1
USR3696,69,0,51197,294,11214,500000,0.21903627165654238,0.022428,8,222,0.56,0,0,0.01,2,0,0
USR9644,56,0,13419,133,15106,500000,1.125717266562337,0.030212,6,492,0.83,0,0,0.06,1,0,0
USR2266,29,3,12233,249,9525,300000,0.7786315703425162,0.03175,7,42,0.67,0,1,0.41,0,0,0
USR6765,41,1,34401,165,19145,100000,0.5565245196360571,0.19145,4,373,0.18,3,1,0.7,0,1,0
USR7979,47,2,26182,267,20985,500000,0.8015048506607593,0.04197,1,251,0.92,1,1,0.58,2,0,0
USR8305,22,2,42066,351,1000,100000,0.023772167546236865,0.01,22,329,0.26,3,0,0.82,0,0,0
USR4696,61,3,31872,158,37436,500000,1.1745732931726907,0.074872,1,258,0.2,0,0,0.37,2,0,0
USR3516,29,2,46212,64,78981,100000,1.7091015320695924,0.78981,11,73,0.77,3,1,0.97,0,0,0
USR2042,27,1,41009,337,30939,200000,0.7544441464068863,0.154695,18,267,0.82,3,0,0.55,2,0,0
USR4860,27,2,38480,43,42633,300000,1.1079261954261954,0.14211,12,181,0.09,0,0,0.45,0,0,0
USR6670,27,4,18932,147,28239,300000,1.4916015212338898,0.09413,9,698,0.09,1,0,0.86,0,1,0
USR9926,21,1,27375,150,37771,500000,1.3797625570776255,0.075542,26,411,0.15,3,0,0.07,2,0,0
USR8654,30,3,57436,354,73330,300000,1.2767253987046452,0.24443333333333334,8,230,0.76,1,0,0.33,0,0,0
USR9002,58,1,39077,92,59720,500000,1.5282647081403382,0.11944,4,639,0.87,1,0,0.04,0,1,0
USR9813,52,4,34377,362,77989,200000,2.2686389155540043,0.389945,9,663,0.23,0,0,0.86,0,0,0
USR4450,52,2,34990,26,56854,500000,1.6248642469276937,0.113708,3,421,0.21,2,0,0.8,0,0,0
USR9887,69,2,20775,12,40953,200000,1.9712635379061372,0.204765,9,183,0.66,0,0,0.36,1,0,0
USR8385,20,3,21691,273,15424,300000,0.711078327416901,0.05141333333333333,5,643,0.85,0,1,0.8,0,0,0
USR3768,20,1,56067,133,81784,300000,1.458683360978829,0.2726133333333333,1,435,0.82,3,0,0.86,0,0,0
USR8261,61,1,34309,301,30241,200000,0.8814305284327727,0.151205,6,409,0.59,0,0,0.89,1,0,0
USR5590,19,2,58439,236,49316,300000,0.8438884991187392,0.16438666666666665,0,637,0.09,0,1,0.96,0,0,0
USR6437,54,2,48209,293,19733,100000,0.4093219108465224,0.19733,2,131,0.56,2,1,0.94,0,1,0
USR7115,63,0,54146,309,17675,500000,0.32643223876186606,0.03535,4,518,0.76,3,0,0.79,1,0,0
USR5165,44,5,52074,109,1785,200000,0.03427814264316165,0.008925,0,14,0.56,2,1,0.3,0,0,0
USR8634,21,0,44830,91,25350,500000,0.5654695516395271,0.0507,5,272,0.6,0,0,0.6,2,0,0
USR6195,20,0,20329,342,16094,200000,0.7916769147523243,0.08047,12,271,0.11,3,0,0.87,0,0,0
USR1673,36,1,32599,26,24204,200000,0.7424767630908924,0.12102,9,338,0.02,0,0,0.31,2,1,0
USR3273,42,1,28296,270,38824,500000,1.3720667232117614,0.077648,22,625,0.32,1,0,0.73,1,0,0
USR6225,53,6,51144,61,60934,500000,1.191420303456906,0.121868,0,106,0.26,0,0,0.25,1,0,0
USR2840,33,2,33513,30,29687,300000,0.8858353474770985,0.09895666666666666,5,146,0.43,1,0,0.8,2,0,0
USR1885,55,2,11458,262,12534,500000,1.0939081864199687,0.025068,2,690,0.81,0,1,0.51,0,0,0
USR4836,34,0,44267,56,40096,300000,0.905776311925362,0.13365333333333335,20,176,0.52,0,0,0.98,0,0,0
USR4495,19,3,30705,244,44746,500000,1.4572870867936818,0.089492,2,400,0.39,3,0,0.32,0,0,0
USR2552,21,2,59437,216,20985,100000,0.35306290694348635,0.20985,9,611,0.97,1,0,0.91,2,0,0
USR2054,19,1,26657,136,1000,500000,0.03751359867952132,0.002,7,104,0.84,1,0,0.31,0,0,0
USR7428,33,3,30958,12,32868,200000,1.0616964920214484,0.16434,7,65,0.02,0,1,0.33,1,0,0
USR7225,38,3,36385,154,46197,500000,1.269671567953827,0.092394,3,643,0.81,2,1,0.23,0,0,0
USR7631,64,2,14921,297,19704,300000,1.3205549225923197,0.06568,6,391,0.5,1,0,0.08,0,0,0
USR5064,43,3,18541,43,25068,500000,1.3520306348093414,0.050136,0,355,0.27,1,0,0.77,0,0,0
USR3935,62,1,15082,269,14524,500000,0.9630022543429253,0.029048,15,84,0.66,0,0,0.51,0,0,0
USR4048,70,4,8175,183,1029,500000,0.1258715596330275,0.002058,2,262,0.2,0,0,0.04,0,0,0
USR9028,64,2,35160,350,53138,200000,1.5113196814562002,0.26569,0,661,0.38,1,0,0.9,0,1,0
USR5926,44,0,27495,83,17564,200000,0.6388070558283324,0.08782,0,9,0.29,1,1,0.17,0,0,0
USR2495,63,3,40755,347,36450,500000,0.8943687891056312,0.0729,7,281,0.85,0,1,0.88,1,1,0
USR1365,57,3,13959,300,17173,100000,1.2302457196074217,0.17173,13,645,0.51,2,0,0.16,0,0,0
USR4453,18,0,57300,108,60475,300000,1.0554101221640488,0.20158333333333334,1,560,0.38,2,0,0.76,0,0,0
USR8029,35,2,59639,81,62714,300000,1.0515602206609769,0.20904666666666666,1,682,0.76,2,1,0.14,2,0,0
USR7786,58,2,52553,88,62616,300000,1.191482883945731,0.20872,4,191,0.09,3,1,0.47,0,1,0
USR4097,55,3,38725,353,39679,300000,1.02463524854745,0.13226333333333334,10,151,0.4,1,1,0.95,0,0,0
USR7389,68,2,47701,239,20852,100000,0.43713968260623465,0.20852,4,510,0.08,0,0,0.58,0,0,0
USR5462,51,3,39493,50,51620,500000,1.3070670751778797,0.10324,10,407,0.04,0,1,0.19,0,1,0
USR2626,51,4,24510,311,39098,100000,1.595185638514892,0.39098,3,24,0.8,0,0,0.35,0,0,0
USR5589,27,1,51371,89,106828,500000,2.079539039535925,0.213656,12,547,0.91,2,0,0.35,1,1,1
USR9977,56,1,26274,319,1000,200000,0.038060439978686154,0.005,4,453,0.69,0,1,0.39,0,0,0
USR7735,53,2,24613,328,14746,500000,0.5991142891967659,0.029492,0,193,0.81,0,0,0.28,0,0,0
USR4007,61,1,16663,151,14870,100000,0.8923963271919823,0.1487,5,50,0.36,1,1,0.75,0,0,0
USR8132,32,5,20659,187,20305,500000,0.9828646110653952,0.04061,6,509,0.15,0,1,0.67,1,0,0
USR7375,23,2,27891,103,20949,200000,0.7511025061847908,0.104745,11,379,0.59,0,0,0.51,0,0,0
USR8222,68,0,11449,174,10263,100000,0.8964101668267971,0.10263,11,506,0.73,1,0,0.02,2,0,0
USR2291,26,1,15055,98,10285,500000,0.6831617402856194,0.02057,13,185,0.47,0,0,0.27,2,0,0
USR7826,25,3,55873,146,44802,300000,0.8018542050722174,0.14934,5,259,0.28,1,0,0.44,2,1,0
USR5925,63,2,33743,41,9094,200000,0.26950774975550484,0.04547,5,593,0.18,0,1,0.37,0,0,0
USR7608,67,2,27620,357,32542,300000,1.1782041998551773,0.10847333333333334,4,155,0.64,1,0,0.56,0,0,0
USR7463,45,3,38787,90,54398,300000,1.4024802124423132,0.18132666666666666,26,682,0.28,1,0,0.04,0,1,0
USR6086,21,4,53356,361,66463,100000,1.245651847964615,0.66463,3,673,0.01,1,0,0.2,0,0,0
USR1376,33,3,40897,184,49567,300000,1.2119959899259114,0.16522333333333333,22,653,0.97,0,0,0.72,1,1,0
USR5326,57,1,9394,94,9826,300000,1.0459868000851607,0.032753333333333336,5,261,0.91,0,0,0.8,0,0,0
USR9703,67,0,34545,175,20915,200000,0.6054421768707483,0.104575,8,356,0.77,1,0,0.49,1,0,0
USR4472,59,2,56872,21,51126,300000,0.8989660993107329,0.17042,3,38,0.32,0,0,0.95,0,0,0
USR7565,28,1,44749,21,87266,100000,1.950121790431071,0.87266,7,667,0.01,0,0,0.92,2,0,0
USR4409,44,3,29544,232,74630,300000,2.5260628215542917,0.24876666666666666,2,541,0.05,1,0,0.62,2,0,0
USR7188,60,3,26586,36,21489,100000,0.8082825547280523,0.21489,10,484,0.82,0,0,0.52,0,0,0
USR7784,35,2,5865,52,1000,500000,0.17050298380221654,0.002,5,306,0.61,2,0,0.62,1,0,0
USR8978,25,0,39381,221,18686,300000,0.4744927757040197,0.062286666666666664,0,399,0.48,3,0,0.89,0,0,0
USR6072,56,2,25140,343,25251,300000,1.0044152744630073,0.08417,5,189,0.23,1,0,0.41,0,0,0
USR1839,27,3,40950,230,33773,100000,0.8247374847374848,0.33773,3,36,0.25,1,0,0.91,1,0,0
USR6454,65,0,45081,285,9404,300000,0.2086022936492092,0.03134666666666667,6,391,0.81,2,0,0.54,0,1,0
USR2521,33,0,29846,341,12812,100000,0.42927025397038127,0.12812,3,352,0.52,2,0,0.11,0,0,0
USR1167,22,2,26702,26,19390,300000,0.7261628342446259,0.06463333333333333,17,42,0.94,1,1,0.9,0,0,0
USR2554,59,1,48013,234,57567,100000,1.1989877741445025,0.57567,2,618,0.57,0,0,0.71,0,0,0
USR5146,59,4,5364,18,5834,300000,1.087621178225205,0.019446666666666668,15,122,0.57,3,0,0.34,0,0,0
USR3314,45,1,49646,268,51384,200000,1.0350078556177738,0.25692,1,180,0.34,0,0,0.47,0,0,0
USR2478,43,4,20167,351,20942,300000,1.0384291168741013,0.06980666666666667,3,626,0.7,0,0,0.83,0,0,0
USR6050,60,0,27694,111,25475,300000,0.9198743410124937,0.08491666666666667,7,495,0.81,0,0,0.85,2,0,0
USR1970,61,3,6597,168,3984,100000,0.6039108685766258,0.03984,14,229,0.82,0,0,0.41,1,0,0
USR2907,53,2,44770,290,36171,500000,0.8079294170203261,0.072342,13,377,0.35,0,1,0.32,2,0,0
USR3413,51,2,5559,93,6257,500000,1.125562151466091,0.012514,1,387,0.43,0,0,0.76,2,1,0
USR5450,57,2,46420,199,55843,500000,1.202994398965963,0.111686,1,335,0.21,1,0,0.5,1,0,0
USR4480,30,3,35788,334,36981,200000,1.0333351961551358,0.184905,10,104,0.06,0,0,0.64,0,0,0
USR2449,22,3,42297,57,19388,100000,0.4583776627183961,0.19388,8,188,0.43,0,1,0.27,1,1,0
USR4828,52,1,7963,100,12119,500000,1.5219138515634811,0.024238,1,608,0.48,0,1,0.4,2,1,0
USR8913,37,1,9512,46,3911,200000,0.41116484440706474,0.019555,5,382,0.07,0,0,0.99,1,0,0
USR4218,59,0,18025,191,24799,500000,1.3758113730929264,0.049598,5,71,0.25,0,1,0.53,0,0,0
USR4137,19,2,15778,281,23478,500000,1.4880212954747116,0.046956,15,93,0.24,2,0,0.1,0,0,0
USR1200,52,2,17002,211,1000,300000,0.058816609810610515,0.0033333333333333335,8,15,0.23,3,0,0.05,0,0,0
USR3213,28,2,50167,244,88983,300000,1.773735722686228,0.29661,6,280,0.35,1,0,0.42,0,0,0
USR9570,19,0,57962,33,1430,200000,0.024671336392809082,0.00715,14,402,0.71,0,0,0.94,0,0,0
USR6260,46,1,17931,63,20340,300000,1.1343483352852601,0.0678,1,467,0.18,1,1,0.72,1,0,0
USR4570,53,2,8499,356,14501,300000,1.706200729497588,0.04833666666666667,7,412,0.48,0,1,0.37,0,0,0
USR9109,55,2,52482,152,87221,200000,1.6619221828436417,0.436105,17,645,0.1,1,0,0.6,2,0,0
USR6582,18,0,39790,182,29597,500000,0.7438301080673536,0.059194,2,382,0.25,1,0,0.68,0,0,0
USR9341,30,4,40057,79,24451,100000,0.6104051726290036,0.24451,3,51,0.98,0,0,0.29,2,0,0
USR1984,38,2,14341,9,26238,500000,1.8295795272296214,0.052476,22,84,0.74,1,1,0.81,0,0,1
USR8164,56,0,45409,85,15352,100000,0.3380827589244423,0.15352,12,252,0.07,1,1,0.69,2,0,0
USR8926,43,2,14187,362,4161,200000,0.2932966800592091,0.020805,34,254,0.33,0,1,0.07,0,1,0
USR7622,23,0,11083,75,1000,500000,0.09022827754218173,0.002,3,634,0.83,0,0,0.49,0,0,0
USR4684,22,2,19635,127,22842,300000,1.1633307868601985,0.07614,1,321,0.44,1,0,0.19,2,0,0
USR6095,40,1,47676,213,25110,200000,0.5266800906116285,0.12555,3,634,0.31,1,1,0.66,0,0,0
USR9453,29,2,54652,156,96757,100000,1.770420112713167,0.96757,3,291,0.84,0,0,0.52,0,0,0
USR1868,69,1,18411,225,22110,300000,1.2009124979631742,0.0737,1,205,0.08,3,0,0.13,1,0,0
USR1175,48,3,44574,39,53928,100000,1.2098532776955175,0.53928,3,234,0.2,0,1,0.89,0,0,0
USR6143,40,3,55934,314,6305,100000,0.11272213680409053,0.06305,19,127,0.23,0,1,0.26,2,0,0
USR4610,69,3,9239,237,15170,200000,1.641952592271891,0.07585,7,156,0.83,0,1,0.83,2,1,0
USR1688,60,2,59942,350,61292,500000,1.0225217710453438,0.122584,14,49,0.4,0,0,0.5,0,0,0
USR7523,54,1,6502,183,6605,100000,1.015841279606275,0.06605,5,458,0.08,0,0,0.72,2,0,0
USR6132,63,6,36212,330,53547,100000,1.4787087153429803,0.53547,8,457,0.86,2,0,0.08,0,0,0
USR5991,25,0,32588,144,35940,300000,1.1028599484472812,0.1198,14,600,0.97,0,0,0.28,2,0,0
USR4475,46,2,36285,29,39742,500000,1.0952735290064766,0.079484,13,672,0.19,0,0,0.22,0,0,0
USR2752,25,4,42696,29,45332,300000,1.0617388045718568,0.15110666666666667,12,27,0.56,0,0,0.73,0,0,0
USR1594,41,2,42271,66,36144,100000,0.8550542925409855,0.36144,15,191,0.27,1,0,0.38,2,0,0
USR4920,66,1,58664,279,76012,500000,1.2957179871812354,0.152024,12,121,0.79,0,0,0.35,1,1,0
USR8295,62,2,42138,267,45591,300000,1.0819450377331625,0.15197,6,82,0.17,2,0,0.05,0,0,0
USR7524,28,3,48314,171,48957,300000,1.013308771784576,0.16319,28,601,0.86,3,0,0.53,0,0,0
USR3130,65,2,58251,352,106066,500000,1.8208442773514617,0.212132,7,401,0.74,1,0,0.66,0,1,1
USR3170,36,0,25256,324,13090,200000,0.5182926829268293,0.06545,6,154,0.34,2,0,0.83,2,0,0
USR9829,28,2,51707,141,15570,100000,0.3011197710174638,0.1557,7,643,0.75,3,1,0.01,1,1,0
USR3569,52,1,11780,296,28072,500000,2.3830220713073005,0.056144,4,147,0.73,0,0,0.37,0,0,0
USR9663,31,4,29783,343,32740,300000,1.0992848269146829,0.10913333333333333,19,429,0.07,0,0,0.19,0,0,0
USR1066,52,3,19674,134,14065,500000,0.7149029175561655,0.02813,15,54,0.23,0,1,0.73,2,0,0
USR6517,33,1,54841,117,83255,500000,1.5181160080961325,0.16651,7,582,0.32,1,0,0.67,0,0,0
USR5861,31,1,44973,231,56334,200000,1.2526182376092323,0.28167,16,159,0.3,1,0,0.89,2,0,0
USR4855,22,2,44452,231,74858,100000,1.6840187168181409,0.74858,0,342,0.97,1,0,0.44,2,0,0
USR7506,32,2,47722,20,85559,500000,1.7928628305603285,0.171118,2,382,0.37,3,0,0.15,1,1,0
USR3992,50,1,45794,167,114270,200000,2.495305061798489,0.57135,3,300,0.33,0,0,0.98,0,0,0
USR1602,30,1,37349,223,58527,500000,1.5670299070925593,0.117054,7,19,0.97,2,1,0.05,2,0,0
USR6560,38,1,50823,272,24578,100000,0.4835999449068335,0.24578,8,393,0.48,0,0,0.69,0,0,0
USR1465,49,1,58370,49,87096,300000,1.4921363714236766,0.29032,12,351,0.72,0,0,0.67,2,0,0
USR8927,59,2,24159,239,17083,300000,0.7071070822467818,0.05694333333333333,12,374,0.32,0,0,0.67,0,0,0
USR6729,35,0,50268,101,72909,500000,1.4504058247791836,0.145818,9,61,0.34,1,0,0.77,1,0,0
USR6602,21,4,13606,60,1000,500000,0.07349698662354844,0.002,7,458,0.27,3,0,0.93,1,0,0
USR1054,65,1,12399,138,12358,500000,0.9966932817162675,0.024716,19,565,0.27,2,0,0.17,1,0,0
USR8751,57,4,42122,102,58867,300000,1.3975357295475048,0.19622333333333333,7,633,0.68,0,0,0.41,2,0,0
USR2836,41,2,46632,149,97242,100000,2.085306227483273,0.97242,10,535,0.8,0,0,0.34,1,0,0
USR5418,51,0,55653,238,96434,200000,1.732772716654987,0.48217,7,287,0.03,0,0,0.37,1,0,0
USR6537,69,1,22007,127,11532,100000,0.5240150861089653,0.11532,9,253,0.64,1,0,0.05,2,0,0
USR2692,40,1,13095,109,16225,500000,1.2390225276823215,0.03245,7,157,0.14,0,0,0.1,0,1,0
USR3413,49,3,53583,71,3156,500000,0.0588992777560047,0.006312,3,396,0.87,1,1,0.56,1,0,0
USR7986,67,3,19123,328,24974,100000,1.3059666370339382,0.24974,0,432,0.3,1,0,0.46,0,1,0
USR7531,58,1,6212,364,10091,300000,1.624436574372183,0.03363666666666667,4,499,0.16,1,0,0.69,0,0,0
USR5937,22,0,15715,334,41253,500000,2.6250715876551065,0.082506,12,462,0.67,1,1,0.96,0,0,0
USR4963,39,2,12855,351,11287,200000,0.8780241151302995,0.056435,0,40,0.71,1,0,0.66,0,0,0
USR1461,25,2,49472,201,9725,500000,0.19657584087968952,0.01945,15,262,0.47,1,0,0.86,2,0,0
USR6499,52,2,25169,98,41628,100000,1.6539393698597482,0.41628,1,384,0.9,0,0,0.52,1,0,0
USR5675,57,1,40096,229,6907,300000,0.17226157222665603,0.023023333333333333,13,272,0.29,3,0,0.4,0,0,0
USR8035,26,3,47364,359,37046,500000,0.782155223376404,0.074092,5,292,0.65,3,0,0.73,1,0,0
USR1773,60,0,46029,65,57909,200000,1.2580981555106563,0.289545,12,233,0.19,0,0,0.27,2,0,0
USR9188,45,3,23756,317,28261,100000,1.1896363024078127,0.28261,1,46,0.85,1,1,0.26,0,0,0
USR2848,59,0,33024,78,68725,100000,2.081062257751938,0.68725,4,528,0.48,3,1,0.46,1,0,0
USR4756,62,2,47218,11,1000,300000,0.021178364183150493,0.0033333333333333335,13,698,0.38,0,0,0.41,2,1,0
USR5036,33,4,49152,310,5585,200000,0.11362711588541667,0.027925,7,155,0.13,0,0,0.81,0,1,0
USR8388,54,0,34374,22,11477,100000,0.33388607668586723,0.11477,10,547,0.91,0,0,0.84,0,1,0
USR9967,38,2,59796,334,57603,500000,0.9633253060405378,0.115206,0,244,0.82,1,0,0.61,1,0,0
USR3169,27,2,57189,156,13341,100000,0.23327912710486282,0.13341,11,683,0.84,3,0,0.51,2,0,0
USR5727,43,0,38001,5,5377,300000,0.14149627641377857,0.017923333333333333,2,535,0.14,0,0,0.2,0,0,0
USR8625,20,0,50647,101,51879,500000,1.0243252315043339,0.103758,3,592,0.4,3,0,0.37,1,1,0
USR3450,20,1,30411,85,72230,200000,2.3751274209989806,0.36115,20,25,0.65,2,1,0.39,0,0,0
USR9337,48,1,9261,90,7119,300000,0.7687074829931972,0.02373,7,252,0.51,1,1,0.56,0,0,0
USR2762,63,3,35820,297,12481,200000,0.3484366275823562,0.062405,3,524,0.5,0,0,0.8,0,0,0
USR8722,42,3,32528,305,3562,300000,0.10950565666502705,0.011873333333333333,8,308,0.41,0,0,0.32,1,0,0
USR4645,27,3,23268,117,27333,500000,1.174703455389376,0.054666,3,444,0.39,1,0,0.49,2,0,0
USR5283,20,3,26040,350,38408,300000,1.4749615975422428,0.12802666666666668,2,673,0.12,0,0,0.11,2,0,0
USR7051,23,3,49918,71,31800,500000,0.6370447533955688,0.0636,9,633,0.82,0,0,0.77,1,0,0
USR5858,41,2,13630,363,11088,500000,0.8134996331621424,0.022176,0,494,1.0,1,0,0.89,0,1,0
USR6616,43,0,40055,130,58294,500000,1.455348895269005,0.116588,8,29,0.16,0,0,0.38,1,0,0
USR6491,43,1,21877,51,30110,200000,1.376331306851945,0.15055,14,435,0.35,1,0,0.17,0,0,0
USR9294,52,0,21375,189,28696,200000,1.3425029239766082,0.14348,9,201,0.91,2,0,0.88,1,0,0
USR8818,62,3,54907,132,84179,200000,1.5331196386617372,0.420895,18,133,0.94,0,0,0.23,0,0,0
USR8501,66,0,10789,87,9240,100000,0.8564278431736028,0.0924,11,586,0.41,1,0,0.02,0,0,0
USR7944,52,2,55146,320,20728,300000,0.3758749501323759,0.06909333333333334,11,443,0.44,2,1,0.78,1,0,0
USR7696,19,5,46675,245,78604,500000,1.6840707016604177,0.157208,22,185,0.96,0,0,0.63,0,0,0
USR1865,26,1,19547,31,9038,500000,0.46237274262035094,0.018076,14,291,0.35,2,0,0.99,0,0,0
USR2126,27,0,58526,236,104232,500000,1.7809520554967022,0.208464,0,299,0.26,3,0,0.69,2,1,0
USR9280,59,0,34176,55,52980,100000,1.5502106741573034,0.5298,9,38,0.4,0,1,0.52,2,0,0
USR9213,23,1,48909,154,24913,100000,0.5093745527408043,0.24913,23,245,0.89,0,0,0.5,0,1,0
USR7571,40,3,27689,139,19102,200000,0.6898768464010979,0.09551,10,574,0.52,3,0,0.81,1,0,0
USR5268,19,2,53348,139,29941,500000,0.5612394091624803,0.059882,13,379,0.81,0,0,0.53,0,0,0
USR7059,56,0,53319,197,62108,300000,1.1648380502259983,0.20702666666666666,2,503,0.81,0,0,0.27,1,1,0
USR5590,20,3,51648,335,52632,300000,1.0190520446096654,0.17544,6,227,0.8,0,0,0.4,0,0,0
USR7143,23,1,54112,168,81915,200000,1.513804701360142,0.409575,2,542,0.12,1,0,0.43,0,1,0
USR2854,34,2,26057,288,1000,100000,0.03837740338488698,0.01,4,45,0.45,1,0,0.57,1,0,0
USR8543,57,2,43524,59,11651,300000,0.2676913886591306,0.038836666666666665,1,561,0.56,3,0,0.73,1,0,0
USR6857,47,4,10745,73,12772,500000,1.188645881805491,0.025544,0,315,0.66,1,0,0.95,2,0,0
USR2671,18,1,42621,230,38230,200000,0.8969756692710167,0.19115,14,429,0.59,0,0,0.98,2,0,0
USR5814,54,2,55812,103,39408,200000,0.7060847129649538,0.19704,8,219,0.25,1,1,0.81,1,0,0
USR4084,67,5,46187,127,69534,100000,1.5054885573862775,0.69534,12,345,0.5,0,0,0.31,0,0,0
USR1784,50,3,42030,117,65323,200000,1.5541993813942423,0.326615,1,238,0.59,0,0,0.79,1,0,0
USR8207,27,3,27462,247,39616,300000,1.442575194814653,0.13205333333333333,0,395,0.61,0,1,0.97,0,0,0
USR3237,55,2,35531,73,68270,300000,1.9214207311924798,0.22756666666666667,13,515,0.4,1,0,0.88,1,0,0
USR7406,26,2,44229,346,57270,200000,1.2948517940717628,0.28635,4,653,0.32,1,1,0.25,1,1,0
USR6112,23,2,57783,116,68741,100000,1.1896405517193638,0.68741,1,77,0.5,0,1,0.87,0,0,0
USR4803,27,0,39157,45,34079,100000,0.8703169292846745,0.34079,2,523,0.48,0,1,0.38,0,0,0
USR2530,23,1,35098,276,67381,300000,1.9197959997720668,0.22460333333333332,15,106,0.2,0,0,0.24,0,0,0
USR3997,48,3,48498,255,26207,500000,0.5403727988783043,0.052414,2,262,0.24,2,0,0.94,0,0,0
USR8252,67,3,12972,333,10565,300000,0.8144465001541782,0.03521666666666667,2,612,0.35,0,0,0.76,0,0,0
USR1114,70,4,27304,71,24546,100000,0.8989891590975682,0.24546,10,270,0.66,0,0,0.26,2,0,0
USR7542,43,0,21702,41,35531,300000,1.637222375817897,0.11843666666666666,5,355,0.81,2,1,0.98,0,0,0
USR5608,42,4,7770,340,2475,200000,0.3185328185328185,0.012375,2,456,0.73,1,0,0.87,1,0,0
USR6932,47,1,38038,163,53859,200000,1.4159261790840738,0.269295,10,460,0.36,1,1,0.13,2,0,0
USR7566,34,2,50204,71,1000,200000,0.019918731575173293,0.005,8,263,0.11,1,0,0.44,0,0,0
USR7931,33,2,22493,18,28870,300000,1.2835104254657004,0.09623333333333334,0,225,0.68,2,0,0.02,0,0,0
USR2130,44,2,49324,299,41067,200000,0.8325967074851999,0.205335,6,192,0.39,2,0,0.79,2,0,0
USR8484,23,2,59691,165,97847,500000,1.6392253438541824,0.195694,3,195,0.25,0,1,0.98,0,0,0
USR7671,40,2,11302,183,17617,200000,1.5587506635993629,0.088085,5,499,0.03,2,0,0.32,0,1,0
USR3864,40,4,57857,313,78338,100000,1.3539934666505349,0.78338,26,528,0.74,0,0,0.51,0,0,0
USR8745,68,2,10036,219,15107,500000,1.5052809884416103,0.030214,10,407,0.8,0,0,0.13,2,0,0
USR4507,37,4,30251,269,40758,200000,1.3473273610789727,0.20379,9,675,0.62,0,0,0.64,2,0,0
USR7509,26,0,41648,126,41216,300000,0.9896273530541683,0.13738666666666666,2,499,0.51,2,0,0.24,0,0,0
USR7718,27,0,53384,159,36442,100000,0.6826389929566912,0.36442,2,327,0.34,0,1,0.42,0,0,0
USR9839,48,2,52756,116,47059,500000,0.8920122829630753,0.094118,11,328,0.08,2,1,0.17,0,0,0
USR7350,26,0,24251,44,30033,200000,1.2384231578079254,0.150165,0,143,0.21,0,0,0.44,1,0,0
USR1484,31,0,31962,74,55144,100000,1.7252987923158751,0.55144,14,665,0.56,0,0,0.9,0,0,0
USR5278,69,0,59525,125,103023,200000,1.7307517849643008,0.515115,9,27,0.43,0,0,0.79,1,0,0
USR3379,28,3,35776,175,10244,300000,0.2863372093023256,0.034146666666666665,8,140,0.12,0,1,0.03,2,0,0
USR8761,57,0,21800,116,31332,100000,1.4372477064220184,0.31332,10,73,0.03,0,0,0.47,0,0,0
USR7125,31,2,33488,362,65694,200000,1.961717630195891,0.32847,5,411,0.83,0,0,0.35,2,0,0
USR1992,54,5,5591,29,9104,500000,1.628331246646396,0.018208,16,395,0.76,0,0,0.45,0,1,0
USR9816,44,2,27080,100,58727,300000,2.168648449039882,0.19575666666666666,4,167,0.61,1,0,0.54,1,0,0
USR4528,64,2,16159,276,1000,500000,0.061885017637230026,0.002,19,114,0.51,1,0,0.17,0,1,0
USR9387,24,3,15411,207,5666,300000,0.36765946401920707,0.018886666666666666,14,242,0.47,3,0,0.96,0,0,0
USR2209,55,3,32759,53,46976,200000,1.4339876064592936,0.23488,19,402,0.45,3,0,0.86,1,0,0
USR7032,27,5,45581,170,1000,500000,0.02193896579715232,0.002,7,258,0.45,3,0,0.98,1,0,0
USR7246,21,2,20611,278,9246,200000,0.4485954102178448,0.04623,1,688,0.75,0,0,0.38,2,0,0
USR2948,38,3,34881,210,20102,200000,0.5763022849115564,0.10051,3,273,0.99,0,0,0.31,0,0,0
USR7764,63,0,8838,48,8727,200000,0.9874405974202308,0.043635,7,502,0.42,1,1,0.19,2,0,0
USR8305,55,3,10914,219,14823,200000,1.3581638262781748,0.074115,3,659,0.42,0,0,0.18,0,0,0
USR3868,49,3,34263,126,45392,200000,1.3248110206345036,0.22696,3,352,0.64,1,0,0.73,0,1,0
USR3475,41,3,25567,195,23859,500000,0.9331951343528767,0.047718,8,268,0.96,1,0,0.9,2,0,0
USR6834,62,3,46190,267,71384,500000,1.545442736523057,0.142768,6,381,0.96,1,0,0.1,2,0,0
USR2289,67,0,44695,174,11079,500000,0.2478800760711489,0.022158,4,475,0.87,0,0,0.7,2,0,0
USR6239,58,0,35048,226,23945,200000,0.6832058890664232,0.119725,9,167,0.39,0,1,0.49,2,0,0
USR9885,29,0,21407,37,23432,100000,1.0945952258606997,0.23432,8,163,0.77,1,0,0.09,0,0,0
USR7881,45,1,25043,52,18956,300000,0.756938066525576,0.06318666666666667,11,224,0.33,2,0,0.43,0,0,0
USR2580,55,1,54410,103,1000,200000,0.01837897445322551,0.005,0,499,0.28,3,0,0.97,2,0,0
USR1856,50,1,5784,245,8472,500000,1.4647302904564314,0.016944,7,417,0.29,1,1,0.19,1,0,0
USR4598,23,3,27063,218,18939,200000,0.6998115508258508,0.094695,14,225,0.26,0,0,0.36,0,0,0
USR9894,35,1,25598,73,21767,300000,0.8503398703023674,0.07255666666666667,3,221,0.54,1,1,0.02,1,1,0
USR5111,47,5,48952,331,93448,300000,1.9089720542572315,0.31149333333333334,8,298,0.15,2,0,0.18,2,0,0
USR2709,61,3,14107,353,22859,500000,1.6204012192528532,0.045718,10,180,0.66,1,1,0.4,2,0,0
USR5748,28,3,14643,2,9630,100000,0.6576521204671174,0.0963,4,140,0.17,0,0,0.99,2,1,0
USR1714,36,2,18782,51,14483,100000,0.771110637844745,0.14483,9,621,0.9,1,0,0.66,1,0,0
USR6143,47,5,28259,352,1673,100000,0.05920237800346792,0.01673,5,326,0.29,0,0,0.27,2,1,0
USR2028,28,1,28284,218,20013,200000,0.7075731862537123,0.100065,2,547,0.06,0,1,0.27,0,0,0
USR1666,26,3,15302,127,18708,500000,1.2225852829695465,0.037416,2,524,0.8,0,1,0.54,0,1,0
USR7018,58,1,21997,320,32816,500000,1.491839796335864,0.065632,4,34,0.74,1,0,0.54,2,0,0
USR7921,23,2,17674,87,17667,500000,0.999603937988005,0.035334,5,596,0.75,1,0,0.82,0,0,0
USR6416,36,3,9791,77,14914,200000,1.523235624553161,0.07457,8,460,0.42,0,0,0.91,0,0,0
USR3965,18,1,29509,240,33742,300000,1.1434477616998204,0.11247333333333333,5,522,0.76,0,0,0.51,1,0,0
USR8939,44,1,41923,288,42190,300000,1.006368819025356,0.14063333333333333,4,278,0.85,0,0,0.02,0,0,0
USR8437,61,3,19610,204,1000,300000,0.05099439061703213,0.0033333333333333335,4,461,0.89,1,0,0.54,0,1,0
USR9807,38,6,51359,230,1000,500000,0.019470784088475242,0.002,1,485,0.27,1,0,0.54,2,0,0
USR4232,47,2,32195,114,65791,100000,2.0435160739245224,0.65791,2,500,0.77,3,0,0.96,0,0,1
USR7380,30,1,6816,215,13736,500000,2.0152582159624415,0.027472,12,11,0.2,0,0,0.16,2,0,0
USR7708,25,3,29563,288,27921,300000,0.9444575990258093,0.09307,6,285,0.06,1,0,0.22,2,0,0
USR4821,61,2,17342,277,8353,200000,0.4816630146465229,0.041765,2,196,0.71,3,1,0.53,0,0,0
USR1086,26,1,29908,49,58677,200000,1.9619165440684767,0.293385,1,23,0.42,1,0,0.65,2,1,0
USR4278,38,2,27185,174,6824,100000,0.2510207835203237,0.06824,12,334,0.01,2,0,0.52,1,1,0
USR2645,39,4,56432,358,39041,200000,0.6918237879217465,0.195205,13,24,0.24,3,0,0.26,2,1,0
USR4916,43,3,43311,198,45914,100000,1.060100205490522,0.45914,24,76,0.72,0,1,0.83,2,0,0
USR6037,46,2,21427,19,30461,200000,1.4216175852895878,0.152305,8,331,0.5,1,0,0.31,0,1,0
USR6463,59,2,24659,221,30704,100000,1.2451437608986577,0.30704,14,583,0.67,1,0,0.21,0,1,0
USR9650,48,2,32209,151,26395,300000,0.8194914464901114,0.08798333333333333,7,572,0.39,2,0,0.98,2,0,0
USR8122,24,1,58767,26,1000,100000,0.017016352714959077,0.01,1,291,0.16,3,0,0.28,0,0,0
USR3402,44,2,7552,16,1912,100000,0.2531779661016949,0.01912,9,606,0.25,2,0,0.17,1,1,0
USR2488,31,3,40224,199,78114,300000,1.9419749403341289,0.26038,1,364,0.11,3,0,0.81,2,1,1
USR2941,19,1,18546,48,24912,100000,1.3432546101585248,0.24912,10,116,0.13,1,0,0.4,0,1,0
USR2767,46,1,11630,281,7763,300000,0.6674978503869303,0.025876666666666666,5,226,0.54,1,1,0.7,2,1,0
USR5584,56,1,20021,216,11773,300000,0.5880325658059038,0.03924333333333333,15,125,0.14,0,1,0.86,0,0,0
USR8050,29,2,6415,122,6097,200000,0.9504286827747467,0.030485,5,105,0.34,0,1,0.96,1,0,0
USR4319,32,2,11163,279,4239,500000,0.3797366299381887,0.008478,3,353,0.51,2,0,0.13,0,1,0
USR3843,38,2,57587,59,63450,300000,1.1018111726604962,0.2115,3,26,0.75,0,0,0.28,1,0,0
USR5368,43,1,42921,104,36476,300000,0.8498404044640153,0.12158666666666666,3,85,0.4,3,1,0.85,0,0,0
USR5381,26,3,18731,79,14040,200000,0.7495595536810635,0.0702,9,418,0.24,0,0,0.63,0,1,0
USR7097,38,3,38615,154,7743,500000,0.20051793344555224,0.015486,15,414,0.39,1,0,0.26,0,0,0
USR3134,25,2,7365,201,10323,300000,1.4016293279022403,0.03441,14,550,0.31,3,0,0.29,0,0,0
USR5347,61,3,49387,232,64170,200000,1.2993297831413124,0.32085,3,501,0.02,0,1,0.73,0,1,0
USR9349,53,3,42924,36,31391,100000,0.7313158139968317,0.31391,33,566,0.14,0,0,0.92,2,0,0
USR3704,65,3,52021,304,55504,200000,1.0669537302243324,0.27752,24,678,0.82,1,0,0.86,0,0,0
USR2026,67,1,42389,322,31051,200000,0.7325249475099672,0.155255,9,622,0.45,0,0,0.69,0,0,0
USR4696,47,2,6137,151,1990,200000,0.3242626690565423,0.00995,5,445,0.21,0,0,0.59,2,1,0
USR7955,70,1,52037,112,1000,500000,0.01921709552818187,0.002,11,329,0.01,1,0,0.06,0,0,0
USR2089,39,2,16741,2,13935,500000,0.8323875515202198,0.02787,5,67,0.14,2,0,0.32,0,0,0
USR5497,57,1,13120,346,9565,500000,0.7290396341463414,0.01913,1,295,0.02,0,0,0.36,1,0,0
USR4283,25,3,51053,359,64464,500000,1.2626877950365307,0.128928,8,279,0.22,1,0,0.08,2,0,0
USR2833,28,3,32794,178,41588,500000,1.2681588095383303,0.083176,13,183,0.5,1,0,0.72,0,0,0
USR6787,41,0,17941,191,17338,500000,0.9663898333426231,0.034676,8,586,0.23,1,0,0.17,2,0,0
USR3877,26,3,49732,235,19077,300000,0.3835960749617952,0.06359,17,624,0.76,0,1,0.96,0,0,0
USR3784,19,0,40245,118,35429,300000,0.8803329606162256,0.11809666666666667,9,658,0.86,2,0,0.78,0,0,0
USR7931,18,2,41303,103,12457,300000,0.3016003680120088,0.041523333333333336,3,521,0.76,0,0,0.77,1,1,0
USR3876,28,1,5597,321,6699,500000,1.1968911917098446,0.013398,14,567,0.85,1,1,0.26,2,0,0
USR4223,34,2,20768,160,29006,500000,1.3966679506933743,0.058012,10,636,0.53,3,0,0.19,0,0,0
USR5801,62,3,52925,104,48733,300000,0.9207935758148323,0.16244333333333333,0,593,0.55,3,1,0.33,0,0,0
USR2589,50,3,54527,39,80722,300000,1.4804042034221578,0.26907333333333333,22,571,0.01,1,0,0.7,2,0,0
USR9726,66,4,58938,323,80587,200000,1.3673181987851641,0.402935,20,7,0.62,1,0,0.1,2,0,0
USR4523,56,4,6614,10,9902,100000,1.4971273057151497,0.09902,2,428,0.85,1,0,0.56,0,1,0
USR4111,24,2,34764,162,1000,200000,0.028765389483373604,0.005,10,5,0.37,3,0,0.08,1,1,0
USR4958,57,0,42132,161,45866,200000,1.0886262223488086,0.22933,4,331,0.62,0,0,0.6,0,1,0
USR3384,67,3,21979,13,40328,300000,1.8348423495154467,0.13442666666666667,6,224,0.37,0,1,0.13,1,0,0
USR6563,49,0,5947,186,2721,100000,0.4575416176223306,0.02721,17,49,0.83,2,0,0.45,1,1,0
USR1390,61,1,22488,342,35154,100000,1.5632337246531482,0.35154,17,79,0.98,2,1,0.14,0,0,0
USR2606,57,2,50320,256,47786,500000,0.9496422893481717,0.095572,2,479,0.57,1,0,0.95,1,1,0
USR1926,34,3,30037,61,39420,100000,1.3123813962779238,0.3942,4,376,0.71,0,0,0.3,0,0,0
USR2330,21,5,25293,345,25813,100000,1.020559047957933,0.25813,7,633,0.03,3,0,0.13,2,0,0
USR3110,46,4,54094,201,60326,300000,1.1152068621288866,0.20108666666666666,20,168,0.05,0,0,0.93,0,0,0
USR2450,34,5,54528,70,63434,200000,1.1633289319248827,0.31717,5,398,0.23,1,0,0.61,1,0,0
USR3590,36,1,36541,225,57924,200000,1.5851782928764948,0.28962,8,587,0.12,0,0,0.45,0,0,0
USR8204,41,5,51246,312,29744,100000,0.580416032470827,0.29744,9,157,0.29,3,0,0.14,2,1,0
USR3455,23,2,5246,73,8169,200000,1.5571864277544796,0.040845,11,307,0.24,3,0,0.04,2,0,0
USR7809,50,3,8691,316,5581,300000,0.6421585548268324,0.018603333333333333,5,544,0.43,3,0,0.88,2,0,0
USR3221,50,6,48075,60,52157,500000,1.0849089963598544,0.104314,19,66,0.27,3,0,0.78,0,0,0
USR8416,66,2,55460,5,73625,300000,1.3275333573746844,0.24541666666666667,4,648,0.53,3,0,0.6,1,1,0
USR6477,28,0,54684,290,35280,500000,0.6451612903225806,0.07056,18,132,0.36,1,0,0.41,0,0,0
USR5621,69,2,35955,210,60122,200000,1.6721457377277151,0.30061,9,486,0.64,3,0,0.31,0,0,0
USR9844,27,2,18435,53,27379,300000,1.485164090046108,0.09126333333333334,4,163,0.64,0,0,0.77,1,1,0
USR5363,20,4,13556,18,5447,100000,0.40181469460017705,0.05447,1,294,0.86,0,0,0.03,0,0,0
USR1336,59,0,23660,208,38053,500000,1.60832628909552,0.076106,23,90,0.59,2,0,0.93,0,1,0
USR4956,18,0,44426,266,1000,100000,0.022509341376671318,0.01,5,340,0.11,0,0,0.68,0,0,0
USR2906,27,3,15060,183,37873,500000,2.5148074369189906,0.075746,5,609,0.84,0,0,0.48,0,0,0
USR8468,35,2,57399,261,82166,200000,1.431488353455635,0.41083,20,246,0.95,0,0,0.44,2,1,0
USR5400,58,3,29945,99,37794,300000,1.2621138754383037,0.12598,7,685,0.38,1,1,0.24,2,0,0
USR2429,27,2,31911,287,1000,200000,0.03133715646642224,0.005,13,687,0.45,2,0,0.25,2,1,0
USR1262,36,3,15956,136,20554,100000,1.2881674605164202,0.20554,3,255,0.93,1,0,0.4,1,0,0
USR6880,64,3,44938,178,24045,200000,0.5350705416351418,0.120225,11,492,0.06,3,0,0.8,0,0,0
USR5051,47,1,26343,283,57431,500000,2.1801237520403904,0.114862,5,163,0.33,1,0,0.7,0,0,0
USR5941,43,4,42997,191,49606,300000,1.1537083982603438,0.16535333333333332,7,199,0.83,1,0,0.4,1,1,0
USR4521,49,3,12257,155,7395,100000,0.6033287101248266,0.07395,1,382,0.77,0,0,0.13,2,0,0
USR2878,61,3,30551,226,43929,300000,1.4378907400739747,0.14643,11,323,0.57,2,0,0.96,0,0,0
USR5898,65,1,35279,55,79442,500000,2.2518211967459396,0.158884,8,379,0.38,0,1,0.72,1,1,1
USR7055,45,1,24703,63,25196,100000,1.0199570902319557,0.25196,13,89,0.83,2,0,0.82,0,0,0
USR7884,55,5,25593,258,70785,200000,2.7657953346618216,0.353925,11,592,0.54,0,0,0.57,2,0,0
USR8929,56,5,12715,245,7570,100000,0.5953598112465592,0.0757,12,25,0.34,1,0,0.06,1,0,0
USR7864,40,2,37021,18,26996,100000,0.7292077469544312,0.26996,2,431,0.26,1,0,0.35,1,0,0
USR7301,60,3,46911,267,10764,200000,0.22945577796252478,0.05382,0,294,0.62,1,0,0.5,2,0,0
USR4193,30,2,14797,280,11815,200000,0.7984726633777117,0.059075,8,160,0.9,2,1,0.34,0,1,0
USR2289,37,3,35436,170,47390,500000,1.3373405576250141,0.09478,3,524,0.98,0,0,0.31,2,1,0
USR8541,42,4,42081,196,57402,100000,1.3640835531475013,0.57402,5,235,0.88,1,1,0.32,1,1,0
USR6801,37,2,5615,45,4776,300000,0.8505788067675868,0.01592,8,511,0.08,1,0,0.79,0,1,0
USR5031,22,2,5944,212,5468,500000,0.9199192462987887,0.010936,5,610,0.55,3,0,0.71,1,1,0
USR9032,27,0,33114,168,43919,300000,1.326297034486924,0.14639666666666667,10,465,0.25,1,1,0.62,1,0,0
USR4540,69,3,40335,271,109194,500000,2.707177389364076,0.218388,3,358,0.65,1,0,0.92,1,0,0
USR7805,54,0,54982,271,1000,300000,0.018187770543086828,0.0033333333333333335,15,672,0.53,0,0,0.88,2,0,0
USR7151,37,2,51022,258,55142,300000,1.0807494806162048,0.18380666666666667,0,499,0.72,0,0,0.09,0,0,0
USR4568,48,3,41355,36,30727,200000,0.7430056825051384,0.153635,5,77,0.69,0,0,0.29,0,1,0
USR7583,56,2,40285,59,33398,300000,0.829043068139506,0.11132666666666667,1,611,0.05,1,0,0.6,0,0,0
USR3601,20,0,38077,233,64624,100000,1.69719253092418,0.64624,12,349,0.11,0,0,0.47,2,1,0
USR6204,44,0,36746,148,25176,500000,0.6851357970935612,0.050352,9,680,0.83,2,1,0.01,1,1,0
USR6334,44,1,14759,200,19772,100000,1.3396571583440613,0.19772,5,300,0.78,1,0,0.29,1,0,0
USR3234,23,4,11840,203,4578,500000,0.3866554054054054,0.009156,2,682,0.3,0,0,0.73,2,0,0
USR6246,31,1,54967,255,1000,100000,0.018192733822111447,0.01,0,676,0.71,2,0,0.07,2,0,0
USR8560,65,1,37360,247,13180,300000,0.35278372591006424,0.04393333333333333,7,41,0.15,0,0,0.79,2,0,0
USR8449,53,2,33924,189,19895,300000,0.5864579648626341,0.06631666666666666,5,477,0.87,0,0,0.66,2,0,0
USR8018,67,2,10056,80,1000,100000,0.09944311853619729,0.01,11,120,0.26,3,0,0.72,2,0,0
USR5804,42,3,51052,260,72642,500000,1.4229021389955339,0.145284,8,11,0.21,3,0,0.92,1,1,0
USR3581,48,4,59446,338,26128,200000,0.4395249470107324,0.13064,9,465,0.01,2,1,0.75,0,0,0
USR9619,28,0,59638,85,50178,100000,0.8413763036989839,0.50178,0,208,0.5,2,0,0.04,0,0,0
USR2646,53,1,30594,147,64858,200000,2.1199581617310583,0.32429,18,327,0.21,0,1,0.07,0,0,0
USR5228,31,2,19901,16,28897,100000,1.4520375860509522,0.28897,6,589,0.38,2,0,0.46,0,0,0
USR6356,29,0,28985,224,30632,300000,1.056822494393652,0.10210666666666667,2,407,0.06,0,0,0.96,0,0,0
USR4901,19,1,39512,165,11603,500000,0.29365762300060744,0.023206,9,700,0.47,1,0,0.72,0,0,0
USR1735,33,2,55603,236,26281,300000,0.47265435318238225,0.08760333333333334,5,419,0.46,1,0,0.98,0,0,0
USR3415,31,1,48809,164,78561,200000,1.6095597123481324,0.392805,2,664,0.42,1,1,0.44,2,0,0
USR5221,59,2,9674,306,15154,500000,1.5664668182757908,0.030308,0,575,0.16,2,1,0.04,0,1,0
USR4803,47,2,49839,128,58550,200000,1.17478280061799,0.29275,1,11,0.34,1,0,0.31,0,1,0
USR4866,59,3,16881,271,24375,500000,1.4439310467389372,0.04875,19,346,0.83,3,0,0.07,2,0,0
USR3517,46,3,11553,229,11485,500000,0.9941140829221847,0.02297,13,419,0.82,0,1,0.4,1,0,0
USR2035,63,0,43976,124,40274,200000,0.915817718755685,0.20137,1,559,0.34,2,0,0.72,1,0,0
USR4874,25,1,40001,321,37267,300000,0.9316517087072823,0.12422333333333334,10,522,0.34,2,0,0.01,0,0,0
USR9252,62,1,31171,192,24467,300000,0.7849282987392128,0.08155666666666667,3,77,0.36,2,0,0.79,2,0,0
USR8824,64,1,43255,327,67688,100000,1.5648595538088081,0.67688,14,553,0.15,0,0,0.91,1,1,0
USR3582,29,0,40191,151,75854,500000,1.8873379612351024,0.151708,6,516,0.23,0,0,0.49,0,0,0
USR8289,69,2,36283,262,50706,300000,1.3975139872667641,0.16902,0,63,0.7,0,0,0.25,1,0,0
USR9597,68,1,34888,239,44555,300000,1.2770866773675762,0.14851666666666666,12,195,0.29,0,1,0.17,0,0,0
USR4187,58,2,22522,158,42074,500000,1.8681289405914216,0.084148,0,107,0.39,0,0,0.33,0,0,0
USR7027,50,2,17460,117,5654,500000,0.32382588774341353,0.011308,14,266,0.91,2,1,0.28,2,0,0
USR8829,51,5,11439,308,5895,100000,0.5153422501966956,0.05895,2,84,0.38,0,0,0.67,2,1,0
USR3681,35,3,36510,213,50032,300000,1.3703642837578744,0.16677333333333333,6,51,0.48,0,0,0.7,0,0,0
USR9382,49,5,51152,307,24741,300000,0.48367610259618393,0.08247,1,229,0.04,0,1,0.31,0,0,0
USR7962,48,1,53218,198,1000,200000,0.018790634747641775,0.005,16,390,0.58,2,0,0.52,0,0,0
USR2020,70,3,8201,143,1000,100000,0.12193634922570418,0.01,6,418,0.51,0,0,0.02,1,0,0
USR1873,30,3,16217,344,1348,200000,0.08312264907196153,0.00674,1,600,0.01,2,0,0.27,1,0,0
USR9675,58,0,6218,325,10260,500000,1.6500482470247668,0.02052,3,58,0.43,0,0,0.55,0,0,0
USR1800,52,2,21878,344,13044,500000,0.5962153761769814,0.026088,11,394,0.72,0,1,0.8,2,1,0
USR1078,24,1,37813,256,11706,500000,0.30957607172136564,0.023412,5,129,0.22,0,1,0.65,2,0,0
USR3940,68,1,27705,132,2772,500000,0.10005414185165133,0.005544,5,297,0.27,0,1,0.17,0,0,0
USR1661,39,4,6645,187,4777,100000,0.7188863807373965,0.04777,1,596,0.55,1,1,0.58,1,1,0
USR2435,52,0,20203,284,25169,100000,1.245805078453695,0.25169,1,343,0.47,2,1,0.78,0,0,0
USR2177,45,3,48262,36,88347,200000,1.8305706352824167,0.441735,1,327,0.43,2,0,0.46,2,0,0
USR2131,25,3,9429,91,8323,100000,0.882702301410542,0.08323,10,97,0.11,1,0,0.49,0,0,0
USR7938,24,2,42321,343,56102,500000,1.3256303017414521,0.112204,7,256,0.0,0,0,0.73,2,0,0
USR2061,21,4,26395,220,23664,200000,0.8965334343625687,0.11832,7,388,0.82,0,0,0.27,1,1,0
USR7518,54,1,42190,219,97916,100000,2.32083432092913,0.97916,10,568,1.0,0,1,0.4,0,0,0
USR7198,53,2,38593,21,24199,300000,0.6270308086958775,0.08066333333333334,5,501,0.1,0,0,0.66,2,0,0
USR8536,32,1,14984,18,11885,100000,0.7931793913507742,0.11885,6,405,0.26,3,0,0.51,1,1,0
USR1925,61,4,10965,49,1000,100000,0.09119927040583675,0.01,3,275,0.43,0,0,0.3,0,1,0
USR4666,60,2,6080,326,9034,500000,1.4858552631578947,0.018068,0,134,0.96,0,0,0.7,2,0,0
USR9894,61,2,39019,58,69834,300000,1.78974345831518,0.23278,13,120,0.86,0,1,0.48,0,0,0
USR8442,45,5,44809,341,68773,500000,1.5348032761275636,0.137546,4,644,0.16,1,0,1.0,2,0,0
USR6456,52,0,54901,173,68646,500000,1.2503597384382799,0.137292,2,58,0.36,0,0,0.12,0,1,0
USR1449,22,6,56048,134,96680,100000,1.7249500428204396,0.9668,8,65,0.5,1,1,0.65,1,0,0
USR4246,70,1,14286,358,13860,300000,0.9701805963880722,0.0462,14,208,0.34,1,0,0.15,2,0,0
USR7537,47,2,59021,34,80510,200000,1.3640907473611088,0.40255,13,268,0.01,2,0,0.43,2,1,0
USR3552,63,2,20195,85,28201,300000,1.3964347610794752,0.09400333333333333,1,142,0.58,0,0,0.17,0,0,0
USR6745,24,1,44643,295,82689,200000,1.8522276728714469,0.413445,0,232,0.55,1,0,0.42,2,1,0
USR5909,35,3,30167,302,4673,200000,0.1549043656976166,0.023365,0,460,0.18,2,0,0.55,0,1,0
USR3425,66,1,37695,139,51242,300000,1.3593845337577928,0.17080666666666666,12,537,0.73,3,1,0.1,0,0,0
USR8112,21,3,43051,64,23090,500000,0.5363406192655222,0.04618,14,698,0.41,3,1,0.93,0,0,0
USR2515,24,4,16231,275,22482,500000,1.3851272256792557,0.044964,3,153,0.1,0,0,0.61,2,1,0
USR8055,67,2,34968,219,50606,500000,1.4472088766872568,0.101212,4,268,0.3,0,0,0.54,2,0,0
USR2048,53,0,44776,151,62143,200000,1.3878640343040916,0.310715,24,618,0.09,3,0,0.45,1,0,0
USR3346,35,4,8199,189,14549,300000,1.7744846932552751,0.04849666666666667,1,211,0.62,3,1,0.08,2,0,0
USR8163,70,2,53927,167,21550,200000,0.3996142933966288,0.10775,0,269,0.33,1,0,0.27,1,0,0
USR5066,26,2,26682,97,4008,500000,0.15021362716438047,0.008016,0,542,0.17,0,0,0.35,2,0,0
USR9227,46,3,58740,148,82357,100000,1.402059925093633,0.82357,11,159,0.86,2,0,0.0,1,1,0
USR4476,52,3,34613,90,32766,300000,0.9466385462109612,0.10922,0,683,0.19,1,1,0.49,1,1,0
USR5731,22,4,25827,5,35007,500000,1.3554419793239634,0.070014,5,333,0.61,3,1,0.22,0,0,0
USR9838,65,2,30702,99,1000,100000,0.03257116800208455,0.01,1,65,0.47,0,1,0.82,0,0,0
USR9474,64,0,27480,276,34973,500000,1.2726710334788938,0.069946,0,412,0.44,0,0,0.25,1,0,0
USR1572,61,2,8055,267,5520,300000,0.6852886405959032,0.0184,25,28,0.87,2,0,0.03,0,0,0
USR2627,60,6,26770,336,7190,300000,0.26858423608516996,0.023966666666666667,20,338,0.56,2,0,0.43,2,1,0
USR7346,66,5,27266,353,32186,300000,1.1804445096457126,0.10728666666666667,12,474,0.67,0,1,0.01,1,1,0
USR3999,23,6,21108,167,16240,500000,0.7693765397005875,0.03248,1,381,0.56,0,0,0.76,0,0,0
USR6341,58,2,45667,73,67482,300000,1.4776972430858168,0.22494,8,265,0.88,0,0,0.7,0,0,0
USR8608,64,2,36340,335,46703,500000,1.2851678591084206,0.093406,2,242,0.91,1,0,0.54,2,0,0
USR7801,70,1,54223,309,40408,100000,0.7452188185825204,0.40408,20,267,0.24,0,0,0.88,2,0,0
USR8734,35,4,11661,115,5640,500000,0.4836634936969385,0.01128,0,124,0.44,0,0,0.06,0,0,0
USR4846,30,4,25621,278,21385,500000,0.8346668748292416,0.04277,5,458,0.62,0,0,0.06,0,1,0
USR1440,29,0,59479,20,39523,500000,0.6644866255317002,0.079046,2,265,0.37,2,0,0.85,0,1,0
USR7415,69,3,52664,89,60281,200000,1.1446339055142032,0.301405,7,682,0.61,0,0,0.49,0,1,0
USR5633,65,1,36891,319,20760,300000,0.56273887940148,0.0692,0,216,0.51,0,0,0.32,1,1,0
USR2213,47,1,57882,208,10271,500000,0.1774472202066273,0.020542,11,594,0.67,0,1,0.75,0,0,0
USR7221,41,2,15753,56,20093,100000,1.2755030787786454,0.20093,3,266,0.72,0,0,0.07,2,0,0
USR7720,25,6,18686,336,12426,500000,0.6649898319597559,0.024852,5,580,0.01,2,1,0.12,0,0,0
USR2807,53,3,20797,190,12887,300000,0.6196566812521037,0.042956666666666664,4,33,0.89,2,0,0.89,2,0,0
USR6453,67,3,48060,144,44785,300000,0.9318560133166874,0.14928333333333332,5,291,0.8,0,0,0.42,0,1,0
USR2524,68,1,14616,210,13468,300000,0.921455938697318,0.044893333333333334,2,414,0.81,0,1,0.83,2,0,0
USR6988,24,2,45112,132,1000,300000,0.022167050895548854,0.0033333333333333335,1,267,0.5,1,0,0.46,0,0,0
USR5042,21,1,20816,304,1000,200000,0.048039969254419675,0.005,0,559,0.86,0,0,0.54,0,0,0
USR4200,63,3,15223,121,1000,500000,0.06569007422978387,0.002,1,463,0.38,0,0,0.64,1,0,0
USR7233,48,3,18672,319,41114,500000,2.2019065981148245,0.082228,7,398,0.09,0,0,0.46,1,1,0
USR1579,43,3,8889,339,1992,100000,0.2240971987850152,0.01992,6,425,0.31,0,0,0.32,0,0,0
USR8567,33,1,39954,39,71727,100000,1.7952395254542723,0.71727,12,416,0.48,1,1,0.51,2,0,0
USR4704,18,7,58788,8,68332,300000,1.1623460570184392,0.22777333333333333,1,291,0.73,0,0,0.97,0,0,0
USR6874,29,1,23433,87,36754,500000,1.5684718132548117,0.073508,11,604,0.19,2,0,0.26,0,0,0
USR1496,68,3,17165,25,7242,500000,0.42190503932420625,0.014484,8,36,0.02,0,0,0.36,0,0,0
USR2029,68,2,9754,58,12331,500000,1.2641993028501128,0.024662,1,673,0.98,3,1,0.02,0,0,0
USR6235,23,2,55537,228,63121,300000,1.1365576102418207,0.21040333333333333,10,480,0.24,3,1,0.89,2,0,0
USR1333,42,1,30168,156,51047,100000,1.6920909573057545,0.51047,15,472,0.67,0,0,0.94,1,0,0
USR7111,70,1,58860,271,1790,300000,0.030411145090044174,0.005966666666666667,0,517,0.45,0,0,0.38,0,0,0
USR1372,51,2,26146,277,27639,300000,1.0571024248451006,0.09213,1,16,0.05,3,0,0.6,1,0,0
USR3120,30,5,35624,238,31937,100000,0.8965023579609253,0.31937,1,235,0.1,1,1,0.62,1,0,0
USR4930,32,1,15885,21,17750,200000,1.1174063581995592,0.08875,13,632,0.35,3,0,0.82,1,0,0
USR5225,69,2,47597,102,41813,500000,0.8784797361178226,0.083626,7,192,1.0,0,0,0.26,1,1,0
USR2504,28,4,19219,7,25222,100000,1.3123471564597533,0.25222,3,433,0.19,1,0,0.39,2,0,0
USR1575,42,3,27560,260,31364,500000,1.1380261248185777,0.062728,4,227,0.25,1,0,0.96,1,0,0
USR8531,52,0,30721,53,19871,100000,0.6468213925327951,0.19871,13,509,0.55,2,0,0.29,1,0,0
USR2551,41,2,26330,273,33711,100000,1.2803266236232433,0.33711,1,659,0.25,0,0,0.42,0,1,0
USR2372,46,2,11749,134,11420,300000,0.9719976168184526,0.038066666666666665,9,219,0.83,0,0,0.98,0,0,0
USR7651,19,2,9382,91,24471,200000,2.608292474952036,0.122355,2,365,0.69,0,1,0.11,1,1,0
USR7484,38,2,22509,159,38771,100000,1.7224665689279843,0.38771,11,660,0.16,1,0,0.74,0,1,0
USR6281,49,1,49322,185,83685,300000,1.6967073516889015,0.27895,2,515,0.37,0,0,0.6,2,1,0
USR1815,48,3,11414,116,13142,100000,1.151393026108288,0.13142,2,552,0.63,0,0,0.05,0,0,0
USR8321,43,2,10922,149,4285,200000,0.39232741256180187,0.021425,12,11,0.86,1,0,0.89,0,0,0
USR6841,52,1,21212,139,29463,300000,1.388977937016783,0.09821,8,30,0.25,0,1,0.5,0,0,0
USR4083,55,4,22175,151,47290,500000,2.1325817361894024,0.09458,3,662,0.29,1,0,0.97,2,1,1
USR4432,67,3,8793,202,12023,300000,1.3673376549528033,0.04007666666666666,6,568,0.61,0,0,0.15,0,0,0
USR9347,56,3,8811,189,11672,200000,1.3247077516740438,0.05836,13,537,0.08,1,1,0.42,1,0,0
USR5577,59,1,24362,233,1000,200000,0.0410475330432641,0.005,13,493,0.78,0,1,0.84,1,0,0
USR7168,70,2,32140,56,44433,100000,1.382482887367766,0.44433,3,500,1.0,0,0,0.67,0,0,0
USR5631,65,4,9899,286,17644,200000,1.7824022628548337,0.08822,2,257,0.76,1,1,0.85,0,0,0
USR6849,45,3,20991,133,28993,100000,1.3812109951884142,0.28993,3,304,0.33,3,0,0.29,2,0,0
USR7011,23,1,16877,130,17079,300000,1.0119689518279316,0.05693,2,83,0.51,0,0,0.53,2,0,0
USR5960,46,3,30710,145,29063,100000,0.9463692608270922,0.29063,0,500,0.62,0,0,0.84,0,0,0
USR1844,60,2,35041,307,31063,300000,0.8864758425844012,0.10354333333333333,5,598,0.49,1,0,0.36,0,0,0
USR7647,21,2,39474,101,43984,200000,1.114252419313979,0.21992,0,584,0.1,3,0,0.84,1,0,0
USR4492,24,2,27578,38,32724,100000,1.1865980129088405,0.32724,2,270,0.17,1,0,0.53,1,1,0
USR2768,65,2,35832,108,20366,500000,0.5683746371958026,0.040732,6,643,0.77,1,1,0.72,1,0,0
USR1181,34,2,42886,51,46788,100000,1.090985403161871,0.46788,2,622,0.33,0,1,0.44,2,0,0
USR7833,60,3,24355,330,27506,300000,1.1293779511393964,0.09168666666666667,7,671,0.45,0,0,0.71,0,1,0
USR5706,55,1,32195,136,34676,300000,1.077061655536574,0.11558666666666667,1,633,0.43,1,0,0.33,1,1,0
USR8978,37,0,11584,201,20114,200000,1.736360497237569,0.10057,8,318,0.83,3,0,0.07,2,1,0
USR3381,58,1,27841,7,37048,500000,1.3306993283287238,0.074096,5,679,0.87,2,0,0.3,1,0,0
USR8296,34,1,59643,30,21232,200000,0.3559847760843687,0.10616,5,521,0.65,3,1,0.07,0,0,0
USR8540,35,2,30822,345,45393,100000,1.4727467393420284,0.45393,9,369,0.43,3,0,0.93,0,0,0
USR9066,38,3,15375,5,8551,100000,0.5561626016260163,0.08551,1,475,0.45,3,0,0.65,0,0,0
USR6414,39,2,14643,171,14513,200000,0.9911220378337773,0.072565,8,604,0.55,1,0,0.53,2,0,0
USR8447,58,1,31149,68,39002,300000,1.252110822177277,0.13000666666666666,3,390,0.48,1,0,0.56,0,1,0
USR9139,37,3,30301,189,70179,500000,2.316062176165803,0.140358,13,589,0.09,1,0,0.47,0,0,0
USR3180,69,1,19205,123,4825,500000,0.25123665712054155,0.00965,3,48,0.92,1,1,0.42,0,0,0
USR4534,37,1,44181,354,47043,500000,1.0647789773884702,0.094086,14,681,0.75,0,0,0.14,0,1,0
USR3711,20,2,34723,263,25068,100000,0.7219422284940817,0.25068,2,85,0.29,2,0,0.61,1,1,0
USR3021,21,5,59583,101,117859,500000,1.978064212946646,0.235718,8,394,0.22,3,0,0.37,0,1,0
USR4536,57,3,16432,276,10198,300000,0.6206183057448881,0.033993333333333334,10,630,0.42,1,0,0.49,2,1,0
USR2222,26,2,13981,364,15942,100000,1.1402617838495102,0.15942,15,252,0.38,0,0,0.93,2,0,0
USR6155,22,2,42869,77,26739,100000,0.6237374326436352,0.26739,5,502,0.88,1,0,0.44,1,0,0
USR9442,60,1,6711,253,5884,100000,0.8767694829384592,0.05884,5,689,0.41,1,0,0.46,1,0,0
USR7616,39,2,7246,350,8494,200000,1.172232956113718,0.04247,13,124,0.19,3,0,0.29,0,0,0
USR4445,20,2,14557,99,2855,200000,0.1961255753245861,0.014275,1,143,0.85,1,1,0.31,1,1,0
USR9574,62,1,53897,117,58994,200000,1.0945692710169397,0.29497,7,270,0.97,1,0,0.48,2,0,0
USR6522,20,2,32825,152,29306,200000,0.8927951256664128,0.14653,1,197,0.83,0,0,0.33,0,0,0
USR7317,66,1,58233,189,1000,200000,0.01717239365995226,0.005,9,639,0.94,1,0,0.76,0,1,0
USR2904,46,1,36949,314,39233,500000,1.0618149340983518,0.078466,10,52,0.37,0,1,0.95,0,0,0
USR4418,42,1,37019,11,44517,200000,1.2025446392393095,0.222585,11,524,0.39,2,0,0.37,0,1,0
USR8693,43,1,24014,40,38258,100000,1.5931539935037895,0.38258,2,371,0.76,1,1,0.61,1,1,0
USR8593,32,1,18207,37,1364,500000,0.0749162410062064,0.002728,5,171,0.2,1,0,0.17,2,0,0
USR6553,66,2,40548,4,31335,200000,0.772787807043504,0.156675,9,327,0.52,2,1,0.26,2,0,0
USR7234,23,3,10008,124,3484,500000,0.3481215027977618,0.006968,10,626,0.75,0,0,0.34,1,0,0
USR7638,37,1,38716,102,19019,100000,0.49124393015807416,0.19019,1,100,0.65,2,1,0.12,0,0,0
USR2788,42,3,33548,259,5923,200000,0.1765529986884464,0.029615,3,28,0.21,3,1,0.01,0,0,0
USR3981,50,3,9001,241,13603,100000,1.5112765248305744,0.13603,6,31,0.71,3,1,0.72,1,0,0
USR7965,46,0,27189,307,32761,200000,1.2049358196329398,0.163805,4,18,0.86,2,0,0.51,0,0,0
USR2011,54,2,25096,29,17643,300000,0.7030204016576347,0.05881,2,451,0.41,2,0,0.35,0,0,0
USR2986,24,1,28513,280,40800,300000,1.4309262441693262,0.136,13,250,0.95,0,0,0.6,2,0,0
USR7238,22,1,45178,242,79849,100000,1.7674310505113109,0.79849,1,684,0.6,0,0,0.64,0,0,0
USR3433,42,1,19101,138,7387,300000,0.3867336788649809,0.024623333333333334,9,375,0.72,1,1,0.72,0,0,0
USR8252,57,1,13498,146,13990,300000,1.0364498444213959,0.04663333333333333,21,252,0.03,1,0,0.92,2,0,0
USR2495,66,2,49436,33,91178,500000,1.8443644307791893,0.182356,7,67,0.04,0,0,0.57,1,0,0
USR1707,63,2,17647,140,29245,200000,1.6572221907406357,0.146225,5,475,0.29,3,1,0.13,2,0,0
USR4829,44,4,39353,28,66712,500000,1.695220186516911,0.133424,5,7,0.1,0,0,0.45,0,0,0
USR1066,50,1,9959,105,27205,100000,2.7316999698764937,0.27205,10,349,0.41,0,0,0.46,2,1,0
USR7218,67,0,27455,74,13165,100000,0.47951192861045344,0.13165,6,489,0.97,0,0,0.04,1,0,0
USR2285,63,3,26711,45,40530,200000,1.5173524016322864,0.20265,13,176,0.25,0,0,0.83,0,0,0
USR5971,45,2,20377,267,17990,100000,0.8828581243558914,0.1799,0,127,0.6,0,0,0.51,0,0,0
USR5786,54,1,47819,249,70131,100000,1.4665927769296723,0.70131,1,446,0.26,2,0,0.18,2,0,0
USR9566,34,4,23761,212,17948,500000,0.7553554143344136,0.035896,3,487,0.31,0,0,0.51,0,1,0
USR7949,56,4,38387,329,51908,100000,1.3522286190637456,0.51908,7,159,0.15,1,0,0.18,0,0,0
USR1330,66,2,33669,96,33426,100000,0.9927826784282278,0.33426,1,369,0.61,0,1,0.27,2,0,0
USR2326,49,3,22043,171,29265,300000,1.3276323549426121,0.09755,2,378,0.42,1,0,0.58,2,0,0
USR2917,36,3,30727,41,6247,100000,0.20330653822371206,0.06247,3,216,0.9,0,0,0.2,2,0,0
USR8981,53,0,9511,66,10151,200000,1.0672905057302071,0.050755,5,342,0.91,1,0,0.95,1,0,0
USR8845,29,4,57157,69,32460,500000,0.5679094424130028,0.06492,11,548,0.08,0,0,0.87,0,0,0
USR8069,61,4,38297,260,71838,500000,1.8758127268454448,0.143676,0,383,0.9,1,0,0.93,0,0,1
USR9226,33,1,57913,246,121850,200000,2.104018096109682,0.60925,13,515,0.19,0,0,0.39,0,1,0
USR4849,40,3,41855,174,70840,500000,1.6925098554533509,0.14168,2,293,0.25,3,0,0.76,2,1,0
USR8039,36,2,40934,158,69084,200000,1.687692382860214,0.34542,16,584,0.61,0,0,0.85,1,1,0
USR4008,39,4,28634,292,32193,300000,1.124292798770692,0.10731,13,316,0.92,0,0,0.55,0,0,0
USR6041,67,1,14034,320,15284,300000,1.0890694028787231,0.05094666666666667,9,387,0.88,1,0,0.68,0,0,0
USR1769,60,2,11321,127,6202,100000,0.5478314636516208,0.06202,12,568,0.86,0,0,0.52,0,0,0
USR2314,22,2,50206,347,49164,100000,0.9792455085049596,0.49164,13,361,0.46,1,0,0.57,2,0,0
USR7620,50,1,54349,199,51182,100000,0.9417284586652929,0.51182,21,631,0.19,0,0,0.02,0,0,0
USR5754,52,1,38100,296,41297,200000,1.0839107611548557,0.206485,10,95,0.25,1,0,0.92,0,0,0
USR1711,56,5,6064,276,5698,500000,0.9396437994722955,0.011396,9,247,0.77,0,0,0.17,0,0,0
USR1688,65,4,25473,10,42118,500000,1.653436972480666,0.084236,7,591,0.94,1,0,0.17,0,1,0
USR3378,66,2,50180,328,53733,500000,1.0708051016341171,0.107466,10,368,0.53,1,0,0.27,0,0,0
USR1749,24,2,49813,218,98934,500000,1.9861080440848775,0.197868,8,58,0.22,1,1,0.06,2,0,0
USR2697,47,1,41535,85,78222,500000,1.8832791621524017,0.156444,12,247,0.39,2,0,0.9,2,0,0
USR9655,35,4,24708,39,2944,100000,0.11915169175975393,0.02944,4,512,0.54,0,0,0.96,0,0,0
USR2929,49,1,19002,114,22811,500000,1.2004525839385327,0.045622,9,244,0.36,3,1,0.73,0,0,0
USR4964,41,0,54730,11,48030,500000,0.8775808514525855,0.09606,6,253,0.9,2,0,0.52,1,1,0
USR5341,23,4,26143,162,26965,100000,1.031442451134147,0.26965,12,572,0.75,0,0,0.44,0,0,0
USR5631,19,2,55235,253,100204,200000,1.814139585407803,0.50102,16,653,0.9,1,0,0.51,0,0,0
USR9967,27,5,50460,60,69514,300000,1.37760602457392,0.23171333333333333,3,134,0.69,1,1,0.99,0,0,0
USR1652,24,3,30654,15,23953,100000,0.781398838650747,0.23953,22,214,0.35,0,0,0.86,0,1,0
USR1799,43,1,39579,5,28964,500000,0.7318022183481139,0.057928,18,153,0.24,1,1,0.62,1,0,0
USR9664,18,1,38521,305,67554,300000,1.7536927909451987,0.22518,15,558,0.25,1,0,0.32,1,1,0
USR4616,20,3,23366,234,6456,300000,0.2762988958315501,0.02152,20,194,0.62,0,0,0.21,0,0,0
USR6598,57,2,6532,96,7758,200000,1.1876913655848131,0.03879,6,165,0.64,0,0,0.03,0,0,0
USR3569,49,6,41509,134,47472,100000,1.1436555927630152,0.47472,10,81,0.74,0,0,0.83,0,0,0
USR7540,56,1,5903,280,4547,200000,0.7702862951041843,0.022735,1,564,0.84,1,0,0.33,0,0,0
USR2410,64,2,39764,178,52992,300000,1.3326627099889348,0.17664,11,561,0.99,0,1,0.01,1,0,0
USR5966,42,1,26852,32,25720,200000,0.957842991211083,0.1286,3,210,0.14,0,0,0.71,2,0,0
USR1541,49,1,5662,314,4730,100000,0.8353938537619215,0.0473,4,265,0.05,2,0,0.43,0,0,0
USR4871,48,2,26881,36,30233,300000,1.124697741899483,0.10077666666666667,7,570,0.41,1,0,0.42,2,0,0
USR3286,38,3,48610,177,22771,500000,0.46844270726188025,0.045542,7,546,0.63,3,0,0.19,1,0,0
USR2583,68,3,40298,258,40338,300000,1.0009926050920641,0.13446,2,314,0.59,3,0,0.34,1,0,0
USR8713,43,2,13820,310,3095,300000,0.2239507959479016,0.010316666666666667,5,108,0.85,1,1,0.55,1,0,0
USR6896,57,5,24359,113,19157,200000,0.786444435321647,0.095785,15,514,0.03,0,1,0.82,0,0,0
USR5372,21,2,12203,338,14469,300000,1.1856920429402606,0.04823,11,128,0.2,3,0,0.93,1,1,0
USR8765,63,1,11265,106,16214,200000,1.4393253439857967,0.08107,15,289,0.25,0,0,0.87,1,0,0
USR9376,62,1,19306,119,24508,100000,1.2694499119444733,0.24508,0,185,0.89,0,1,0.63,1,0,0
USR8562,54,1,34521,140,37160,100000,1.0764462211407548,0.3716,1,291,0.23,0,0,0.9,0,0,0
USR2628,19,1,52953,291,18393,200000,0.3473457594470568,0.091965,5,35,0.66,2,0,0.21,0,0,0
USR5823,36,1,32521,3,49282,200000,1.515390055656345,0.24641,16,522,0.28,1,1,0.3,1,1,0
USR8517,39,5,55281,326,61018,200000,1.1037788752012445,0.30509,4,411,0.73,2,0,0.66,2,1,0
USR9588,43,0,37602,83,40570,300000,1.0789319717036328,0.13523333333333334,10,278,0.58,2,1,0.23,0,0,0
USR8942,48,0,45545,121,29920,100000,0.6569327039192008,0.2992,8,629,0.11,0,1,0.84,2,0,0
USR1852,22,0,32426,2,49490,200000,1.526244371800407,0.24745,2,335,0.92,0,0,0.34,2,1,0
USR2004,50,2,50073,292,41593,300000,0.8306472550076888,0.13864333333333334,14,319,0.4,0,0,0.17,0,0,0
USR3923,46,2,24072,273,21772,300000,0.9044533067464274,0.07257333333333334,1,599,0.84,1,1,0.6,0,1,0
USR5884,30,1,35399,343,71709,500000,2.0257351902596117,0.143418,2,426,0.02,3,1,0.13,0,0,0
USR4102,36,3,54385,318,104063,500000,1.9134503999264503,0.208126,2,186,0.37,0,0,0.24,1,1,0
USR1871,30,3,26529,136,32763,200000,1.2349881262015152,0.163815,5,338,0.07,2,1,0.43,0,0,0
USR6425,52,0,15707,133,31111,500000,1.980709237919399,0.062222,3,696,0.47,0,0,0.23,0,0,0
USR8164,62,1,11416,56,10230,300000,0.8961107217939733,0.0341,5,58,0.72,1,0,0.35,2,0,0
USR1187,18,2,41126,68,37923,100000,0.9221173953216943,0.37923,5,34,0.17,0,1,0.65,0,1,0
USR5951,67,2,29974,51,13537,300000,0.4516247414425836,0.045123333333333335,13,17,0.45,3,0,0.88,2,0,0
USR7428,39,3,45078,315,10527,200000,0.2335285505124451,0.052635,8,569,0.58,1,1,0.51,0,1,0
USR7335,29,1,32459,344,20574,500000,0.6338457746695831,0.041148,8,416,0.68,3,0,0.58,0,0,0
USR1021,18,2,37852,121,66725,100000,1.762786642713727,0.66725,6,349,0.37,2,0,0.1,0,1,0
USR6685,66,1,57452,338,1000,500000,0.017405834435702847,0.002,1,617,0.81,3,0,0.13,2,1,0
USR1961,32,4,19372,276,29163,500000,1.5054201940945695,0.058326,22,526,0.71,0,1,0.42,0,0,0
USR9609,66,3,24542,183,23497,500000,0.9574199331757803,0.046994,3,356,0.99,0,0,0.1,0,0,0
USR9039,32,1,9830,179,10881,500000,1.1069175991861648,0.021762,2,681,0.32,2,0,0.39,1,1,0
USR9323,35,3,55697,20,70947,500000,1.2738028978221447,0.141894,3,236,0.06,3,1,0.22,2,0,0
USR4815,37,3,28404,201,11909,300000,0.41927193353048864,0.039696666666666665,7,299,0.42,2,0,0.26,1,0,0
USR9226,24,0,39142,180,46818,100000,1.196106484083593,0.46818,11,31,0.25,1,0,0.57,0,0,0
USR5115,67,5,45168,27,27511,300000,0.6090816507261778,0.09170333333333333,6,257,0.4,1,0,0.27,2,0,0
USR4102,32,4,9533,29,4952,500000,0.5194587223329487,0.009904,3,351,0.95,0,0,0.49,1,0,0
USR3104,22,2,45129,191,35893,500000,0.7953422411309801,0.071786,14,420,0.74,0,0,0.63,2,0,0
USR8502,22,1,21246,117,19385,500000,0.9124070413254259,0.03877,11,227,0.71,0,0,0.51,2,0,0
USR1509,62,3,9522,359,10658,200000,1.1193026675068263,0.05329,15,412,0.69,1,1,0.97,1,1,0
USR8717,60,0,45455,185,28423,300000,0.62529974700253,0.09474333333333333,15,284,0.22,2,0,0.35,2,0,0
USR2892,66,3,14496,286,16118,100000,1.11189293598234,0.16118,4,183,0.48,0,0,0.45,2,1,0
USR2805,34,3,34040,34,69151,300000,2.0314629847238543,0.23050333333333334,10,157,0.84,3,1,0.46,2,0,0
USR9046,47,2,46598,191,42834,500000,0.9192240010300872,0.085668,6,69,0.85,2,0,0.41,2,1,0
USR8429,31,2,46258,343,20008,300000,0.4325305893034718,0.06669333333333333,5,666,0.75,0,1,0.28,0,0,0
USR6979,54,1,37806,175,1000,300000,0.02645082791091361,0.0033333333333333335,11,117,0.5,3,0,0.5,1,1,0
USR8550,20,0,32302,105,49542,300000,1.533713082781252,0.16514,16,422,0.66,0,0,0.41,2,1,0
USR8306,39,0,15531,354,37737,100000,2.4297855901101024,0.37737,23,203,0.96,0,0,0.32,0,0,0
USR4030,36,3,59512,287,22082,200000,0.37105121656136575,0.11041,12,101,0.92,2,0,0.13,0,0,0
USR2437,64,1,58530,80,102694,300000,1.7545532205706476,0.34231333333333336,1,286,0.35,1,0,0.17,0,0,0
USR6354,35,0,26652,113,29804,200000,1.1182650457751764,0.14902,7,665,0.83,0,1,0.8,1,1,0
USR7325,22,1,11566,248,10378,300000,0.8972851461179319,0.03459333333333333,5,549,0.92,3,0,0.14,0,1,0
USR4983,40,2,52198,26,95120,200000,1.8222920418406836,0.4756,21,260,0.46,3,0,0.28,0,1,0
USR6676,38,2,21519,316,24803,500000,1.1526093219945164,0.049606,9,337,0.88,0,1,0.32,0,0,0
USR6561,19,3,38616,220,41207,200000,1.0670965402941786,0.206035,4,300,0.5,2,1,0.89,0,0,0
USR1165,37,1,34798,314,11395,100000,0.32746134835335367,0.11395,7,217,0.02,0,0,0.81,0,0,0
USR7267,20,2,43785,230,33094,300000,0.7558296220166724,0.11031333333333333,18,493,0.05,0,0,0.17,2,1,0
USR6314,62,3,26307,43,45456,500000,1.7279051203101836,0.090912,10,458,0.78,3,0,0.36,0,0,0
USR4778,70,3,27448,74,32786,200000,1.1944768289128533,0.16393,10,519,0.99,3,0,0.4,0,0,0
USR6242,69,1,15426,207,21588,100000,1.3994554647996889,0.21588,24,384,0.22,0,0,0.16,0,0,0
USR5841,43,1,13724,125,13289,200000,0.9683037015447391,0.066445,11,522,0.06,3,0,0.73,0,0,0
USR5335,42,2,22167,100,31540,500000,1.4228357468308748,0.06308,2,105,0.89,0,0,0.04,0,0,0
USR5810,21,1,29022,321,28786,500000,0.9918682378884984,0.057572,2,593,0.11,1,1,0.35,0,0,0
USR1277,51,1,13699,217,7981,200000,0.5825972698737134,0.039905,7,53,0.26,2,0,0.2,0,0,0
USR3295,18,0,28707,363,14815,500000,0.5160762183439579,0.02963,19,502,0.21,3,0,0.4,0,0,0
USR4944,47,0,18281,121,35525,300000,1.9432744379410316,0.11841666666666667,6,168,0.16,1,0,0.75,2,0,0
USR4601,32,1,8251,293,1000,200000,0.12119743061447097,0.005,17,213,0.19,0,0,0.75,0,0,0
USR4704,41,0,35981,318,35768,500000,0.994080208999194,0.071536,2,123,0.41,0,1,0.7,2,1,0
USR4209,30,6,27459,201,1000,100000,0.036417932189810265,0.01,1,60,0.98,1,0,0.81,0,1,1
USR7593,38,1,8046,192,5812,200000,0.722346507581407,0.02906,3,183,0.53,0,0,0.86,2,0,0
USR5883,63,2,28232,293,21749,300000,0.7703669594786058,0.07249666666666667,12,338,0.08,0,0,0.94,0,0,0
USR4638,21,1,11506,124,1000,300000,0.08691117677733357,0.0033333333333333335,9,496,0.43,0,1,0.63,0,1,0
USR6562,49,1,49942,285,50512,300000,1.011413239357655,0.16837333333333335,10,686,0.8,0,0,0.96,0,0,0
USR4301,26,1,31862,224,17707,100000,0.5557403803904337,0.17707,2,351,0.55,0,1,0.86,0,1,0
USR1728,42,2,57499,100,93637,200000,1.6284978869197726,0.468185,14,246,0.09,3,0,0.73,0,1,0
USR6744,58,2,11472,327,18892,300000,1.646792189679219,0.06297333333333334,5,343,0.23,0,1,0.48,0,0,0
USR2242,21,0,52299,353,29842,300000,0.5706036444291478,0.09947333333333333,13,175,0.28,0,0,0.67,0,1,0
USR3315,29,3,17279,55,12624,200000,0.730597835522889,0.06312,2,97,0.24,1,0,0.52,1,0,0
USR4054,51,1,7035,156,3412,100000,0.4850035536602701,0.03412,7,673,0.43,0,0,0.59,0,0,0
USR1764,64,3,15215,184,14689,100000,0.965428853105488,0.14689,1,154,0.8,1,0,0.77,0,0,0
USR4104,53,2,25998,197,42028,500000,1.6165858912224018,0.084056,9,508,0.26,0,0,0.1,2,1,0
USR5987,45,2,42438,312,27887,500000,0.6571233328620576,0.055774,13,69,0.97,1,1,0.29,0,0,0
USR8531,26,4,24623,319,45256,500000,1.8379563822442433,0.090512,8,499,0.27,3,1,0.63,1,0,0
USR6276,66,5,21087,66,21664,200000,1.0273628301797315,0.10832,4,608,0.63,0,0,0.99,0,1,0
USR4223,55,1,25455,296,15066,300000,0.5918680023571008,0.05022,2,69,0.12,0,1,0.7,1,0,0
USR7711,62,0,31563,312,26007,300000,0.8239711054082312,0.08669,2,108,0.3,0,0,0.56,2,1,0
USR7444,59,2,36423,186,31135,500000,0.8548170112291684,0.06227,6,208,0.48,1,0,0.56,2,0,0
USR3505,30,4,6769,175,10940,200000,1.6161914610725365,0.0547,12,189,0.78,1,1,0.48,0,0,0
USR2472,69,1,24420,128,5563,200000,0.2278050778050778,0.027815,9,101,0.92,0,0,0.91,2,0,0
USR8431,34,6,18336,224,14509,200000,0.7912849040139616,0.072545,19,669,0.32,1,1,0.86,2,0,0
USR5269,31,4,21652,64,6089,300000,0.28122113430629964,0.020296666666666668,2,294,0.79,3,1,0.42,0,0,0
USR6579,33,0,58017,293,77465,200000,1.335212093007222,0.387325,2,609,0.92,2,0,0.83,0,0,0
USR3606,22,1,35635,214,25929,500000,0.7276273326785464,0.051858,13,60,0.09,1,0,0.7,1,0,0
USR9670,69,1,27852,90,20090,100000,0.7213126525922734,0.2009,12,640,0.2,0,0,0.55,2,0,0
USR6021,65,2,21560,45,1135,500000,0.05264378478664193,0.00227,3,611,0.68,1,0,0.87,0,0,0
USR4638,48,2,13389,147,17925,300000,1.3387855702442304,0.05975,14,268,0.15,0,1,0.1,2,1,0
USR4872,64,2,54622,111,28396,200000,0.5198637911464246,0.14198,1,685,0.77,0,0,0.95,0,0,0
USR4177,31,0,55300,28,72041,100000,1.3027305605786619,0.72041,12,518,0.41,3,1,0.03,0,0,0
USR3272,60,3,16419,329,10254,300000,0.6245203727389,0.03418,7,234,0.24,1,0,0.77,0,0,0
USR5427,19,4,6010,174,4090,300000,0.6805324459234608,0.013633333333333334,10,177,0.87,3,0,0.26,0,0,0
USR9231,43,1,58420,181,108671,500000,1.860167750770284,0.217342,8,533,0.85,0,0,0.97,0,0,1
USR1942,39,1,7555,109,7222,100000,0.9559232296492389,0.07222,3,295,0.7,3,0,0.25,2,0,0
USR2322,18,1,18227,160,29641,300000,1.6262138585614747,0.09880333333333334,6,605,0.54,2,1,0.24,1,0,0
USR4362,18,2,18601,287,11666,300000,0.627170582226762,0.03888666666666667,22,122,0.79,3,1,0.02,1,0,0
USR3377,34,4,10950,361,4865,100000,0.4442922374429224,0.04865,3,102,0.65,2,0,0.76,0,0,0
USR8346,33,4,22061,165,3582,200000,0.16236797969267033,0.01791,8,667,0.21,0,0,0.13,2,0,0
USR3499,32,1,33330,341,25256,500000,0.7577557755775578,0.050512,12,40,0.46,0,0,0.42,2,0,0
USR2799,24,2,42131,56,64937,300000,1.5413116232702762,0.21645666666666666,15,176,0.44,2,1,0.67,0,0,0
USR7702,38,0,53336,86,36866,200000,0.6912029398530074,0.18433,7,634,0.21,1,0,0.07,2,1,0
USR3744,61,2,32188,348,1000,300000,0.03106747856343979,0.0033333333333333335,8,510,0.24,0,1,0.14,1,1,0
USR6960,38,2,43936,35,62826,300000,1.4299435542607428,0.20942,3,102,0.05,0,1,0.35,0,0,0
USR9003,58,0,22809,95,34032,300000,1.4920426147573327,0.11344,2,451,0.76,3,0,0.3,2,0,0
USR6121,61,1,33213,28,14121,300000,0.42516484509077773,0.04707,13,630,0.82,2,0,1.0,0,1,0
USR4983,56,0,59391,4,43109,500000,0.7258507181222744,0.086218,18,30,0.84,0,0,0.88,0,1,0
USR3350,58,2,14047,137,1007,200000,0.07168790489072399,0.005035,6,579,0.58,1,0,0.58,0,0,0
USR2803,63,2,54336,108,35603,200000,0.6552377797408716,0.178015,3,200,0.11,1,0,0.35,2,1,0
USR4741,63,2,16330,305,18212,300000,1.115248009797918,0.060706666666666666,1,632,0.45,0,0,0.77,0,0,0
USR1858,25,1,45280,218,35065,500000,0.7744037102473498,0.07013,1,472,0.43,1,1,0.49,2,0,0
USR1448,32,1,38050,3,22846,100000,0.6004204993429698,0.22846,2,91,0.52,3,1,0.78,0,0,0
USR1946,32,4,44725,337,75571,100000,1.6896813862493012,0.75571,6,78,0.86,3,0,0.75,0,1,0
USR4495,46,2,37311,153,63740,100000,1.7083433839886362,0.6374,6,194,0.84,2,0,0.18,0,0,0
USR4921,46,2,12296,281,10007,300000,0.8138418998048146,0.033356666666666666,1,169,0.89,0,0,0.55,1,1,0
USR3611,18,1,48794,257,54963,200000,1.1264294790343075,0.274815,11,594,0.82,0,1,0.06,1,0,0
USR2425,48,2,7581,67,1000,300000,0.1319087191663369,0.0033333333333333335,12,354,0.45,2,0,0.81,0,1,0
USR1663,21,1,20577,116,20610,500000,1.001603732322496,0.04122,10,126,0.18,2,0,0.66,0,0,0
USR7019,44,7,14145,114,6819,200000,0.48207847295864265,0.034095,22,82,0.49,1,0,0.68,1,0,0
USR3091,24,0,7749,357,7155,100000,0.9233449477351916,0.07155,4,596,0.1,2,0,0.34,1,0,0
USR6573,47,2,12975,150,1000,500000,0.07707129094412331,0.002,8,262,0.61,2,0,0.98,1,0,0
USR7608,44,0,14560,247,18944,500000,1.3010989010989011,0.037888,5,422,0.77,1,0,0.9,0,0,0
USR8390,47,2,46443,347,54258,500000,1.168270783541115,0.108516,0,473,0.13,0,0,0.88,2,1,0
USR1068,69,1,46382,311,77646,300000,1.6740545901427277,0.25882,11,193,0.78,1,1,0.54,2,0,0
USR9159,50,3,6238,231,1326,200000,0.2125681308111574,0.00663,11,464,0.44,3,0,0.74,0,1,0
USR9235,67,1,44945,263,79617,300000,1.7714317499165646,0.26539,6,421,0.12,1,1,0.92,0,0,0
USR3300,31,0,9190,115,3661,200000,0.3983677910772579,0.018305,15,539,0.39,1,1,0.74,0,1,0
USR3723,51,3,24874,239,18940,100000,0.7614376457345019,0.1894,5,470,0.29,2,1,0.77,2,0,0
USR3796,31,2,21482,323,18554,300000,0.8636998417279583,0.06184666666666667,13,659,0.62,0,0,0.89,0,1,0
USR6616,22,3,58106,322,50059,500000,0.8615117199600729,0.100118,0,144,0.94,1,0,0.59,0,0,0
USR1919,61,3,26587,108,13698,100000,0.5152142024297589,0.13698,8,651,0.67,3,0,0.02,1,0,0
USR3704,46,4,37322,115,17033,500000,0.4563796152403408,0.034066,12,421,0.91,2,1,0.89,2,0,0
USR9709,32,2,56030,70,76027,500000,1.356898090308763,0.152054,1,523,0.78,0,0,0.11,0,1,0
USR4137,59,2,36795,346,48881,100000,1.3284685419214568,0.48881,1,73,0.83,1,0,0.41,0,0,0
USR2442,33,2,33695,185,10346,200000,0.30704852351981005,0.05173,4,657,0.66,0,0,0.47,0,1,0
USR4308,52,1,8291,235,9579,200000,1.155349173802919,0.047895,6,299,0.96,0,1,0.5,0,1,0
USR1159,58,3,12389,231,1000,200000,0.08071676487206393,0.005,2,222,0.33,0,0,0.08,0,0,0
USR1888,47,1,40680,22,7947,300000,0.19535398230088497,0.02649,1,464,0.84,2,0,0.05,2,0,0
USR8340,55,2,52951,297,66009,500000,1.2466053521179958,0.132018,12,321,0.62,1,0,0.01,0,0,0
USR1395,41,1,7446,299,1000,300000,0.13430029546065,0.0033333333333333335,0,252,0.21,1,0,0.76,0,1,0
USR7902,20,2,24673,335,15858,300000,0.6427268674259312,0.05286,9,142,0.38,1,0,0.59,1,0,0
USR4061,23,1,40597,270,59051,500000,1.4545656082961795,0.118102,0,513,0.53,3,1,0.41,0,0,0
USR5231,50,2,56954,244,117318,100000,2.0598728798679637,1.17318,11,389,0.12,0,0,0.12,2,0,0
USR9070,20,2,34515,39,38248,100000,1.1081558742575692,0.38248,1,508,0.78,1,0,0.37,1,1,0
USR9945,68,2,44132,89,56989,500000,1.2913305537931659,0.113978,6,179,0.44,0,1,0.56,2,0,0
USR3246,69,3,49179,120,41000,100000,0.8336891762744261,0.41,5,567,0.32,2,0,0.37,0,0,0
USR4403,66,2,43977,202,44833,200000,1.0194647201946472,0.224165,2,603,0.15,0,0,0.62,0,0,0
USR3695,37,1,29942,271,43061,300000,1.438147084363102,0.14353666666666667,3,205,0.78,0,0,0.02,0,0,0
USR2000,49,2,58629,238,66567,500000,1.1353937471217315,0.133134,2,457,0.87,0,0,0.97,1,0,0
USR7364,20,5,30600,324,33457,500000,1.0933660130718954,0.066914,2,352,0.61,0,0,0.71,2,1,0
USR2981,69,2,53274,218,1000,500000,0.018770882606900175,0.002,14,111,0.43,1,0,0.06,2,0,0
USR6477,69,3,5129,49,5378,300000,1.048547475141353,0.017926666666666667,4,297,0.21,0,1,0.39,0,0,0
USR6089,21,0,57664,25,1000,200000,0.017341842397336292,0.005,12,37,0.52,1,0,0.7,2,0,0
USR8916,38,0,51647,102,68868,100000,1.3334365984471508,0.68868,22,195,0.77,0,0,0.84,1,0,0
USR1442,51,1,47095,26,81975,300000,1.7406306401953497,0.27325,14,85,0.94,1,0,0.22,0,0,0
USR3563,52,1,23866,273,1000,500000,0.04190061174893153,0.002,4,559,0.27,1,0,0.3,1,1,0
USR9177,46,3,35804,325,76537,500000,2.137666182549436,0.153074,4,599,0.05,0,0,0.84,1,0,0
USR4144,49,2,44825,244,14626,300000,0.3262911321807027,0.048753333333333336,0,591,0.33,1,0,0.95,0,0,0
USR8942,20,2,49771,100,103780,500000,2.085149986940186,0.20756,13,669,0.72,3,1,0.26,0,0,0
USR9065,40,0,45118,305,74790,100000,1.6576532647723747,0.7479,18,157,0.63,0,0,0.3,2,0,0
USR9404,53,2,21012,364,32795,200000,1.5607747953550353,0.163975,8,650,0.49,0,0,0.13,0,0,0
USR6401,57,2,58813,231,97920,200000,1.6649380239062792,0.4896,20,677,0.79,1,0,0.29,1,0,0
USR1157,33,2,17674,177,24603,200000,1.392044811587643,0.123015,14,407,0.9,1,1,0.29,0,0,0
USR8792,40,1,20032,113,15912,300000,0.7943290734824281,0.05304,30,15,0.31,0,0,0.5,2,0,0
USR2874,47,1,14996,144,1000,300000,0.06668444918644972,0.0033333333333333335,12,13,0.1,0,1,0.8,1,0,0
USR7693,37,3,38887,271,72266,500000,1.8583588345719648,0.144532,14,312,0.53,2,0,0.67,1,1,0
USR3638,39,1,33830,341,8194,500000,0.2422110552763819,0.016388,9,48,0.08,1,0,0.03,2,0,0
USR3907,35,3,11647,16,28918,500000,2.4828711256117457,0.057836,2,400,0.39,2,0,0.13,2,0,0
USR7607,50,2,47771,87,22265,100000,0.4660777459127923,0.22265,1,627,0.91,2,0,0.65,1,0,0
USR6593,31,0,16251,352,26172,300000,1.6104855085840872,0.08724,7,516,0.72,0,1,0.64,1,0,0
USR1069,40,3,39814,281,56261,100000,1.4130958959160094,0.56261,4,126,0.58,0,0,0.74,0,1,0
USR9332,59,1,12564,226,8798,100000,0.7002546959567016,0.08798,3,88,0.16,0,0,0.17,0,0,0
USR9535,41,3,18865,215,31458,200000,1.6675324675324674,0.15729,12,291,0.99,1,0,0.35,2,0,0
USR1276,54,1,13657,279,18519,100000,1.3560079080325107,0.18519,2,129,0.58,2,1,0.07,2,0,0
USR7345,58,0,54076,312,1000,200000,0.01849249204822842,0.005,2,310,0.23,0,0,0.74,2,0,0
USR9991,68,0,5777,154,3805,500000,0.6586463562402631,0.00761,5,625,0.72,0,0,0.88,1,0,0
USR4954,56,3,47026,293,25149,100000,0.5347892655126951,0.25149,14,624,0.1,0,0,0.07,2,0,0
USR2064,35,0,15680,209,14286,500000,0.9110969387755102,0.028572,2,252,0.75,0,1,0.29,0,0,0
USR9359,69,3,23991,115,38007,300000,1.5842190821558084,0.12669,4,574,0.25,0,1,0.37,0,0,0
USR5419,60,3,33274,272,69364,500000,2.0846306425437278,0.138728,10,344,0.12,1,0,0.25,0,1,0
USR3353,56,1,13411,96,13116,100000,0.9780031317575125,0.13116,3,7,0.26,0,1,0.75,1,0,0
USR4039,21,1,44978,62,58589,200000,1.3026146115878874,0.292945,1,109,0.46,3,0,0.33,1,0,0
USR8912,29,1,48209,326,23133,200000,0.4798481611317389,0.115665,4,431,0.92,3,0,0.78,2,0,0
USR7817,58,0,43379,176,36632,300000,0.8444639111090619,0.12210666666666667,6,477,0.56,1,0,0.08,1,0,0
USR3081,70,7,49746,216,83656,100000,1.6816628472641015,0.83656,10,160,0.68,0,0,0.96,1,0,0
USR5165,33,4,23330,272,35726,200000,1.5313330475782254,0.17863,20,475,0.49,0,0,0.19,1,1,0
USR4141,26,2,44878,70,33005,500000,0.7354382993894558,0.06601,2,331,0.03,1,0,0.14,0,0,0
USR4250,37,1,48908,173,67297,100000,1.375991657806494,0.67297,14,486,0.67,3,0,0.67,1,0,0
USR4643,20,3,46540,37,84948,100000,1.825268586162441,0.84948,10,469,0.55,0,0,0.63,2,0,0
USR6337,37,2,31694,283,65531,100000,2.067615321511958,0.65531,16,41,0.82,0,0,0.34,0,1,1
USR9569,29,1,34508,305,8276,200000,0.23982844557783703,0.04138,9,144,0.15,0,0,0.12,0,0,0
USR9427,33,1,42780,99,78860,300000,1.8433847592332866,0.2628666666666667,7,160,0.04,0,0,0.98,1,0,0
USR9206,55,2,47032,62,56579,200000,1.2029894539887735,0.282895,3,206,0.49,0,0,0.19,2,1,0
USR1564,24,2,13066,73,9799,300000,0.7499617327414664,0.032663333333333336,6,513,0.47,1,1,0.74,2,1,0
USR9300,18,1,11359,360,22582,100000,1.9880271150629456,0.22582,4,82,0.61,1,1,0.1,1,0,0
USR9105,35,3,13109,322,12468,100000,0.9511022961324281,0.12468,10,478,0.51,0,0,0.15,0,0,0
USR1504,23,1,40539,239,19613,500000,0.48380571795061544,0.039226,2,220,0.79,0,1,0.6,0,1,0
USR9587,60,0,45363,339,33609,100000,0.7408901527676741,0.33609,2,588,0.42,3,0,0.3,2,1,0
USR3261,40,3,10691,168,1000,100000,0.09353661958656814,0.01,7,233,0.89,0,1,0.97,0,1,0
USR4748,57,3,29734,50,30344,300000,1.020515235084415,0.10114666666666666,0,610,0.23,3,0,0.41,0,0,0
USR3178,18,3,10902,187,6645,200000,0.6095211887727022,0.033225,3,532,0.65,0,1,0.85,2,0,0
USR8436,30,3,40159,109,24238,300000,0.6035508852312059,0.08079333333333333,15,38,0.18,0,0,0.58,2,0,0
USR6154,19,4,26803,337,68641,200000,2.5609446703727197,0.343205,16,173,0.91,3,0,0.62,1,0,0
USR2257,28,1,35023,209,40043,300000,1.1433343802643976,0.13347666666666666,16,51,0.49,1,1,0.11,1,1,0
USR6745,36,0,52305,7,57077,100000,1.091234107637893,0.57077,3,437,0.14,2,1,0.1,0,0,0
USR3552,66,3,52738,96,52248,200000,0.9907087868330237,0.26124,1,401,0.87,1,1,0.89,2,0,0
USR7377,63,0,23212,44,28392,200000,1.2231604342581424,0.14196,3,419,0.15,3,1,0.91,1,0,0
USR6778,62,3,30287,65,32668,500000,1.0786145871165846,0.065336,13,494,0.97,0,0,1.0,0,1,0
USR5234,47,0,50885,289,70563,300000,1.386715141986833,0.23521,2,562,0.38,1,0,0.53,0,1,0
USR6754,61,5,29619,137,14671,500000,0.4953239474661535,0.029342,10,424,0.52,1,1,0.63,2,0,0
USR4516,63,4,35527,2,16886,200000,0.4753004756945422,0.08443,5,56,0.62,0,0,0.06,1,0,0
USR9574,65,5,48755,140,57074,100000,1.1706286534714387,0.57074,9,518,0.22,0,0,0.88,2,0,0
USR1231,29,0,7787,5,5198,300000,0.6675227944009247,0.017326666666666667,8,168,0.12,0,0,0.12,0,0,0
USR6291,26,3,52796,67,39458,300000,0.7473672247897568,0.13152666666666665,5,435,0.73,1,0,0.62,0,1,0
USR8738,20,1,29085,192,53449,300000,1.8376826542891525,0.17816333333333334,12,658,0.16,1,0,0.63,2,1,0
USR5464,31,0,36856,299,18950,100000,0.5141632298675928,0.1895,10,87,0.51,0,0,0.09,1,0,0
USR8050,32,4,41942,71,68113,200000,1.6239807353011302,0.340565,0,655,0.54,3,0,0.83,1,0,0
USR2185,63,0,33704,88,45657,500000,1.354646332779492,0.091314,4,250,0.69,2,1,0.87,0,1,0
USR5489,46,1,34425,22,46564,200000,1.3526216412490921,0.23282,10,344,0.19,1,1,0.24,0,0,0
USR4253,24,5,48586,192,26413,300000,0.5436339686329396,0.08804333333333333,10,503,0.96,0,1,0.64,0,0,0
USR1933,46,4,32977,169,40679,300000,1.2335567213512448,0.13559666666666667,18,639,0.63,2,1,0.24,2,1,0
USR6873,51,1,19201,280,12441,300000,0.6479350033852403,0.04147,0,452,0.3,2,0,0.36,0,1,0
USR2268,66,1,20198,311,30775,300000,1.5236657094761858,0.10258333333333333,0,442,0.37,3,1,0.73,0,1,0
USR2337,60,3,57765,309,48866,300000,0.8459447762485934,0.16288666666666668,15,389,0.64,1,0,0.18,2,0,0
USR3572,45,4,24322,224,11737,500000,0.4825672230902064,0.023474,2,457,0.37,2,1,0.71,2,0,0
USR7120,62,1,11932,175,18147,500000,1.5208682534361382,0.036294,0,271,0.29,0,1,0.19,0,1,0
USR1655,48,3,17458,101,18874,300000,1.0811089471875357,0.06291333333333333,13,144,0.27,1,0,0.53,0,0,0
USR5622,65,2,50564,258,85486,300000,1.6906494739340243,0.28495333333333334,9,341,0.65,0,0,0.84,2,0,0
USR4324,47,2,58595,174,46112,100000,0.7869613448246437,0.46112,11,147,0.82,2,0,0.36,2,0,0
USR8825,64,0,24323,293,12331,300000,0.5069687127410271,0.04110333333333333,18,307,0.19,0,1,0.36,0,0,0
USR7641,33,1,22580,102,27497,500000,1.2177590788308237,0.054994,1,40,0.21,2,1,0.98,0,0,0
USR9489,31,0,54004,62,32900,500000,0.6092141322864973,0.0658,1,595,0.2,2,0,0.77,0,0,0
USR3144,43,5,28360,88,26150,500000,0.9220733427362482,0.0523,2,494,0.09,0,1,0.48,0,0,0
USR4571,31,2,51729,218,40517,500000,0.7832550406928416,0.081034,6,283,0.07,0,0,0.55,0,0,0
USR6926,69,0,39022,146,43192,300000,1.106862795346215,0.14397333333333334,4,454,0.39,1,0,0.92,0,0,0
USR8289,64,3,36300,37,19436,300000,0.5354269972451791,0.06478666666666667,4,602,0.11,0,0,0.73,1,0,0
USR2173,43,4,16075,340,10435,100000,0.649144634525661,0.10435,8,25,0.08,3,0,0.1,2,0,0
USR8438,46,2,31638,34,33886,500000,1.0710537960680195,0.067772,3,283,0.59,1,1,0.54,2,1,0
USR3168,64,0,55420,33,61036,200000,1.1013352580295923,0.30518,17,419,0.91,2,1,0.06,1,0,0
USR2222,33,4,38149,118,19671,300000,0.5156360586122835,0.06557,6,263,0.63,3,0,0.55,0,0,0
USR8476,31,2,10704,293,10297,300000,0.9619768310911808,0.03432333333333333,5,646,0.5,1,0,0.85,0,0,0
USR6786,21,5,32071,260,55033,200000,1.715973932836519,0.275165,2,578,0.08,0,0,0.32,1,1,0
USR8312,65,2,44632,280,44727,500000,1.0021285176554937,0.089454,4,49,0.56,3,0,0.82,0,0,0
USR6007,39,4,25236,58,31200,200000,1.2363290537327627,0.156,14,595,0.08,0,1,0.49,1,0,0
USR3869,70,1,13709,211,10233,200000,0.7464439419359545,0.051165,14,33,0.43,1,0,0.98,1,1,0
USR1532,32,3,16447,125,10629,300000,0.6462576761719463,0.03543,8,318,0.27,3,0,0.05,0,0,0
USR8674,48,2,5169,141,11171,200000,2.1611530276649256,0.055855,1,348,0.27,0,0,0.38,0,0,0
USR8271,41,3,41733,152,68147,500000,1.6329283780221886,0.136294,13,493,0.67,1,1,0.34,0,0,0
USR6959,54,1,36578,156,1000,500000,0.02733883755262726,0.002,6,288,0.99,3,0,0.43,1,0,0
USR1524,33,3,39737,111,20202,300000,0.5083926818833833,0.06734,15,414,0.67,0,0,0.72,1,0,0
USR1782,62,2,27300,66,32313,300000,1.1836263736263737,0.10771,6,350,0.43,0,0,0.64,0,0,0
USR7454,57,1,59334,233,23950,100000,0.4036471500320221,0.2395,15,105,0.54,1,0,0.69,1,0,0
USR9212,49,3,9441,127,17540,300000,1.8578540408854993,0.05846666666666667,3,225,0.8,3,1,0.72,2,1,1
USR7992,47,0,50134,185,20482,200000,0.40854509913432,0.10241,0,524,0.53,1,1,0.11,1,0,0
USR5641,44,1,58049,104,81639,500000,1.4063808162069975,0.163278,8,319,0.38,3,1,0.84,2,0,0
USR5409,41,2,10413,310,18205,100000,1.7482953999807933,0.18205,7,64,0.62,1,0,0.63,0,0,0
USR6087,57,4,37383,225,26124,500000,0.6988203193965171,0.052248,8,251,0.23,2,0,0.1,1,0,0
USR9410,48,1,46400,316,51007,500000,1.0992887931034483,0.102014,13,431,0.68,0,1,0.34,2,1,0
USR4113,64,3,18562,146,7154,500000,0.3854110548432281,0.014308,3,663,0.96,1,1,0.18,0,0,0
USR9855,39,3,20436,132,15104,200000,0.7390878841260521,0.07552,12,552,0.39,0,0,0.36,2,0,0
USR9127,65,1,49840,358,56320,100000,1.130016051364366,0.5632,16,367,0.3,1,0,0.2,0,0,0
USR7146,25,2,40674,5,49320,500000,1.2125682254019767,0.09864,13,80,0.02,1,0,0.72,2,0,0
USR1712,70,0,29198,322,36575,300000,1.2526542913898213,0.12191666666666667,16,533,0.23,0,0,0.48,0,0,0
USR7543,19,2,6663,47,2296,100000,0.34458952423833106,0.02296,9,124,0.85,3,0,0.81,1,0,0
USR2575,50,2,16134,155,27030,300000,1.6753439940498327,0.0901,7,96,0.23,0,1,0.81,2,0,0
USR5819,63,3,46249,331,60106,300000,1.2996172890224653,0.20035333333333333,0,40,0.43,3,0,0.45,1,0,0
USR3720,63,2,43362,60,76250,300000,1.7584521009178544,0.25416666666666665,12,71,0.37,3,1,0.4,0,1,0
USR5643,29,5,24337,143,1001,100000,0.04113078851132021,0.01001,0,589,0.61,3,1,0.69,1,0,0
USR5471,24,4,31802,228,16407,500000,0.5159109489969185,0.032814,5,82,0.96,2,0,0.88,1,1,0
USR8644,65,3,22219,315,11481,100000,0.5167199243890364,0.11481,17,583,0.77,1,1,0.14,0,0,0
USR7753,41,2,29295,343,26436,300000,0.9024065540194572,0.08812,8,525,0.52,0,0,0.39,2,1,0
USR5268,62,4,15961,181,19148,300000,1.1996742058768248,0.06382666666666667,7,589,0.75,2,0,0.23,1,0,0
USR8790,38,4,48039,151,117046,100000,2.436478694394138,1.17046,5,128,0.07,0,0,0.71,2,0,0
USR4576,45,2,26383,305,46959,100000,1.7798961452450441,0.46959,0,321,0.66,0,1,0.58,1,0,0
USR6142,57,2,55779,43,1000,100000,0.017927894010290612,0.01,21,136,1.0,1,0,0.39,1,0,0
USR8265,59,2,36899,67,21733,300000,0.5889861513862165,0.07244333333333333,20,360,0.86,0,1,0.69,2,0,0
USR4400,67,0,32973,17,35456,300000,1.0753040366360356,0.11818666666666666,4,195,0.99,0,1,0.53,0,0,0
USR3350,67,2,9166,19,19936,200000,2.1749945450578223,0.09968,0,636,0.69,0,0,0.87,0,0,0
USR9593,64,0,16440,10,30584,200000,1.8603406326034064,0.15292,1,176,0.23,1,0,0.66,1,0,0
USR1755,28,1,24053,134,25360,200000,1.0543383361742817,0.1268,12,327,0.8,2,0,0.33,0,1,0
USR7867,37,5,14950,62,25875,100000,1.7307692307692308,0.25875,14,699,0.12,1,0,0.87,1,0,0
USR4539,35,0,56730,66,1000,100000,0.017627357659086903,0.01,5,642,0.3,2,1,0.46,0,0,0
USR4837,32,1,26614,29,3873,200000,0.1455249117006087,0.019365,0,348,0.04,3,0,0.27,0,0,0
USR4843,36,0,47354,227,40616,200000,0.8577100139375765,0.20308,8,374,0.68,2,0,0.58,0,1,0
USR4916,57,2,59327,31,71289,500000,1.2016282636910682,0.142578,0,463,0.73,2,0,0.9,0,0,0
USR3896,57,0,51052,102,69067,100000,1.3528754994907153,0.69067,0,374,0.09,1,0,0.51,0,1,0
USR3519,46,0,18140,60,8647,300000,0.4766813671444322,0.028823333333333333,15,263,0.48,1,0,0.81,0,0,0
USR9093,43,2,23506,149,45202,500000,1.9229983833914746,0.090404,0,670,0.61,2,1,0.29,2,0,0
USR1434,19,3,43017,252,43692,100000,1.0156914708138642,0.43692,6,203,0.15,1,0,0.13,0,0,0
USR2060,61,2,53448,348,80147,200000,1.4995322556503516,0.400735,4,13,0.16,2,0,0.03,1,0,0
USR1754,27,3,20552,41,1000,300000,0.04865706500583885,0.0033333333333333335,2,306,0.56,1,0,0.24,2,0,0
USR8980,59,0,38061,350,16053,500000,0.42177031607156934,0.032106,7,166,0.91,0,0,0.2,1,0,0
USR7961,33,3,49200,91,39016,100000,0.7930081300813008,0.39016,11,236,0.75,0,0,0.99,0,0,0
USR1728,66,5,31022,295,1000,200000,0.03223518793114564,0.005,4,440,0.85,0,0,0.6,0,1,0
USR6663,25,2,18079,100,34192,100000,1.8912550472924388,0.34192,10,280,0.02,3,0,0.94,0,0,0
USR8983,68,4,35300,78,38122,100000,1.079943342776204,0.38122,21,276,0.48,0,1,0.65,1,1,0
USR9538,24,4,20437,150,15702,300000,0.7683123746146695,0.05234,11,478,0.59,3,0,0.55,0,0,0
USR1674,38,3,29030,45,16120,100000,0.5552876334826042,0.1612,12,348,0.61,0,0,0.69,2,0,0
USR8950,21,3,22916,284,34568,300000,1.5084657008203874,0.11522666666666667,12,530,1.0,0,0,0.9,2,0,0
USR4927,62,3,13077,7,1000,500000,0.07647013841095053,0.002,2,96,0.94,1,0,0.85,2,1,0
USR1961,33,3,53503,317,89749,300000,1.6774573388408127,0.29916333333333334,5,318,0.45,2,0,0.36,0,1,0
USR1560,46,3,38149,155,15858,300000,0.41568586332538204,0.05286,0,545,0.13,1,0,0.95,0,0,0
USR1416,37,3,28102,261,36978,200000,1.3158494057362464,0.18489,3,516,0.98,0,0,0.49,0,0,0
USR8319,58,1,55478,343,43093,100000,0.7767583546631097,0.43093,8,627,0.19,0,1,0.21,2,1,0
USR8572,53,3,29240,239,15052,100000,0.5147742818057456,0.15052,11,666,0.22,0,0,0.95,2,0,0
USR5602,69,4,5087,162,5411,500000,1.0636917633182623,0.010822,12,175,0.25,3,0,0.21,2,0,0
USR6541,33,1,58450,215,45896,300000,0.7852181351582549,0.15298666666666666,8,164,0.87,3,1,0.27,0,0,0
USR5741,49,0,38188,246,47999,200000,1.2569131664397193,0.239995,7,94,0.64,1,0,0.36,0,0,0
USR3920,46,2,37874,37,33222,100000,0.8771716744996567,0.33222,2,608,0.25,2,1,0.23,0,0,0
USR6191,57,1,43653,355,78727,300000,1.803472842645408,0.26242333333333334,5,296,0.77,0,1,0.94,1,0,1
USR9184,32,1,35569,122,16975,300000,0.4772414180887852,0.05658333333333333,5,405,0.59,0,1,0.76,0,1,0
USR1669,65,1,13195,107,10883,200000,0.8247821144372869,0.054415,9,17,0.24,2,1,0.26,1,1,0
USR8577,27,1,48442,257,28109,100000,0.5802609305974155,0.28109,0,230,0.3,0,0,0.77,2,0,0
USR4129,24,5,9318,285,13269,200000,1.4240180296200902,0.066345,4,299,0.76,1,1,0.88,2,1,0
USR4777,66,6,32445,65,34306,300000,1.05735860687317,0.11435333333333333,2,482,0.39,0,1,0.89,0,1,0
USR9548,30,1,8749,141,9895,300000,1.1309863984455366,0.03298333333333334,3,460,0.01,3,0,0.31,1,0,0
USR5680,51,1,49917,106,44638,200000,0.8942444457799948,0.22319,7,456,0.18,0,0,0.95,2,0,0
USR9005,50,4,25334,258,24423,100000,0.9640404199889476,0.24423,6,349,0.07,0,0,0.03,2,1,0
USR6361,39,2,47427,267,101550,200000,2.1411854007211084,0.50775,11,311,0.43,1,0,0.12,0,1,0
USR8513,39,0,28506,184,23767,100000,0.8337542973409107,0.23767,5,694,0.73,0,0,0.83,2,0,0
USR7123,46,0,32247,170,9687,100000,0.300400037212764,0.09687,6,232,0.14,2,0,0.58,0,1,0
USR8686,49,1,50562,101,37294,300000,0.7375894940864681,0.12431333333333333,1,378,0.28,0,0,0.51,2,0,0
USR9648,20,5,53348,239,32704,200000,0.6130314163605008,0.16352,12,681,0.62,1,0,0.46,2,0,0
USR9382,47,4,14524,42,6659,500000,0.4584825117047645,0.013318,1,687,0.41,3,0,0.14,0,0,0
USR2933,29,4,58520,197,96908,500000,1.6559808612440192,0.193816,12,610,0.84,3,0,0.29,2,0,0
USR7212,64,4,49735,194,17092,300000,0.3436614054488791,0.056973333333333334,3,275,0.1,2,1,0.52,2,1,0
USR3841,22,3,12832,85,17169,500000,1.3379831670822944,0.034338,2,637,0.14,2,1,0.58,0,1,0
USR8157,23,6,26141,77,29005,500000,1.1095596954974944,0.05801,2,200,0.18,0,0,0.04,0,0,0
USR3890,34,0,53411,288,16238,100000,0.3040197712081781,0.16238,10,205,0.7,1,0,0.31,2,1,0
USR4685,66,3,7040,150,4975,300000,0.7066761363636364,0.016583333333333332,3,620,0.21,2,1,0.24,2,0,0
USR6003,53,1,10063,262,3539,300000,0.35168438835337373,0.011796666666666667,1,284,0.85,0,1,0.7,0,1,0
USR1902,34,0,46504,250,33752,200000,0.7257870290727679,0.16876,7,628,0.4,0,0,0.65,1,0,0
USR5147,37,1,33704,50,6116,500000,0.1814621409921671,0.012232,23,195,0.22,1,1,0.65,2,0,0
USR8533,53,2,42242,173,73130,100000,1.731215378059751,0.7313,0,177,0.76,0,1,0.65,0,1,0
USR8048,29,2,44501,27,38308,100000,0.8608345879867868,0.38308,4,543,0.84,2,0,0.26,2,0,0
USR1480,52,2,18394,258,27980,100000,1.521148200500163,0.2798,20,72,0.03,2,1,0.2,1,0,0
USR8671,40,1,32839,36,33820,500000,1.0298730168397332,0.06764,2,585,0.21,1,1,0.29,0,0,0
USR7600,49,2,56761,89,106868,200000,1.8827716213597365,0.53434,5,243,0.92,0,0,0.39,2,0,0
USR7403,34,5,24109,76,13583,300000,0.5633995603301671,0.045276666666666666,3,199,0.57,0,0,0.58,0,0,0
USR3035,43,4,39514,117,49441,100000,1.2512274130687857,0.49441,5,194,0.35,0,1,0.66,0,0,0
USR5275,61,0,11107,319,9918,500000,0.8929503916449086,0.019836,1,544,0.81,0,0,0.89,0,0,0
USR9035,49,2,52547,161,49945,100000,0.9504824252573886,0.49945,6,254,0.02,1,0,0.45,1,0,0
USR7060,46,4,25995,352,7636,200000,0.29374879784573954,0.03818,18,89,0.67,2,0,0.59,2,1,0
USR9527,34,2,52229,201,23159,100000,0.44341266346282715,0.23159,9,195,0.84,0,0,0.15,2,0,0
USR4925,25,4,19026,247,30951,300000,1.6267738883632923,0.10317,1,535,0.21,1,0,0.55,2,1,0
USR1370,38,1,37916,219,10159,500000,0.2679343812638464,0.020318,3,518,0.38,2,0,0.63,1,0,0
USR3735,57,2,50778,29,32428,100000,0.6386230257197999,0.32428,1,40,0.45,0,0,0.75,1,1,0
USR1085,52,1,33512,174,1000,500000,0.02984005729291,0.002,10,598,0.13,1,0,0.48,1,0,0
USR4550,36,4,53012,30,24235,300000,0.4571606428733117,0.08078333333333333,14,418,0.3,0,0,0.78,1,0,0
USR3347,69,2,58930,58,38369,300000,0.6510945189207534,0.12789666666666666,1,201,0.49,3,1,0.42,2,0,0
USR2667,64,0,17453,130,7406,100000,0.4243396550736263,0.07406,3,280,0.35,0,0,0.06,0,0,0
USR8946,32,1,30898,151,28431,300000,0.920156644443006,0.09477,2,315,0.52,1,1,0.13,1,0,0
USR3373,57,2,33942,296,7928,300000,0.23357492192563786,0.026426666666666668,13,628,0.03,0,0,0.41,0,0,0
USR8188,63,3,19671,221,14216,100000,0.7226882212393879,0.14216,0,208,0.15,0,1,0.89,0,0,0
USR3098,70,2,19760,131,46661,300000,2.3613866396761134,0.15553666666666666,7,124,0.66,1,1,0.29,0,0,0
USR7588,42,1,12966,347,14776,100000,1.139595866111368,0.14776,3,40,0.32,0,0,0.84,0,0,0
USR6510,50,5,56954,72,56730,500000,0.9960670014397583,0.11346,0,418,0.47,0,1,0.31,2,0,0
USR9450,43,2,11774,329,8477,200000,0.7199762187871581,0.042385,3,134,0.52,0,0,0.83,0,1,0
USR7607,44,0,30654,240,25493,300000,0.8316369804919423,0.08497666666666667,1,185,0.88,0,0,0.35,0,0,0
USR6488,21,2,34091,204,52639,500000,1.5440732158047579,0.105278,5,396,0.42,0,1,0.06,1,0,0
USR3063,36,2,55530,28,97051,300000,1.747721952097965,0.3235033333333333,18,340,0.23,0,0,0.54,2,0,0
USR3347,66,1,25221,326,5602,300000,0.22211649022639865,0.018673333333333333,0,222,0.27,0,0,0.4,0,1,0
USR1637,39,1,10969,127,9092,500000,0.8288813930166834,0.018184,13,536,0.12,3,1,0.08,0,1,0
USR6845,48,1,40324,117,1000,100000,0.02479912707072711,0.01,15,464,0.84,1,1,0.98,0,0,0
USR2510,33,5,45218,134,95629,500000,2.11484364633553,0.191258,17,480,0.32,1,1,0.35,1,0,0
USR8193,40,2,29762,80,6306,300000,0.21188092198104966,0.02102,6,276,0.81,1,0,0.89,0,0,0
USR1872,70,3,36545,319,15348,300000,0.4199753728280202,0.05116,10,11,0.51,0,0,0.43,1,0,0
USR5199,29,4,25299,86,28554,100000,1.128661211905609,0.28554,5,669,0.15,3,0,0.08,1,0,0
USR9072,45,4,11486,175,13794,300000,1.2009402751175344,0.04598,3,468,0.36,1,0,0.46,0,0,0
USR8423,48,0,10243,80,2736,100000,0.2671092453382798,0.02736,3,203,0.36,3,0,0.19,1,0,0
USR5817,56,1,20935,190,10126,300000,0.48368760449008835,0.03375333333333334,12,13,0.23,1,1,0.95,0,0,0
USR9444,66,0,5552,361,3581,100000,0.644992795389049,0.03581,21,375,0.69,0,0,0.07,1,1,0
USR8527,43,3,40765,362,25358,100000,0.6220532319391635,0.25358,4,61,0.18,0,1,0.07,1,0,0
USR7728,20,1,28618,336,61058,100000,2.1335523097351317,0.61058,6,324,0.16,0,1,0.65,1,0,0
USR9555,19,0,29335,244,27978,300000,0.9537412647008693,0.09326,16,646,0.89,1,0,0.81,1,0,0
USR2125,53,5,33639,144,48487,100000,1.4413924314040252,0.48487,13,361,0.13,2,0,0.05,0,0,0
USR6570,41,1,41476,201,67564,300000,1.6289902594271386,0.22521333333333332,2,356,0.86,3,0,0.12,0,1,0
USR2004,56,3,27612,40,20980,200000,0.7598145733738955,0.1049,19,167,0.89,3,0,0.81,2,0,0
USR1611,43,2,38799,248,1000,300000,0.02577386015103482,0.0033333333333333335,2,524,0.18,2,0,0.14,0,0,0
USR5220,32,2,9403,180,6123,300000,0.6511751568648304,0.02041,19,481,0.85,3,0,0.7,2,0,0
USR1025,19,2,36058,75,32737,100000,0.9078983859337734,0.32737,0,407,0.98,0,0,0.33,1,0,0
USR1621,18,6,9600,2,14549,500000,1.5155208333333334,0.029098,0,323,0.78,3,0,0.4,2,0,0
USR7300,42,2,49644,197,73646,300000,1.4834823946499074,0.24548666666666666,6,669,0.83,0,0,0.84,1,0,0
USR3035,24,2,11192,260,15438,100000,1.3793781272337384,0.15438,21,566,0.21,2,0,0.34,0,0,0
USR2944,47,4,32431,335,36898,500000,1.1377385834541025,0.073796,0,223,0.5,0,0,0.53,0,0,0
USR8447,24,1,7159,240,10225,500000,1.4282721050426037,0.02045,4,418,0.3,3,0,0.9,2,1,0
USR4342,66,1,6354,258,11030,300000,1.735914384639597,0.03676666666666667,9,221,0.44,3,0,0.55,2,1,0
USR7099,30,2,14327,78,20640,500000,1.4406365603406157,0.04128,17,291,0.97,2,0,0.2,0,1,0
USR4444,49,3,32860,357,28195,500000,0.8580340839926963,0.05639,11,633,0.18,3,0,0.49,0,1,0
USR1824,41,2,22613,28,19537,200000,0.8639720514748154,0.097685,11,663,0.72,0,0,0.44,1,0,0
USR1285,40,2,50836,153,71254,300000,1.4016445038948777,0.23751333333333333,1,598,0.46,1,1,0.27,1,0,0
USR6257,61,4,29752,49,27904,300000,0.9378865286367303,0.09301333333333334,4,455,0.97,3,0,0.37,0,0,0
USR1823,20,1,23312,138,17453,100000,0.7486702127659575,0.17453,6,307,1.0,1,0,0.36,2,1,0
USR8552,51,0,10244,353,12478,500000,1.2180788754392815,0.024956,14,386,0.92,0,0,0.04,1,0,0
USR9733,19,2,39245,326,85160,100000,2.1699579564275706,0.8516,7,680,0.08,0,0,0.81,2,0,0
USR7793,36,1,10972,310,11751,500000,1.0709989063069631,0.023502,0,493,0.01,3,1,0.41,2,0,0
USR6403,49,0,37040,96,22839,500000,0.6166036717062635,0.045678,2,640,0.87,3,0,0.75,2,1,0
USR8432,66,1,30992,84,52414,500000,1.6912106350025813,0.104828,3,475,0.95,3,1,0.64,2,1,0
USR8578,30,3,45832,124,31657,300000,0.69071827544074,0.10552333333333333,6,474,0.47,1,1,0.89,0,0,0
USR4505,57,5,53241,96,85094,100000,1.598279521421461,0.85094,3,56,0.22,0,0,0.15,1,0,0
USR4701,54,2,19965,261,19725,100000,0.9879789631855748,0.19725,5,307,0.35,0,0,0.4,0,1,0
USR5385,30,2,59515,187,19563,500000,0.3287070486431992,0.039126,4,472,0.64,1,0,0.77,1,1,0
USR1416,30,2,50951,345,39074,300000,0.7668936821652176,0.13024666666666668,12,34,0.33,0,0,0.6,0,1,0
USR7314,28,1,30221,337,36032,500000,1.1922835114655372,0.072064,10,273,0.68,0,0,0.75,1,0,0
USR4993,61,1,35720,102,37246,300000,1.0427211646136618,0.12415333333333334,7,87,0.98,3,0,0.57,1,0,0
USR4465,34,2,38400,157,65605,500000,1.7084635416666667,0.13121,4,258,0.76,1,0,0.6,1,1,0
USR6902,19,1,13401,241,9666,300000,0.7212894560107455,0.03222,17,298,0.18,0,1,0.94,2,0,0
USR4350,49,3,29967,330,23837,300000,0.7954416524843995,0.07945666666666666,3,12,0.13,0,0,0.18,0,0,0
USR5276,40,1,13294,247,24570,200000,1.848202196479615,0.12285,2,433,0.35,0,1,0.98,2,0,0
USR5335,63,1,39929,204,47010,300000,1.1773397781061383,0.1567,14,348,0.93,3,0,0.88,2,1,0
USR3949,40,2,39234,246,30913,200000,0.787913544374777,0.154565,4,501,0.27,0,0,0.77,2,1,0
USR7779,68,5,26601,80,19238,500000,0.7232058945152438,0.038476,10,399,0.35,2,0,0.02,0,0,0
USR3355,27,1,58711,110,93952,100000,1.6002452691999796,0.93952,5,152,0.35,0,1,0.37,1,0,0
USR9486,51,3,12482,239,6342,500000,0.5080916519788495,0.012684,8,518,0.88,2,1,0.78,0,0,0
USR9355,44,1,14909,238,1000,300000,0.0670735797169495,0.0033333333333333335,6,191,0.86,0,0,0.31,1,0,0
USR1235,24,2,32326,141,44466,200000,1.3755490936088597,0.22233,16,202,0.79,1,1,0.33,0,0,0
USR7019,26,4,30582,105,24674,200000,0.8068144660257668,0.12337,0,287,0.9,1,0,0.72,1,0,0
USR2816,54,0,24923,329,1000,100000,0.04012358062833527,0.01,26,125,0.44,1,0,0.3,2,0,0
USR5212,70,2,9841,178,3004,300000,0.3052535311452088,0.010013333333333334,7,27,0.55,1,1,0.65,0,1,0
USR3604,26,3,5448,267,5700,100000,1.0462555066079295,0.057,0,211,0.78,3,0,0.12,0,0,0
USR7995,56,1,40584,194,54268,500000,1.337177212694658,0.108536,8,641,0.93,2,0,0.31,0,0,0
USR2572,63,0,38178,203,30244,100000,0.7921839803027921,0.30244,2,122,0.84,1,1,0.81,2,0,0
USR7437,49,2,48270,111,64618,300000,1.3386782680754092,0.21539333333333333,3,158,0.99,1,0,0.01,0,0,0
USR6863,53,4,20600,287,36084,500000,1.7516504854368933,0.072168,2,107,0.97,1,0,0.64,0,0,0
USR6365,70,4,9432,154,15907,200000,1.686492790500424,0.079535,6,543,0.1,0,0,0.35,0,0,0
USR5077,55,3,32369,49,34053,200000,1.0520250857301738,0.170265,1,49,0.56,2,0,0.11,2,0,0
USR4677,40,2,50702,93,75167,100000,1.482525344167883,0.75167,3,575,0.59,0,1,0.81,0,1,0
USR6956,40,1,53263,139,1749,500000,0.03283705386478419,0.003498,19,450,0.49,3,1,0.87,1,0,0
USR8081,61,1,52743,21,129521,100000,2.4557002825019434,1.29521,8,490,0.72,1,0,0.03,0,0,0
USR1667,32,2,5947,250,7010,500000,1.1787455860097529,0.01402,5,319,0.51,0,1,0.55,2,0,0
USR2718,21,2,7660,346,7278,200000,0.950130548302872,0.03639,14,471,0.51,3,1,0.84,1,0,0
USR4311,59,2,46274,247,48738,300000,1.0532480442581147,0.16246,8,541,0.38,0,0,0.13,0,0,0
USR1256,61,4,31488,337,1000,500000,0.031758130081300816,0.002,0,146,0.63,3,0,0.67,1,0,0
USR3551,27,2,38926,354,57236,100000,1.4703796948055285,0.57236,4,117,0.23,0,0,0.19,0,1,0
USR1446,27,3,34152,335,51421,100000,1.5056512063715155,0.51421,1,661,0.67,1,0,0.97,0,0,0
USR1706,46,1,24410,276,36095,500000,1.4786972552232691,0.07219,4,677,0.29,0,1,0.75,0,0,0
USR7649,32,1,6144,149,3448,500000,0.5611979166666666,0.006896,6,221,0.13,0,0,0.51,0,0,0
USR9227,19,4,37886,222,24108,500000,0.6363300427598585,0.048216,6,65,0.71,1,0,0.51,1,1,0
USR4172,48,6,27660,122,37679,500000,1.3622198120028923,0.075358,11,66,0.36,3,0,0.99,2,0,0
USR2560,42,4,17328,332,17384,100000,1.0032317636195753,0.17384,13,348,0.65,0,0,0.21,2,0,0
USR5568,65,2,49711,152,19696,300000,0.3962100943453159,0.06565333333333333,7,514,0.69,3,0,0.73,0,0,0
USR7416,33,0,46713,331,22668,100000,0.4852610622310706,0.22668,14,322,0.76,0,0,0.02,0,1,0
USR4911,28,1,18851,60,28496,100000,1.5116439446183227,0.28496,11,537,0.61,1,0,0.02,0,1,0
USR2247,48,2,7167,100,1643,300000,0.22924515138830753,0.005476666666666667,1,25,0.07,2,1,0.94,2,0,0
USR8828,61,1,57038,181,65058,500000,1.1406080157088256,0.130116,10,249,0.47,2,0,0.09,0,1,0
USR8004,61,1,59671,215,23573,100000,0.39504952154312817,0.23573,7,274,0.59,1,0,0.92,2,0,0
USR7423,49,1,25181,230,38371,100000,1.5238076327389698,0.38371,10,277,0.45,3,1,0.51,0,0,0
USR5505,53,0,51579,280,64933,300000,1.2589038174450842,0.21644333333333332,4,28,0.33,0,0,0.78,1,0,0
USR4577,45,2,21568,341,43770,300000,2.029395400593472,0.1459,6,576,0.91,0,1,0.92,1,1,1
USR1641,41,2,42869,343,21928,200000,0.5115118150644988,0.10964,0,189,0.25,0,0,0.54,2,1,0
USR8132,60,4,12313,249,16590,300000,1.3473564525298465,0.0553,9,78,0.37,0,0,0.76,0,0,0
USR9793,41,1,18760,105,44815,200000,2.388859275053305,0.224075,7,352,0.42,3,0,0.42,0,0,0
USR2651,69,0,36574,251,18878,200000,0.5161590200689014,0.09439,20,465,0.87,0,0,0.33,0,1,0
USR2417,63,0,25325,149,1757,100000,0.06937808489634749,0.01757,18,691,0.5,0,0,0.77,2,0,0
USR1425,20,1,17996,153,14098,500000,0.7833963102911758,0.028196,17,310,0.33,2,0,0.41,0,0,0
USR6181,33,3,25543,286,37691,200000,1.4755901812629684,0.188455,3,191,0.64,0,0,0.85,1,1,0
USR1007,34,1,8261,66,4247,300000,0.514102408909333,0.014156666666666666,4,112,0.99,3,0,0.37,0,0,0
USR1150,35,5,45832,48,120817,500000,2.6360839588060743,0.241634,3,403,0.2,2,0,0.55,2,1,0
USR3137,47,2,18513,297,6091,300000,0.3290120455895857,0.020303333333333333,12,197,0.5,0,0,0.75,1,0,0
USR9310,50,1,17202,229,20493,300000,1.1913149633763516,0.06831,19,286,0.26,0,0,0.67,0,0,0
USR3467,63,4,45078,47,95796,500000,2.1251164647943566,0.191592,6,593,0.19,1,0,0.69,0,1,0
USR3335,63,2,32281,360,34267,200000,1.0615222576747931,0.171335,1,523,0.31,3,0,0.27,0,0,0
USR5245,26,3,35858,139,62368,500000,1.7393050365329912,0.124736,9,18,0.38,0,0,0.47,0,0,0
USR6700,51,3,12081,326,21921,100000,1.814502110752421,0.21921,13,39,0.58,0,0,0.14,0,0,0
USR5634,41,2,24299,92,23304,300000,0.9590518128318037,0.07768,6,546,0.89,3,0,0.47,1,0,0
USR1376,33,1,22986,317,37985,300000,1.6525276255111807,0.12661666666666666,8,620,0.19,1,0,0.8,2,1,0
USR7466,37,3,34126,47,27338,100000,0.8010900779464338,0.27338,6,137,0.93,0,0,0.52,0,0,0
USR8300,27,0,10207,350,11340,500000,1.1110022533555404,0.02268,13,82,0.87,0,0,0.47,2,0,0
USR8557,21,2,10061,221,22777,100000,2.263890269356923,0.22777,6,320,0.61,0,1,0.37,2,0,0
USR8390,43,0,34465,57,66568,100000,1.9314667053532568,0.66568,7,642,0.49,2,0,0.3,0,0,0
USR9977,57,2,29218,131,36167,200000,1.2378328427681566,0.180835,2,439,0.23,1,0,0.53,0,0,0
USR5840,61,0,30046,134,10147,100000,0.3377155028955601,0.10147,8,29,0.77,3,1,0.74,1,0,0
USR2068,68,1,45533,16,41457,200000,0.9104825071925856,0.207285,12,33,0.86,1,0,0.11,1,0,0
USR9340,23,1,44945,156,45370,100000,1.0094560017799532,0.4537,1,350,0.61,0,0,0.19,2,0,0
USR2577,58,2,56302,330,90066,300000,1.5996945046357145,0.30022,12,444,0.5,0,0,0.9,0,1,0
USR8485,25,4,19410,231,28630,300000,1.475012879958784,0.09543333333333333,1,219,0.71,0,0,0.98,2,0,0
USR8515,50,5,50201,104,29740,200000,0.5924184777195673,0.1487,4,428,0.6,0,0,0.65,0,0,0
USR1157,59,3,29336,80,3224,300000,0.10989910008181074,0.010746666666666667,10,135,0.33,2,1,0.44,1,1,0
USR1728,54,2,25497,278,50685,500000,1.987880927167902,0.10137,4,564,0.38,1,0,0.87,2,1,1
USR6109,48,2,23755,6,11880,100000,0.5001052410018944,0.1188,14,35,0.95,1,1,0.71,2,0,0
USR9345,35,1,11382,121,23860,300000,2.0962923914953437,0.07953333333333333,21,258,0.17,1,0,0.28,0,0,0
USR1985,64,2,16855,320,20749,200000,1.2310293681400177,0.103745,15,326,0.21,2,1,0.55,0,0,0
USR4255,54,1,58149,35,91910,500000,1.5805946791862284,0.18382,1,510,0.78,0,0,0.89,2,0,0
USR1888,38,2,48335,176,58678,500000,1.213985724630185,0.117356,23,234,0.43,1,1,0.19,0,1,0
USR4246,39,3,53322,67,20544,300000,0.38528187239788453,0.06848,7,563,0.93,0,0,0.29,0,1,0
USR1726,27,3,21265,153,18388,300000,0.8647072654596756,0.06129333333333333,3,27,0.41,2,1,0.87,0,0,0
USR4287,67,3,45251,154,46026,200000,1.017126693332744,0.23013,3,697,0.42,1,0,0.53,2,0,0
USR9603,49,9,14989,44,20478,300000,1.3662018813796784,0.06826,5,559,0.16,2,0,0.19,0,0,0
USR1652,69,3,54506,101,8408,500000,0.1542582467985176,0.016816,6,239,0.76,3,0,0.64,2,0,0
USR7031,60,2,16144,262,6024,500000,0.37314172447968286,0.012048,7,492,0.5,0,0,0.65,0,1,0
USR9286,50,3,33429,312,6358,300000,0.19019414281013491,0.021193333333333335,10,399,0.08,1,0,0.0,0,0,0
USR1362,42,3,52301,149,19394,500000,0.37081508957763715,0.038788,8,450,0.36,2,0,0.18,2,0,0
USR7559,55,2,10546,134,21170,100000,2.007396169163664,0.2117,12,81,0.74,0,0,0.7,2,1,1
USR9501,59,5,51002,294,37068,500000,0.7267950276459747,0.074136,10,274,0.69,0,0,0.07,0,0,0
USR6649,69,3,22251,168,14547,100000,0.6537683699609006,0.14547,4,383,0.65,1,0,0.08,0,0,0
USR7317,26,3,57380,287,10373,200000,0.18077727431160684,0.051865,7,384,0.54,0,0,0.28,0,0,0
USR1877,24,2,48341,298,62734,200000,1.2977389793343126,0.31367,17,307,0.78,2,0,0.75,2,1,0
USR5898,35,0,46182,59,47197,500000,1.0219782599281104,0.094394,2,579,0.34,3,0,0.28,2,0,0
USR1364,28,2,20702,185,23677,200000,1.1437059221331272,0.118385,21,618,0.83,1,0,0.03,1,0,0
USR9954,47,1,24307,228,6048,300000,0.24881721314847574,0.02016,3,76,0.03,1,0,0.15,2,1,0
USR9716,54,2,27214,278,2994,200000,0.1100169030645991,0.01497,8,179,0.62,0,0,0.01,1,0,0
USR1302,31,3,38093,223,4319,300000,0.11338041109915208,0.014396666666666667,7,598,0.63,0,0,0.51,1,1,0
USR1547,26,3,51464,44,46836,300000,0.9100730607803513,0.15612,14,257,0.0,0,0,0.4,0,1,0
USR6758,67,1,34999,158,51383,200000,1.4681276607903082,0.256915,1,194,0.64,3,1,0.4,0,0,0
USR9934,57,2,18898,150,15168,100000,0.8026246163615197,0.15168,11,492,0.01,0,0,0.84,0,0,0
USR3964,57,3,46319,244,86567,500000,1.8689306763962952,0.173134,5,245,0.52,0,1,0.32,0,0,0
USR5522,37,1,20628,230,14069,300000,0.6820341283692068,0.04689666666666667,5,71,0.79,3,0,0.49,0,1,0
USR4901,26,1,46217,290,35596,100000,0.7701927862042106,0.35596,9,108,0.93,0,0,0.25,1,1,0
USR4090,53,2,23458,262,11204,200000,0.4776195754113735,0.05602,3,560,0.05,1,1,0.56,0,0,0
USR7046,57,0,34143,321,21328,100000,0.624666842398149,0.21328,9,232,0.4,2,0,0.48,1,0,0
USR1119,57,1,19034,4,8745,200000,0.4594410003152254,0.043725,22,27,0.09,0,0,0.62,2,0,0
USR7291,46,1,47115,171,35380,500000,0.7509285790088083,0.07076,11,444,0.62,1,0,0.98,2,0,0
USR2694,66,3,35863,165,48382,300000,1.3490784373867217,0.16127333333333332,6,264,0.9,2,0,0.47,0,0,0
USR7381,70,4,49405,250,49308,300000,0.9980366359680194,0.16436,7,52,0.57,3,0,0.17,2,0,0
USR7983,59,2,20070,81,26253,200000,1.3080717488789237,0.131265,21,264,0.17,0,1,0.82,0,0,0
USR8503,69,1,5814,160,10391,300000,1.7872377020983832,0.03463666666666667,6,95,0.91,2,0,0.79,0,0,0
USR2863,30,1,22246,275,4284,500000,0.19257394587791063,0.008568,6,534,0.88,1,0,0.34,0,0,0
USR2881,66,2,13167,60,17182,500000,1.3049289891395155,0.034364,4,611,0.72,0,0,0.72,2,0,0
USR3270,50,2,28358,259,29707,200000,1.0475703505183722,0.148535,12,135,0.71,2,0,0.36,0,0,0
USR7572,35,3,52358,217,15563,300000,0.29724206424997135,0.05187666666666667,21,366,0.89,2,0,0.23,0,0,0
USR2387,62,0,40906,109,45310,200000,1.1076614677553416,0.22655,9,670,0.84,3,1,0.77,0,0,0
USR1449,43,2,33599,33,27851,300000,0.8289234798654722,0.09283666666666666,0,76,0.64,3,0,0.03,0,0,0
USR1896,27,2,17718,208,42186,500000,2.380968506603454,0.084372,0,524,0.01,1,0,0.99,2,0,0
USR6090,60,3,21795,334,2352,100000,0.10791465932553337,0.02352,0,89,0.98,0,0,0.85,1,0,0
USR5779,40,3,53575,353,44407,100000,0.828875408306113,0.44407,10,637,0.65,0,0,0.53,2,1,0
USR7686,20,2,50101,320,113067,100000,2.256781301770424,1.13067,4,286,0.37,1,1,0.94,2,0,0
USR2898,36,2,17473,331,1000,100000,0.05723115664167573,0.01,5,516,0.1,0,1,0.06,0,0,0
USR6829,22,6,45837,113,8264,200000,0.1802910312629535,0.04132,5,373,0.93,2,0,0.59,1,1,0
USR4213,60,0,43082,349,20060,100000,0.4656236943503087,0.2006,2,300,0.45,2,1,0.87,0,0,0
USR8782,51,2,57385,197,35224,100000,0.6138189422322907,0.35224,5,414,0.5,2,0,0.25,2,1,0
USR2874,36,5,40169,231,18449,200000,0.4592845228907864,0.092245,4,403,0.03,2,0,0.66,2,1,0
USR5649,55,3,14551,156,11176,100000,0.768057178200811,0.11176,0,372,0.57,0,1,0.66,0,0,0
USR7610,21,2,56663,58,34962,300000,0.6170163951785116,0.11654,12,505,0.21,0,0,0.78,1,0,0
USR7754,37,4,7216,336,1000,100000,0.1385809312638581,0.01,21,375,0.46,0,1,0.43,2,1,0
USR6463,40,2,52074,227,43516,500000,0.8356569497253908,0.087032,19,73,0.32,0,0,0.61,0,0,0
USR7448,21,2,28867,262,4608,500000,0.159628641701597,0.009216,5,637,0.86,0,0,0.25,2,0,0
USR4672,35,1,32648,114,27689,100000,0.8481070815976476,0.27689,18,299,0.43,0,0,0.9,1,1,0
USR7671,47,1,20918,208,44286,200000,2.1171240080313605,0.22143,17,310,0.64,2,1,0.27,0,1,0
USR4283,44,1,21832,43,12291,100000,0.5629809454012459,0.12291,12,657,0.73,1,0,0.25,0,0,0
USR2519,67,2,59109,64,1000,300000,0.016917897443705695,0.0033333333333333335,4,171,0.6,1,1,0.72,0,0,0
USR8087,36,3,36952,29,24621,200000,0.6662968174929639,0.123105,7,248,0.62,1,0,0.69,0,1,0
USR3084,64,3,46674,10,16534,300000,0.3542443330333805,0.055113333333333334,1,24,0.86,0,0,0.0,1,0,0
USR1168,67,1,28434,297,41805,100000,1.4702468875290147,0.41805,12,624,0.79,3,0,0.93,2,0,0
USR3448,64,0,29104,132,45427,500000,1.5608507421660254,0.090854,23,490,0.78,0,1,0.27,0,0,0
USR6324,49,2,25271,251,32172,100000,1.2730798148074869,0.32172,12,195,0.62,0,0,0.5,2,0,0
USR9226,25,1,18536,335,17795,200000,0.9600237375917134,0.088975,11,238,0.94,1,1,0.11,2,0,0
USR9627,42,1,43570,47,22608,200000,0.5188891439063575,0.11304,6,473,0.94,1,0,0.1,1,0,0
USR1234,59,1,16399,268,17263,200000,1.052686139398744,0.086315,3,270,0.17,1,0,0.93,1,1,0
USR6333,18,2,10502,305,10312,500000,0.9819082079603885,0.020624,0,342,0.72,1,0,0.39,2,0,0
USR5811,43,2,53391,239,37275,200000,0.6981513738270495,0.186375,12,560,0.6,0,0,0.57,1,1,0
USR4100,24,0,16071,272,8006,100000,0.498164395494991,0.08006,8,535,0.4,1,1,0.71,0,1,0
USR8802,69,5,31809,321,30227,100000,0.9502656480870194,0.30227,5,40,0.42,1,0,0.62,0,0,0
USR2901,28,2,48427,37,12940,500000,0.2672063105292502,0.02588,12,326,0.12,3,0,0.02,0,0,0
USR5326,63,0,44357,224,53282,300000,1.2012083774826972,0.17760666666666666,12,98,0.7,2,1,0.9,2,0,0
USR3679,58,3,12733,343,6797,500000,0.5338097855964816,0.013594,4,29,0.23,0,1,0.9,0,1,0
USR8629,23,4,59575,116,23492,500000,0.394326479227864,0.046984,6,164,0.63,0,0,0.73,0,1,0
USR5215,69,2,58242,225,15557,300000,0.2671096459599602,0.05185666666666667,4,329,0.96,0,1,0.8,1,0,0
USR6871,44,1,54274,196,20660,200000,0.38066109002468956,0.1033,11,623,0.61,1,1,0.87,0,0,0
USR9794,50,2,19992,276,26135,200000,1.3072729091636655,0.130675,7,277,0.45,0,0,0.43,0,0,0
USR1537,40,0,59539,309,86584,300000,1.4542400779321116,0.28861333333333333,7,6,0.73,3,1,0.34,0,0,0
USR7408,32,4,33256,89,40261,200000,1.2106386817416406,0.201305,17,286,0.08,0,1,0.27,0,0,0
USR9170,56,2,37620,316,42190,500000,1.1214779372674109,0.08438,4,19,0.5,0,0,0.25,2,1,0
USR1930,64,3,35806,219,50857,200000,1.420348544936603,0.254285,6,26,0.32,1,1,0.37,2,1,0
USR3541,30,0,15114,53,23450,100000,1.5515416170438006,0.2345,11,309,0.15,1,0,0.44,0,1,0
USR7067,42,1,16366,250,10575,100000,0.6461566662593181,0.10575,5,599,0.14,3,0,0.12,0,0,0
USR4507,53,2,44720,150,3784,500000,0.08461538461538462,0.007568,10,283,0.56,0,1,0.08,1,0,0
USR8636,65,4,37893,128,9796,500000,0.2585174042699179,0.019592,4,203,0.83,3,1,0.32,0,0,0
USR6156,61,2,38580,317,1000,500000,0.02592016588906169,0.002,6,15,0.18,2,1,0.75,0,0,0
USR6514,36,2,14453,91,10453,300000,0.7232408496505915,0.03484333333333333,1,191,0.56,3,0,0.59,0,0,0
USR9647,34,3,28134,170,24585,100000,0.8738537001492855,0.24585,1,452,0.23,1,1,0.26,0,1,0
USR4669,37,1,42535,276,46447,200000,1.0919713177383332,0.232235,1,540,0.25,3,0,0.24,1,0,0
USR4247,40,2,33664,87,1000,200000,0.02970532319391635,0.005,12,47,0.03,0,0,0.44,1,1,0
USR6328,49,0,22763,260,27331,500000,1.2006765364846461,0.054662,7,62,0.93,0,1,0.24,1,1,0
USR7525,67,1,19692,330,19324,200000,0.98131220800325,0.09662,5,683,0.49,1,0,0.14,0,1,0
USR2563,57,0,51556,363,48792,200000,0.9463883932035069,0.24396,3,452,0.17,0,0,0.25,0,0,0
USR7860,56,2,17770,216,13194,100000,0.7424873382104671,0.13194,0,670,0.55,1,0,0.24,2,0,0
USR4025,61,4,44732,223,20836,500000,0.46579629795224897,0.041672,0,453,0.95,0,0,0.08,2,0,0
USR5070,41,1,40035,258,42106,300000,1.0517297364805795,0.14035333333333333,0,586,0.79,0,0,0.57,1,0,0
USR3075,60,2,58462,98,27235,200000,0.4658581642776504,0.136175,2,198,0.6,0,0,0.24,0,0,0
USR2757,54,2,33267,230,48909,100000,1.4701956894219497,0.48909,9,234,0.47,1,0,0.83,2,0,0
USR3215,41,1,7853,70,1963,300000,0.24996816503247166,0.006543333333333333,0,103,0.96,3,0,0.75,2,1,0
USR8904,22,2,5084,254,5750,300000,1.1309992132179387,0.019166666666666665,19,592,0.61,0,0,0.39,0,1,0
USR3535,36,3,40330,120,63318,200000,1.569997520456236,0.31659,7,656,0.75,1,0,0.97,2,0,0
USR1944,68,3,15270,231,13901,100000,0.910347085789129,0.13901,6,595,0.06,2,0,0.52,0,0,0
USR1771,50,1,51125,66,14264,500000,0.27900244498777504,0.028528,14,64,0.46,0,0,0.41,1,0,0
USR5645,62,2,14292,110,14194,100000,0.9931430170724881,0.14194,10,232,0.7,2,0,0.11,1,0,0
USR8436,35,3,41645,99,29042,200000,0.6973706327290191,0.14521,0,450,0.25,0,1,0.96,0,0,0
USR9536,20,0,25591,145,48945,500000,1.9125864561759993,0.09789,2,171,0.55,0,0,0.38,0,0,0
USR5254,32,3,17636,199,32020,300000,1.8156044454524836,0.10673333333333333,4,538,0.92,0,0,0.15,0,0,0
USR3832,32,4,23944,66,17598,100000,0.7349649181423321,0.17598,15,79,0.84,3,1,0.97,0,0,0
USR5062,18,4,59987,327,56509,200000,0.9420207711670862,0.282545,4,487,0.57,1,0,0.96,1,0,0
USR3293,29,2,38573,148,58462,500000,1.5156197340108366,0.116924,4,636,0.36,2,1,0.13,1,0,0
USR3634,53,1,11212,175,15568,500000,1.3885123082411701,0.031136,9,364,0.57,0,1,0.87,2,0,0
USR3815,30,3,34367,207,1000,500000,0.029097680914831087,0.002,9,46,0.7,0,0,0.44,2,0,0
USR4197,21,1,55050,132,68145,100000,1.237874659400545,0.68145,13,369,0.04,1,0,0.54,0,1,0
USR8451,43,0,11172,313,5780,300000,0.5173648406731114,0.019266666666666668,20,19,0.85,0,0,0.78,2,1,0
USR6097,39,3,15991,162,3700,100000,0.23138015133512602,0.037,2,89,0.23,0,0,0.83,0,0,0
USR7669,37,2,17227,239,34081,300000,1.9783479421837813,0.11360333333333333,24,277,0.72,2,1,0.21,0,0,0
USR7615,26,1,31224,255,29096,200000,0.9318472969510633,0.14548,5,281,0.43,2,1,0.64,0,1,0
USR8414,62,1,5620,158,1000,100000,0.17793594306049823,0.01,2,41,0.44,0,0,0.01,1,1,0
USR6169,35,0,23073,289,32594,300000,1.412646816625493,0.10864666666666667,13,517,0.35,0,1,0.89,2,1,0
USR6887,35,3,17291,128,13869,300000,0.8020935746920363,0.04623,2,376,0.06,0,1,0.43,0,1,0
USR8276,70,3,20915,227,4458,500000,0.2131484580444657,0.008916,8,663,0.83,0,0,0.48,0,1,0
USR6108,60,3,23708,362,11446,300000,0.48279061920026994,0.03815333333333333,0,277,0.82,0,0,0.58,1,0,0
USR5772,56,4,39290,286,36769,300000,0.9358360906082973,0.12256333333333333,12,131,0.28,0,0,0.14,2,0,0
USR1910,58,3,46535,320,38980,200000,0.8376490813366283,0.1949,5,395,0.27,0,0,0.99,0,1,0
USR6876,42,4,55093,87,79691,500000,1.446481404171129,0.159382,11,576,0.77,1,1,0.23,2,0,0
USR3882,39,2,14257,241,22882,300000,1.6049659816230624,0.07627333333333333,2,294,0.34,3,0,0.97,1,0,0
USR1437,44,0,26959,152,28654,100000,1.0628732519752215,0.28654,2,429,0.12,0,0,0.5,1,0,0
USR1444,59,4,5535,188,2292,500000,0.4140921409214092,0.004584,13,217,0.71,1,0,0.56,2,0,0
USR2686,25,0,10017,290,15239,200000,1.5213137665967855,0.076195,8,40,0.96,0,1,0.86,0,1,0
USR8077,48,0,41192,137,46118,200000,1.1195863274422218,0.23059,5,344,0.44,0,1,0.39,0,0,0
USR3722,52,2,14402,215,7004,100000,0.486321344257742,0.07004,4,513,0.24,2,1,0.05,0,1,0
USR3889,47,2,9138,253,4612,500000,0.5047056248632086,0.009224,14,181,0.63,3,0,0.69,1,1,0
USR9021,18,3,43079,21,88494,500000,2.054225956962789,0.176988,12,686,0.34,1,0,0.38,1,0,0
USR2736,64,4,51980,177,11243,500000,0.2162947287418238,0.022486,7,446,0.63,0,1,0.29,2,0,0
USR3152,41,3,7852,256,10944,500000,1.3937850229240958,0.021888,13,668,0.14,0,0,0.82,2,0,0
USR9553,30,2,10663,363,3436,100000,0.3222357685454375,0.03436,0,415,0.91,0,0,0.5,0,0,0
USR4719,68,3,15902,158,12473,200000,0.7843667463212175,0.062365,3,608,0.68,2,0,0.44,0,0,0
USR7752,23,4,50149,100,1000,200000,0.019940577080300705,0.005,6,471,0.73,0,0,0.24,0,0,0
USR3651,62,6,48574,161,80512,100000,1.6575122493515049,0.80512,4,154,0.7,1,1,0.02,2,0,0
USR7540,27,3,56646,237,54569,100000,0.9633336864032764,0.54569,7,423,0.35,1,1,0.54,0,0,0
USR8944,28,1,31944,104,6409,200000,0.20063235662409215,0.032045,19,181,0.31,0,0,0.99,0,0,0
USR6321,31,2,57681,354,58351,300000,1.011615609992892,0.19450333333333333,10,152,0.98,3,0,0.06,1,0,0
USR4367,19,3,25592,7,24183,300000,0.9449437324163801,0.08061,3,388,0.75,2,1,0.95,0,0,0
USR2520,22,2,28586,98,30711,100000,1.0743370880850767,0.30711,1,56,0.76,3,1,0.41,0,0,0
USR2752,28,1,31013,298,28334,300000,0.9136168703446942,0.09444666666666666,7,131,0.43,0,0,0.12,1,0,0
USR3155,21,1,15935,6,13271,200000,0.832820834640728,0.066355,8,142,0.04,0,1,0.67,0,0,0
USR9990,42,1,8086,65,2042,300000,0.25253524610437794,0.006806666666666667,5,590,0.12,0,1,0.97,2,1,0
USR6093,59,2,53959,36,97558,200000,1.8080023721714635,0.48779,8,54,0.43,1,0,0.45,2,0,0
USR2582,37,3,22591,118,7545,100000,0.3339825594263202,0.07545,8,268,0.25,0,0,0.29,0,0,0
USR4747,40,2,12973,39,13700,500000,1.0560394665844446,0.0274,9,282,0.73,0,0,0.34,2,0,0
USR3398,42,2,7257,76,12471,500000,1.718478710210831,0.024942,7,627,0.41,3,0,0.78,2,0,0
USR9303,57,3,14161,91,23426,200000,1.6542617046818728,0.11713,14,40,0.68,0,0,0.39,0,0,0
USR3091,25,1,21585,174,16798,200000,0.7782256196432707,0.08399,12,36,0.13,0,0,0.07,1,0,0
USR9576,30,1,22938,166,38286,500000,1.6691080303426629,0.076572,3,52,0.16,1,1,0.02,0,0,0
USR6995,49,1,6552,253,11059,500000,1.6878815628815629,0.022118,12,435,0.25,0,0,0.67,1,0,0
USR8806,21,0,53898,360,1000,500000,0.01855356413967123,0.002,16,658,0.33,3,1,0.86,0,1,0
USR5686,68,5,28750,173,14461,300000,0.5029913043478261,0.048203333333333334,5,439,0.82,0,0,0.18,1,0,0
USR8261,57,0,21757,62,21250,500000,0.9766971549386404,0.0425,13,7,0.93,1,0,0.35,1,0,0
USR9150,59,2,51127,72,30388,100000,0.5943630567019383,0.30388,9,124,0.5,0,0,0.21,1,0,0
USR7912,38,0,26831,32,21084,100000,0.7858074615183929,0.21084,3,530,0.32,2,0,0.1,1,0,0
USR5788,42,2,26773,241,1000,300000,0.037351062637732045,0.0033333333333333335,4,226,0.47,2,0,0.8,0,0,0
USR2071,64,1,42891,243,74482,100000,1.7365414655755287,0.74482,7,668,0.35,3,1,0.21,0,0,0
USR1995,21,0,31592,226,5019,300000,0.15886933400860978,0.01673,8,288,0.47,1,0,0.46,1,0,0
USR8121,34,2,7151,238,4632,200000,0.6477415746049504,0.02316,8,302,0.18,0,1,0.79,2,0,0
USR3427,67,4,39693,10,67211,300000,1.6932708538029375,0.22403666666666666,10,554,0.84,0,0,0.58,1,0,0
USR3911,24,0,21310,82,40106,500000,1.8820272172688879,0.080212,6,155,0.81,3,0,0.03,1,0,0
USR1607,66,3,34535,209,15928,100000,0.46121326190820905,0.15928,5,119,0.16,1,1,0.38,1,0,0
USR2912,35,3,38159,343,6200,500000,0.16247805235986268,0.0124,6,58,0.87,0,0,0.1,1,0,0
USR8633,38,0,25110,137,61245,100000,2.439068100358423,0.61245,10,694,1.0,0,0,0.3,2,0,0
USR8840,60,1,40117,298,28784,200000,0.717501308672134,0.14392,1,700,0.15,1,0,0.3,0,0,0
USR3715,40,1,18229,107,39238,100000,2.152504251467442,0.39238,6,613,0.54,1,0,0.67,1,0,0
USR3070,58,3,56656,175,68924,100000,1.2165348771533464,0.68924,14,463,0.64,0,1,0.95,0,1,0
USR1665,70,4,47898,115,17879,500000,0.3732723704538812,0.035758,14,150,0.06,0,0,0.04,1,0,0
USR2212,64,1,32618,59,37782,300000,1.1583174934085474,0.12594,5,618,0.6,1,0,1.0,0,0,0
USR7870,34,1,44333,81,1000,200000,0.022556560575643425,0.005,1,364,0.58,0,0,0.26,0,0,0
USR9392,70,1,14179,319,11310,100000,0.7976585090626983,0.1131,4,602,0.95,1,1,0.58,0,0,0
USR5843,30,4,18784,136,29074,100000,1.5478066439522997,0.29074,8,360,0.29,3,0,0.45,1,0,0
USR9776,30,1,20164,278,24395,300000,1.209829398928784,0.08131666666666666,13,503,0.83,3,0,0.08,2,0,0
USR8407,43,3,51741,24,21078,300000,0.4073751956862063,0.07026,26,483,0.98,3,1,0.95,0,0,1
USR6129,46,1,45912,14,62713,500000,1.3659391880118488,0.125426,4,597,0.87,1,1,0.51,0,1,0
USR7699,60,1,10480,102,7354,300000,0.7017175572519084,0.024513333333333335,6,6,0.76,3,1,0.84,1,0,0
USR4094,21,4,22801,209,10403,200000,0.4562519187754923,0.052015,16,559,0.59,0,0,0.31,1,0,0
USR5394,51,4,14825,128,8724,500000,0.5884654300168634,0.017448,10,458,0.83,0,0,0.55,1,1,0
USR4445,35,2,13316,207,6847,100000,0.514193451486933,0.06847,2,386,0.58,2,0,0.54,2,0,0
USR1390,55,2,29937,236,17131,500000,0.5722350268898019,0.034262,3,416,0.2,2,0,0.15,0,0,0
USR6870,45,0,47590,306,30762,300000,0.6463963017440639,0.10254,7,71,0.85,3,1,0.06,0,1,0
USR1239,31,1,9533,258,18144,100000,1.9032833315850204,0.18144,11,377,0.37,2,0,0.59,0,0,0
USR7624,50,1,5014,210,4770,200000,0.9513362584762665,0.02385,10,303,0.92,0,1,0.96,0,0,0
USR8445,25,2,53544,351,80717,300000,1.5074891677872404,0.26905666666666667,9,11,0.36,0,0,0.23,0,0,0
USR2415,61,2,49469,78,54424,100000,1.1001637389071943,0.54424,17,25,0.58,0,0,0.05,1,0,0
USR8881,61,3,37236,79,22508,200000,0.6044687936405629,0.11254,10,193,0.79,0,1,0.43,1,0,0
USR9374,51,2,43133,76,46500,500000,1.0780608814596713,0.093,6,245,0.84,3,0,0.11,0,1,0
USR3212,48,2,11122,98,20251,100000,1.8208056105017083,0.20251,0,443,0.49,0,0,0.15,0,0,0
USR9632,66,2,33082,35,18612,100000,0.5626020192249561,0.18612,6,239,0.92,0,0,0.18,2,1,0
USR4960,53,2,30676,364,45161,300000,1.472193245533968,0.15053666666666668,0,506,0.56,0,1,0.86,0,0,0
USR4791,50,4,8709,256,7679,100000,0.8817315420829027,0.07679,1,459,0.96,1,1,0.4,0,0,0
USR9890,37,2,55321,2,142461,300000,2.575170369299181,0.47487,4,599,0.36,2,1,0.61,2,0,0
USR7631,21,3,6943,82,2784,500000,0.4009794037159729,0.005568,16,546,0.15,1,0,0.14,2,1,0
USR7241,38,1,42800,149,110973,100000,2.592827102803738,1.10973,7,235,0.07,0,0,0.65,1,0,0
USR7748,67,3,45194,261,36496,200000,0.8075408240031863,0.18248,7,109,0.68,2,0,0.69,1,1,0
USR5078,70,3,23485,342,23995,200000,1.0217159889291036,0.119975,0,526,0.82,1,1,0.21,1,1,0
USR8177,67,1,33797,271,31865,300000,0.9428351628842797,0.10621666666666667,10,655,0.08,0,0,0.12,0,1,0
USR5684,39,1,24289,133,18478,500000,0.7607558977314833,0.036956,6,692,0.57,0,0,0.84,1,0,0
USR4069,65,1,32446,291,53803,300000,1.6582321395549529,0.17934333333333333,0,192,0.02,3,0,0.9,1,0,0
USR9286,18,0,48342,228,90108,200000,1.8639692193123991,0.45054,14,411,0.81,0,0,0.66,0,0,0
USR3570,52,1,41578,22,31806,200000,0.7649718601183318,0.15903,8,410,0.69,0,0,0.83,1,1,0
USR2058,31,2,28696,242,19331,100000,0.6736478951770282,0.19331,12,171,0.45,0,1,0.31,0,0,0
USR5149,45,1,17094,121,28798,300000,1.6846846846846846,0.09599333333333333,9,316,0.3,0,0,0.21,1,1,0
USR7149,49,3,52553,290,126117,500000,2.3998059102239644,0.252234,9,79,0.09,0,0,0.43,2,0,0
USR5336,21,1,29715,6,56858,100000,1.9134443883560492,0.56858,9,91,0.27,0,0,0.28,0,1,0
USR5370,64,5,23462,9,30916,100000,1.3177052254709742,0.30916,12,473,0.66,0,0,0.07,0,0,0
USR9401,26,3,5711,178,1000,300000,0.17510068289266328,0.0033333333333333335,11,118,0.98,1,1,0.26,0,0,0
USR7904,63,2,44927,109,57197,300000,1.2731097113094576,0.19065666666666667,7,311,0.2,0,0,0.04,2,1,0
USR4584,40,2,53266,350,69618,200000,1.3069875718094093,0.34809,14,660,0.16,3,0,0.73,2,0,0
USR6221,41,3,20362,6,12590,300000,0.6183086140850604,0.041966666666666666,1,124,0.34,1,1,0.16,1,0,0
USR9759,53,2,51295,175,1929,100000,0.037606004483867826,0.01929,3,195,0.26,1,0,0.88,2,0,0
USR3505,26,2,27625,100,37421,200000,1.354606334841629,0.187105,16,142,0.82,2,0,0.6,0,0,0
USR5846,65,6,6825,181,5064,100000,0.741978021978022,0.05064,2,147,0.89,1,0,0.91,0,0,0
USR2039,41,5,29599,163,39799,500000,1.3446062366971858,0.079598,4,487,0.59,0,0,0.97,0,0,0
USR4421,56,0,58919,45,176200,500000,2.9905463432848487,0.3524,11,585,0.04,0,0,0.83,0,0,0
USR7805,65,2,16855,128,10938,100000,0.6489469000296648,0.10938,15,508,0.95,2,0,0.85,0,1,0
USR6833,35,1,52513,6,37166,200000,0.7077485575000476,0.18583,1,282,0.62,3,0,0.25,0,0,0
USR1515,67,1,24942,354,21468,300000,0.8607168631224441,0.07156,0,152,0.32,1,0,0.54,0,1,0
USR6912,23,2,27326,147,65912,100000,2.4120617726707168,0.65912,13,160,0.35,0,0,0.01,2,0,0
USR1086,61,0,39787,25,1000,500000,0.025133837685676227,0.002,2,173,0.93,0,0,0.72,0,1,0
USR5756,57,3,36279,34,68209,100000,1.880123487416963,0.68209,14,322,0.36,3,0,0.75,0,1,1
USR6597,23,4,6093,207,3687,300000,0.605120630231413,0.01229,14,117,0.85,1,0,0.8,0,1,0
USR8971,18,2,26643,204,40579,500000,1.5230642194948016,0.081158,1,142,0.78,0,0,0.02,0,0,0
USR1620,40,1,55565,261,57646,200000,1.0374516332223522,0.28823,8,595,0.51,0,1,0.52,2,1,0
USR7195,33,2,27482,248,13529,200000,0.4922858598355287,0.067645,1,572,0.65,0,1,0.16,2,0,0
USR2521,27,3,56516,262,81964,100000,1.4502795668483262,0.81964,5,33,0.72,2,1,0.08,0,0,0
USR7618,21,2,28087,6,36591,100000,1.302773525118382,0.36591,6,352,0.24,0,1,0.25,0,0,0
USR3776,59,0,30594,181,69410,200000,2.2687455056547035,0.34705,13,543,0.32,1,1,0.57,2,1,0
USR9074,45,1,38756,146,1000,300000,0.025802456393848695,0.0033333333333333335,9,373,0.44,2,1,0.07,2,0,0
USR2530,46,5,52984,22,70969,300000,1.339442095727012,0.23656333333333332,6,475,0.09,1,1,0.68,1,0,0
USR8559,48,5,9649,352,4085,100000,0.42335993367188307,0.04085,8,42,0.04,3,0,0.14,0,0,0
USR4264,29,1,13614,50,20390,200000,1.4977229322755987,0.10195,13,108,0.91,2,0,0.73,0,0,0
USR1248,47,5,45275,70,27399,100000,0.6051684152401988,0.27399,2,615,0.28,1,0,0.0,1,0,0
USR2603,64,0,32431,358,7550,200000,0.23280194875273658,0.03775,6,300,0.8,0,0,0.48,1,1,0
USR7313,33,1,33490,363,47737,500000,1.4254105703194984,0.095474,9,105,0.85,1,1,0.39,2,1,0
USR5220,57,0,15232,136,12923,300000,0.8484112394957983,0.043076666666666666,6,694,0.29,1,0,0.05,2,0,0
USR6784,24,2,52941,214,20377,200000,0.38490017188946185,0.101885,2,635,0.03,1,0,0.04,1,1,0
USR7962,66,3,34350,72,8174,500000,0.23796215429403203,0.016348,1,441,0.1,0,0,0.73,2,0,0
USR5921,53,1,21211,217,8091,200000,0.3814530196596106,0.040455,9,371,0.17,2,0,0.57,0,0,0
USR2208,36,3,9278,356,1005,100000,0.10832075878422073,0.01005,7,589,0.67,3,0,0.81,0,0,0
USR3516,33,3,5153,83,1828,200000,0.35474480884921405,0.00914,11,635,0.0,1,0,0.93,1,1,0
USR4790,22,1,22329,281,30361,500000,1.3597115858300863,0.060722,0,213,0.35,2,1,0.46,0,1,0
USR5972,67,1,24845,149,17155,300000,0.6904809820889515,0.057183333333333336,2,690,0.55,1,0,0.63,2,0,0
USR3045,54,4,8328,274,5293,200000,0.635566762728146,0.026465,9,272,0.62,1,1,0.08,0,0,0
USR6847,21,2,28907,295,2056,300000,0.07112464109039333,0.006853333333333334,3,472,0.26,0,0,0.24,0,1,0
USR3632,68,2,51436,236,57692,500000,1.121626876117894,0.115384,2,295,0.8,0,1,0.53,2,1,0
USR5736,32,0,6119,326,7473,500000,1.2212779865991175,0.014946,8,200,0.7,0,0,0.09,1,1,0
USR5483,45,0,52628,17,38209,300000,0.7260203693851182,0.12736333333333333,4,283,0.78,0,0,0.95,0,0,0
USR6196,23,0,28581,161,10488,100000,0.3669570693817571,0.10488,0,478,0.51,0,0,0.61,2,1,0
USR6078,32,0,45484,201,73306,100000,1.611687626418081,0.73306,5,543,0.23,0,1,0.45,0,0,0
USR1667,43,0,44103,213,63979,500000,1.4506722898669024,0.127958,9,505,0.78,0,1,0.02,2,0,0
USR7555,18,5,29394,294,48731,100000,1.6578553446281554,0.48731,10,484,0.64,0,0,0.06,0,0,0
USR3702,25,2,50984,127,11002,300000,0.21579319002039857,0.036673333333333336,0,428,0.41,0,0,0.52,2,0,0
USR9006,68,1,29873,106,22610,200000,0.7568707528537475,0.11305,18,71,0.11,0,0,0.27,0,0,0
USR7291,34,1,55541,190,11616,300000,0.20914279541239805,0.03872,10,237,0.72,3,0,0.55,2,0,0
USR3613,53,2,58775,340,68202,500000,1.160391322841344,0.136404,5,430,0.27,0,0,0.04,0,1,0
USR6193,32,1,56824,326,109964,200000,1.9351682387723497,0.54982,11,587,0.06,2,0,0.09,0,0,0
USR4520,34,1,53546,3,31780,100000,0.5935083853135622,0.3178,15,189,0.89,2,1,0.4,1,0,0
USR1925,63,4,19678,183,48863,200000,2.483128366703933,0.244315,5,605,0.9,3,1,0.4,2,1,1
USR4778,44,1,38002,23,44665,300000,1.1753328772169886,0.14888333333333334,2,425,0.87,3,0,0.94,2,0,0
USR5481,24,2,22495,135,31891,500000,1.417692820626806,0.063782,17,265,0.17,2,0,0.91,2,0,0
USR1191,43,2,47368,87,69740,500000,1.4723019760175646,0.13948,17,279,0.69,3,0,0.21,0,0,0
USR5456,43,3,20586,96,10062,200000,0.48877878169629846,0.05031,8,429,0.78,2,0,0.72,2,0,0
USR5500,63,1,32216,44,52141,300000,1.6184814998758381,0.17380333333333334,5,340,0.82,1,0,0.63,0,0,0
USR8978,47,1,20817,201,21127,300000,1.0148916750732575,0.07042333333333334,5,658,0.19,1,0,0.79,0,0,0
USR9663,68,4,38723,229,64595,500000,1.6681300519071354,0.12919,2,409,0.11,1,0,0.84,1,0,0
USR8612,18,2,9284,44,14556,200000,1.5678586816027575,0.07278,12,42,0.22,0,0,0.5,0,1,0
USR7170,69,3,28007,266,12468,300000,0.44517442068054414,0.04156,15,403,0.58,1,0,0.04,0,0,0
USR8669,30,1,36599,311,35722,500000,0.9760375966556464,0.071444,7,671,0.64,0,0,0.16,0,1,0
USR2104,69,3,27943,326,25719,500000,0.9204094048598933,0.051438,31,313,0.06,1,0,0.14,0,1,0
USR4733,65,3,33554,148,23943,200000,0.7135661918102164,0.119715,1,30,0.08,1,0,0.92,1,1,0
USR3142,64,2,59061,142,26304,500000,0.44537004114390205,0.052608,8,444,0.07,2,1,0.87,0,1,0
USR6973,60,2,13577,2,16655,500000,1.2267069308389187,0.03331,4,506,1.0,0,0,0.6,2,1,0
USR6025,52,0,17394,187,25400,200000,1.4602736575830746,0.127,1,73,0.75,3,0,0.75,1,1,0
USR6876,28,4,9950,34,7801,500000,0.7840201005025126,0.015602,4,651,0.14,0,0,0.51,0,0,0
USR9963,26,2,55876,90,1000,300000,0.01789677142243539,0.0033333333333333335,12,444,0.8,0,0,0.54,2,0,0
USR1921,40,3,24259,138,1000,100000,0.041221814584277996,0.01,6,582,0.14,0,0,0.13,2,0,0
USR3766,36,3,18805,81,32951,300000,1.75224674288753,0.10983666666666667,1,592,0.33,1,0,0.48,0,0,0
USR7817,64,1,8399,71,5204,200000,0.6195975711394214,0.02602,1,138,0.59,0,1,0.33,0,1,0
USR6673,24,4,47824,92,35563,500000,0.7436224489795918,0.071126,8,63,0.53,0,1,0.85,1,0,0
USR8809,57,2,14275,49,1000,100000,0.07005253940455342,0.01,22,318,0.6,3,0,0.48,0,0,0
USR9621,47,2,36545,232,25881,200000,0.7081953755643727,0.129405,9,359,0.59,0,0,0.58,0,0,0
USR3946,65,2,29225,321,24191,200000,0.8277502138579983,0.120955,2,491,0.08,0,0,0.55,0,0,0
USR1431,54,5,16371,43,14416,500000,0.8805815160955348,0.028832,6,288,0.33,1,0,0.7,1,0,0
USR4152,45,2,36188,155,37173,300000,1.0272189676135735,0.12391,6,447,0.71,0,0,0.24,2,0,0
USR8693,34,3,11944,202,11433,100000,0.957217012726055,0.11433,7,420,0.25,0,0,0.6,1,0,0
USR3313,69,0,46356,363,112456,200000,2.4259211321080336,0.56228,4,163,0.07,0,0,0.21,0,1,0
USR3036,34,1,17719,53,15180,500000,0.8567074891359557,0.03036,1,508,0.73,0,1,0.92,0,0,0
USR6346,45,1,14895,133,15901,300000,1.067539442766029,0.05300333333333333,6,357,0.64,0,0,0.62,0,1,0
USR9334,31,1,54987,207,75930,300000,1.3808718424354847,0.2531,8,250,0.9,0,0,0.05,0,0,0
USR5291,59,1,38993,348,39200,200000,1.0053086451414357,0.196,20,509,0.37,0,0,0.11,0,1,0
USR2941,46,2,30651,355,41783,300000,1.3631855404391373,0.13927666666666666,2,309,0.5,1,0,0.59,0,0,0
USR2650,58,1,57803,327,33782,200000,0.5844333339100046,0.16891,14,323,0.66,1,1,0.12,0,0,0
USR7963,55,1,6355,198,5147,200000,0.8099134539732494,0.025735,19,127,0.99,1,0,0.58,0,0,0
USR5341,20,3,5969,345,2891,500000,0.48433573462891605,0.005782,17,652,0.42,0,1,0.56,0,0,0
USR8253,46,1,7431,117,7664,200000,1.0313551338985332,0.03832,5,343,0.93,1,0,0.2,0,0,0
USR7938,20,3,32940,263,29994,200000,0.9105646630236794,0.14997,4,417,0.61,3,0,0.33,1,0,0
USR6185,20,1,44314,4,79460,100000,1.7931127860269893,0.7946,5,656,0.28,0,0,0.52,2,0,0
USR8483,34,1,8233,39,13087,300000,1.5895785254463743,0.04362333333333333,1,160,0.15,2,0,0.24,0,0,0
USR9388,59,2,53899,109,1000,200000,0.01855321991131561,0.005,1,23,0.97,1,0,0.99,2,0,0
USR3742,28,1,28763,186,41930,500000,1.4577756145047456,0.08386,14,191,0.54,3,0,0.81,2,1,0
USR6420,43,3,50690,80,57397,500000,1.1323140658907083,0.114794,0,88,0.28,0,0,0.51,2,0,0
USR8315,57,2,19062,296,24230,300000,1.2711153079425035,0.08076666666666667,12,52,0.77,0,1,0.28,0,0,0
USR9994,20,2,55899,131,60414,500000,1.080770675682928,0.120828,9,209,0.46,3,1,0.15,0,1,0
USR7837,37,1,43022,235,38705,100000,0.8996559899586258,0.38705,9,187,0.15,2,1,0.58,1,0,0
USR3761,59,1,37689,87,47344,300000,1.2561755419353127,0.15781333333333333,0,128,0.86,0,0,0.54,2,0,0
USR4523,37,1,43978,133,54831,100000,1.246782482150166,0.54831,8,354,0.26,1,1,0.1,0,1,0
USR7711,46,1,28089,182,36487,200000,1.2989782477126277,0.182435,11,344,0.93,0,1,0.17,2,0,0
USR8268,55,1,39348,266,32399,500000,0.8233963606790689,0.064798,3,10,0.08,2,1,0.76,0,0,0
USR4916,19,2,17663,88,1000,300000,0.0566155239766744,0.0033333333333333335,1,255,0.3,1,0,0.41,2,0,0
USR2931,35,0,35373,29,55372,500000,1.5653747208322732,0.110744,13,464,0.27,1,0,0.54,2,0,0
USR9150,19,3,52284,284,90214,500000,1.725460944074669,0.180428,1,97,0.61,1,1,0.12,1,1,0
USR2706,34,1,19674,64,32503,100000,1.6520788858391786,0.32503,7,393,0.17,1,0,0.31,0,0,0
USR7853,24,0,53029,149,38359,100000,0.723358916819099,0.38359,3,585,0.44,1,0,0.61,0,0,0
USR3384,29,1,11487,144,20404,100000,1.7762688256289718,0.20404,0,698,0.08,0,0,0.57,1,0,0
USR7576,36,1,13373,107,19078,300000,1.42660584760338,0.06359333333333334,9,80,0.17,0,0,0.22,0,0,0
USR5143,21,2,55467,56,70776,200000,1.2760019471036832,0.35388,8,50,0.03,0,0,0.45,1,0,0
USR1807,40,5,25013,180,57407,200000,2.2950865549914043,0.287035,5,29,0.58,3,0,0.14,0,0,0
USR9739,21,1,49533,108,46223,500000,0.9331758625562756,0.092446,4,58,0.61,2,0,0.12,0,0,0
USR8516,49,3,44888,212,101781,100000,2.267443414721084,1.01781,7,545,0.55,0,0,0.27,2,0,0
USR6832,38,2,29934,329,54589,200000,1.8236453531101757,0.272945,4,345,0.23,0,0,0.18,1,0,0
USR1066,30,0,44449,318,40963,300000,0.9215730387635267,0.13654333333333332,12,187,0.2,3,0,0.56,0,0,0
USR9614,68,1,8147,163,7763,300000,0.9528660856757089,0.025876666666666666,7,155,0.99,3,0,0.25,2,1,0
USR2490,39,2,57407,91,13107,200000,0.22831710418590068,0.065535,10,177,0.47,3,0,0.81,1,0,0
USR3340,29,2,36181,231,19639,200000,0.5427987065034134,0.098195,19,394,0.55,2,0,0.94,2,0,0
USR3376,44,1,30324,155,40650,500000,1.3405223585278987,0.0813,1,474,0.89,1,1,0.58,0,1,0
USR1745,27,3,53769,149,71308,300000,1.3261916717811377,0.23769333333333334,18,375,0.24,0,0,0.26,1,0,0
USR4489,51,2,10239,56,14046,500000,1.3718136536771168,0.028092,4,184,0.78,0,1,0.32,1,1,0
USR4394,35,0,10335,275,12498,100000,1.209288824383164,0.12498,7,158,0.63,0,0,0.15,1,0,0
USR9631,49,1,46121,344,68624,300000,1.4879122308709698,0.22874666666666665,8,483,0.59,1,0,0.61,2,0,0
USR9489,57,2,32284,111,29114,300000,0.9018089456077314,0.09704666666666667,11,506,0.43,0,0,0.58,0,1,0
USR9720,35,1,8654,238,3388,500000,0.3914952623064479,0.006776,0,495,0.04,1,1,0.28,1,1,0
USR2085,62,4,59478,83,62799,500000,1.0558357712095228,0.125598,11,379,0.66,0,1,0.37,2,1,0
USR5632,40,1,36830,14,36444,300000,0.9895194135215857,0.12148,0,449,0.13,3,0,0.82,0,0,0
USR3870,60,2,31866,212,43801,200000,1.3745371242076194,0.219005,15,653,0.47,3,0,0.96,0,0,0
USR5790,18,3,11309,195,14283,200000,1.262976390485454,0.071415,8,342,0.72,1,1,0.81,0,0,0
USR6919,49,1,20569,134,22938,300000,1.1151733190723905,0.07646,18,248,0.07,2,0,0.37,0,0,0
USR2353,37,4,36318,119,1000,300000,0.027534555867613855,0.0033333333333333335,0,389,0.08,0,0,0.26,2,0,0
USR2351,19,1,51025,190,55242,200000,1.0826457618814307,0.27621,2,30,0.06,1,1,0.73,0,1,0
USR8599,47,1,16503,151,27572,200000,1.6707265345694722,0.13786,12,308,0.18,0,0,0.04,1,0,0
USR7581,21,0,14874,44,7449,100000,0.5008067769261799,0.07449,10,642,0.74,1,1,0.48,0,0,0
USR5914,44,3,10230,176,1000,200000,0.09775171065493646,0.005,16,50,0.71,0,1,0.74,1,0,0
USR9438,45,3,8423,188,10884,200000,1.2921761842573904,0.05442,14,457,0.4,0,0,0.47,0,0,0
USR6393,57,3,38064,64,9515,200000,0.249973728457335,0.047575,8,227,0.66,2,0,0.99,0,0,0
USR6312,39,2,50680,233,68924,300000,1.3599842146803474,0.22974666666666665,3,44,0.3,0,0,0.1,1,0,0
USR5267,65,1,37740,77,53328,300000,1.4130365659777424,0.17776,8,284,0.45,0,0,0.77,1,1,0
USR7597,22,4,14144,295,10239,100000,0.7239111990950227,0.10239,6,365,0.48,1,0,0.86,2,0,0
USR5163,31,2,10591,346,9729,100000,0.9186101406854876,0.09729,14,245,0.06,0,0,0.84,2,1,0
USR8106,62,2,32819,182,18678,100000,0.5691215454462354,0.18678,27,514,0.11,1,0,0.84,0,0,0
USR3635,69,1,17738,57,1000,100000,0.05637614161686774,0.01,6,628,0.44,1,0,0.08,0,1,0
USR2677,43,5,16055,242,28058,500000,1.7476175646216132,0.056116,0,668,0.98,0,0,0.7,2,0,0
USR6261,60,3,28043,235,1385,100000,0.049388439182683735,0.01385,17,180,0.06,0,1,0.68,0,0,0
USR2189,66,2,8717,168,7374,300000,0.8459332339107491,0.02458,2,372,0.91,0,0,0.35,1,0,0
USR7066,35,4,30259,131,42236,100000,1.3958161208235567,0.42236,10,642,0.53,2,0,0.04,0,1,0
USR2856,22,2,59714,76,82732,500000,1.3854707438791574,0.165464,1,14,0.54,0,0,0.9,2,0,0
USR3561,57,2,53896,73,16399,200000,0.30427118895650884,0.081995,3,282,0.51,3,1,0.09,2,0,0
USR1988,42,0,19141,140,14885,500000,0.7776500705292304,0.02977,4,700,0.42,2,1,0.92,0,0,0
USR9881,23,6,16227,274,2589,200000,0.15954889998151228,0.012945,6,209,0.61,2,1,0.81,0,0,0
USR5179,68,3,33222,275,59811,500000,1.8003431461080006,0.119622,0,286,0.87,1,1,0.88,0,0,1
USR2046,53,2,56591,303,137367,200000,2.42736477531763,0.686835,5,686,0.54,1,0,0.71,2,0,0
USR6573,64,1,53797,216,69691,100000,1.2954439838652714,0.69691,8,556,0.43,3,0,0.17,0,0,0
USR9009,39,2,19530,196,31916,500000,1.6342037890424987,0.063832,0,308,0.67,2,0,0.73,2,0,0
USR3383,38,5,49739,252,17929,200000,0.3604616096021231,0.089645,8,319,0.07,0,0,0.43,1,0,0
USR1676,65,4,41326,187,9837,500000,0.23803416735227217,0.019674,15,18,0.88,0,1,0.11,1,0,0
USR8664,66,0,28040,288,28426,500000,1.0137660485021398,0.056852,6,596,0.51,0,0,0.18,0,1,0
USR5937,52,2,38083,131,12448,500000,0.3268650053829793,0.024896,11,361,0.24,0,0,0.57,2,0,0
USR2239,58,4,5547,22,5201,500000,0.9376239408689382,0.010402,1,393,0.66,1,0,0.35,0,0,0
USR4141,44,2,6250,83,11692,500000,1.87072,0.023384,8,236,0.28,0,0,0.18,0,0,0
USR7029,22,0,50213,131,32139,500000,0.6400533726325852,0.064278,2,77,0.02,2,0,0.23,0,0,0
USR4300,32,0,18157,229,20866,300000,1.1491986561656662,0.06955333333333333,2,388,0.38,2,0,0.09,2,0,0
USR9349,29,1,11732,222,17861,100000,1.522417320150017,0.17861,11,654,0.78,2,0,0.23,2,0,0
USR9572,37,1,57381,198,50558,500000,0.8810930447360624,0.101116,5,287,0.01,0,0,0.88,2,0,0
USR3405,53,3,43913,307,69487,500000,1.5823787944344498,0.138974,4,281,0.1,0,0,0.56,1,1,0
USR3054,48,0,32677,60,44027,500000,1.347339107017168,0.088054,5,602,0.72,0,0,0.83,1,0,0
USR4601,59,3,30759,298,16685,500000,0.5424428622516987,0.03337,14,290,0.41,0,0,0.3,0,0,0
USR6889,44,0,52324,266,2761,200000,0.05276737252503631,0.013805,4,63,0.56,2,1,0.13,0,1,0
USR8376,49,2,6020,10,11630,100000,1.9318936877076411,0.1163,6,572,0.22,2,1,0.06,1,1,0
USR8061,37,2,32617,359,24924,300000,0.764141398657142,0.08308,4,664,0.48,1,1,0.86,2,0,0
USR3574,60,1,58804,26,52871,200000,0.899105503027005,0.264355,7,171,0.92,1,1,0.45,1,0,0
USR2116,18,3,41731,249,75188,100000,1.801730128681316,0.75188,7,364,0.53,3,0,0.35,1,0,0
USR1528,28,1,29641,121,61209,300000,2.065011301912891,0.20403,6,158,0.48,0,0,0.29,1,0,0
USR5104,47,3,24579,270,16396,100000,0.6670735180438586,0.16396,17,102,0.65,1,0,0.76,0,1,0
USR2543,32,2,20213,231,11653,200000,0.5765101667243853,0.058265,12,367,0.26,2,0,0.31,1,0,0
USR1796,20,1,49707,295,82362,200000,1.65694972539079,0.41181,4,277,0.37,0,0,0.55,1,0,0
USR2973,42,3,36734,4,25648,300000,0.6982087439429412,0.08549333333333334,4,231,0.54,0,0,0.61,2,0,0
USR2781,60,4,31445,136,49556,500000,1.575958021943075,0.099112,0,470,0.67,0,0,0.44,0,0,0
USR2561,23,1,55150,10,22156,200000,0.40174070716228466,0.11078,8,158,0.5,0,0,0.16,0,1,0
USR3569,48,0,35460,148,34285,100000,0.9668640721940215,0.34285,22,201,0.91,0,0,0.61,2,0,0
USR8180,25,0,41516,112,37432,500000,0.9016282878890066,0.074864,9,670,0.33,2,0,0.84,1,0,0
USR7293,65,4,49270,86,53263,100000,1.0810432311751572,0.53263,19,681,0.01,0,0,0.52,2,0,0
USR3042,28,0,24650,325,1000,100000,0.04056795131845842,0.01,11,190,0.76,0,0,0.52,0,0,0
USR5763,60,0,9388,261,1000,200000,0.10651896037494674,0.005,5,459,0.92,1,1,0.54,0,1,0
USR7701,35,1,35101,80,1000,100000,0.028489216831429305,0.01,16,295,0.35,0,0,0.83,1,0,0
USR9989,35,0,20685,350,8304,500000,0.40145032632342276,0.016608,9,137,0.06,0,0,0.85,2,0,0
USR1375,46,2,33842,101,57860,500000,1.7097098280243483,0.11572,6,121,0.49,0,1,0.97,0,1,0
USR7418,57,5,48237,268,67545,100000,1.40027364885876,0.67545,0,653,0.71,0,0,0.62,0,0,0
USR6209,44,4,50491,105,21557,300000,0.4269473767602147,0.07185666666666667,3,326,0.94,1,1,0.75,2,0,0
USR6884,56,0,20216,71,8743,300000,0.4324792243767313,0.029143333333333334,6,124,0.36,0,0,0.08,2,0,0
USR8145,40,2,41934,46,55744,300000,1.3293270377259503,0.18581333333333333,2,601,0.92,0,0,0.32,0,1,0
USR8198,24,3,43945,146,49332,200000,1.1225850494936853,0.24666,3,232,0.66,0,1,0.06,2,0,0
USR1102,39,2,19610,317,17942,100000,0.9149413564507904,0.17942,8,252,0.69,1,0,0.86,1,0,0
USR1861,63,2,8567,337,10055,100000,1.1736897396988444,0.10055,16,590,0.11,0,0,0.37,0,0,0
USR2283,21,1,38738,20,77595,200000,2.003071919045898,0.387975,16,678,0.76,1,0,0.15,0,1,1
USR8471,54,3,51435,270,61656,100000,1.1987168270632838,0.61656,10,158,0.54,1,0,0.46,1,0,0
USR1344,21,1,24351,103,29267,100000,1.2018808262494354,0.29267,0,439,1.0,0,0,0.67,0,0,0
USR1338,29,1,13137,290,16195,300000,1.2327776509096444,0.053983333333333335,0,665,0.37,0,0,0.73,0,0,0
USR1366,34,3,35253,28,31546,100000,0.8948458287237966,0.31546,0,553,0.55,1,0,0.46,0,0,0
USR7686,37,5,21667,104,41061,500000,1.8950939216319749,0.082122,1,28,0.85,2,1,0.46,2,0,0
USR4240,51,5,45770,142,37507,500000,0.8194668997159712,0.075014,6,627,0.22,0,1,0.46,1,0,0
USR6774,42,2,24275,270,10211,500000,0.4206385169927909,0.020422,3,660,0.9,3,1,0.23,0,0,0
USR3735,41,2,59452,173,1000,300000,0.016820292000269126,0.0033333333333333335,5,256,0.86,2,0,0.05,0,0,0
USR1451,70,4,16360,361,1000,300000,0.061124694376528114,0.0033333333333333335,9,85,0.96,0,0,0.24,1,0,0
USR7425,39,6,23535,160,24430,300000,1.0380284682387932,0.08143333333333333,13,646,0.87,0,0,0.63,2,0,0
USR8812,52,1,10723,246,17497,100000,1.6317261960272311,0.17497,14,238,0.46,0,0,0.14,1,0,0
USR3237,48,1,33833,178,53140,200000,1.5706558685307244,0.2657,4,381,0.05,0,0,0.48,1,1,0
USR4224,59,1,16659,364,9190,500000,0.5516537607299358,0.01838,10,313,0.16,2,0,0.24,0,0,0
USR2017,70,4,28083,23,16072,300000,0.5723035288252679,0.053573333333333334,13,231,0.14,1,1,0.33,1,1,0
USR5334,36,3,32543,170,25582,200000,0.7860983928955536,0.12791,8,380,0.93,2,0,0.53,1,0,0
USR6758,30,2,14585,157,12450,100000,0.8536167295166267,0.1245,7,406,0.73,1,0,0.09,0,0,0
USR9270,61,3,14903,114,9362,200000,0.6281956653022881,0.04681,16,141,0.96,0,1,0.73,2,1,0
USR8726,36,0,15247,104,11631,500000,0.7628385911982685,0.023262,2,250,0.1,0,0,0.85,2,1,0
USR4276,23,2,24564,291,37022,100000,1.507164956847419,0.37022,12,246,0.52,0,0,0.66,0,1,0
USR5822,52,1,57269,87,1000,100000,0.017461453840646773,0.01,4,320,0.83,1,0,0.49,0,1,0
USR6288,67,1,22670,175,27839,100000,1.2280105866784297,0.27839,8,600,0.21,2,0,0.71,0,0,0
USR5508,25,1,50588,153,83131,500000,1.643294852534198,0.166262,9,589,0.76,1,1,0.6,1,0,0
USR3821,47,3,15225,120,15990,200000,1.0502463054187192,0.07995,3,375,0.33,0,0,0.57,2,1,0
USR8164,33,1,13301,17,22581,100000,1.6976919028644464,0.22581,4,28,0.22,0,0,0.51,1,0,0
USR1966,69,4,45285,171,37673,300000,0.8319090206470133,0.12557666666666667,10,466,0.97,0,1,0.77,0,0,0
USR8423,35,1,19822,201,1000,500000,0.05044899606497831,0.002,2,358,0.55,1,0,0.71,0,0,0
USR7086,36,3,13556,303,19954,200000,1.4719681321923872,0.09977,0,595,0.45,1,0,0.68,0,0,0
USR2881,36,3,25379,45,45069,100000,1.7758382915008473,0.45069,4,78,0.7,3,0,0.97,0,0,0
USR4646,53,1,46362,162,34216,100000,0.7380182045640826,0.34216,3,208,0.35,1,0,0.34,2,0,0
USR7646,26,4,8201,66,7573,300000,0.9234239726862578,0.025243333333333333,4,665,0.5,3,1,0.85,0,0,0
USR7334,54,5,19287,172,33501,100000,1.7369730906828433,0.33501,10,554,0.47,0,0,0.75,1,0,0
USR6932,34,3,24522,315,52493,100000,2.1406492129516352,0.52493,1,169,0.47,2,1,0.12,0,0,0
USR8769,58,0,19833,242,11151,500000,0.5622447436091362,0.022302,2,126,0.77,1,0,0.22,2,1,0
USR4173,34,1,27706,244,30785,300000,1.1111311629249983,0.10261666666666666,12,659,0.74,0,1,0.03,0,0,0
USR7870,57,1,48093,184,63869,200000,1.3280311063980206,0.319345,15,630,0.34,0,1,0.7,0,0,0
USR4718,62,5,42964,222,38159,100000,0.8881621822921516,0.38159,16,463,0.87,0,0,0.09,0,0,0
USR3621,69,1,47296,254,54823,500000,1.159146650879567,0.109646,2,428,0.89,2,1,0.65,0,0,0
USR3768,27,1,56746,47,45196,200000,0.796461424593804,0.22598,2,189,0.88,0,0,0.09,1,0,0
USR2267,23,1,58843,25,119763,500000,2.0352973165882093,0.239526,11,8,0.89,0,0,0.87,2,1,1
USR9689,27,4,33727,186,40192,500000,1.191686186141667,0.080384,13,110,0.73,3,0,0.37,0,0,0
USR6390,46,1,48915,96,48510,300000,0.9917203311867525,0.1617,0,203,0.09,0,0,0.26,1,0,0
USR6495,33,0,52611,293,52773,200000,1.0030792039687517,0.263865,10,417,0.46,0,0,0.17,2,0,0
USR2623,28,2,26936,270,32218,500000,1.196094446094446,0.064436,12,280,0.89,1,0,0.54,2,1,0
USR5374,24,2,46472,128,70983,500000,1.5274358753658117,0.141966,1,85,0.02,1,0,0.15,1,0,0
USR7917,23,2,38622,235,83998,300000,2.1748744239034745,0.2799933333333333,12,28,0.87,0,0,0.78,0,1,1
USR9848,24,4,5809,7,1000,500000,0.17214666896195557,0.002,1,647,0.78,2,1,0.16,1,0,0
USR1151,34,2,50267,1,47584,200000,0.9466250223804882,0.23792,2,75,0.97,0,0,0.73,0,1,0
USR4252,30,2,14514,82,13345,500000,0.9194570759266915,0.02669,0,23,0.02,0,0,0.35,0,0,0
USR1903,51,1,31188,216,63951,300000,2.0505001923816852,0.21317,3,310,0.33,0,0,0.84,2,0,0
USR8362,48,4,59345,131,151748,300000,2.557047771505603,0.5058266666666666,9,20,0.37,0,0,0.67,1,0,0
USR9753,27,4,57689,53,56377,100000,0.9772573627554646,0.56377,12,39,0.01,1,0,0.44,2,0,0
USR9305,63,3,8321,153,3437,300000,0.41305131594760247,0.011456666666666667,9,527,0.74,2,0,0.69,0,0,0
USR4318,65,2,28814,319,32377,500000,1.123655167626848,0.064754,5,335,0.46,0,0,0.07,2,0,0
USR9559,28,1,37780,131,67185,300000,1.7783218634197988,0.22395,0,140,0.49,0,0,0.03,0,0,0
USR8746,43,3,30899,255,49377,500000,1.59801288067575,0.098754,0,595,0.9,2,0,0.76,0,1,0
USR4426,35,3,49515,353,68200,300000,1.3773603958396445,0.22733333333333333,4,543,0.44,1,1,0.99,2,1,0
USR4029,48,0,50347,224,19708,200000,0.39144338292251774,0.09854,9,482,0.24,3,0,0.46,2,0,0
USR8380,22,1,42141,208,13939,100000,0.3307705085308844,0.13939,6,357,0.52,0,1,0.05,2,0,0
USR5405,55,5,32982,355,36635,100000,1.1107573828148687,0.36635,5,528,0.48,0,0,0.5,2,0,0
USR3126,63,2,56096,356,28794,200000,0.5132986309184255,0.14397,0,28,0.92,0,0,0.5,0,0,0
USR4515,48,2,15687,313,12826,300000,0.8176196850895646,0.04275333333333333,1,202,0.66,0,0,0.65,1,0,0
USR9931,67,1,39828,196,38483,300000,0.9662297880887818,0.12827666666666668,2,148,0.09,0,0,0.02,0,0,0
USR8871,29,7,14456,220,15422,300000,1.0668234643054786,0.05140666666666667,4,676,0.44,0,0,0.73,1,1,0
USR7755,70,1,24887,334,46449,200000,1.8663961104190943,0.232245,16,415,0.28,1,0,0.99,1,0,0
USR5111,49,0,37794,13,27975,100000,0.7401968566439118,0.27975,5,301,0.12,1,0,0.1,0,1,0
USR7371,55,4,49156,22,144798,100000,2.9456831312555942,1.44798,19,86,0.26,0,0,0.66,2,0,0
USR3156,38,4,37691,104,50288,200000,1.334217717757555,0.25144,19,240,0.93,0,1,0.03,2,0,0
USR9586,46,2,23847,203,29012,200000,1.2165890887742692,0.14506,15,305,0.98,0,0,0.95,2,0,0
USR4198,27,2,55692,141,54841,500000,0.984719528837176,0.109682,11,547,1.0,3,0,0.67,0,1,0
USR3602,27,0,56113,39,65140,200000,1.1608718122360238,0.3257,0,219,0.51,0,0,0.03,0,1,0
USR2405,29,3,16043,184,1000,200000,0.06233248145608677,0.005,0,211,0.47,1,0,0.43,0,0,0
USR5939,43,2,12404,353,19108,300000,1.5404708158658498,0.06369333333333334,16,5,0.17,0,0,0.99,0,1,0
USR8035,30,3,7673,240,5599,100000,0.7297015508927408,0.05599,10,160,0.17,0,0,0.07,2,0,0
USR4004,70,2,47124,149,71114,200000,1.5090824208471267,0.35557,3,218,0.61,0,0,0.11,2,0,0
USR1349,32,2,8695,145,8726,300000,1.0035652673950546,0.029086666666666667,12,653,0.35,0,0,0.97,2,0,0
USR9552,27,1,57454,343,57913,200000,1.0079889998955687,0.289565,24,51,0.38,2,0,0.54,1,0,0
USR9407,26,2,59004,111,59045,200000,1.0006948681445327,0.295225,19,644,0.05,0,0,0.08,0,1,0
USR4171,69,6,6862,258,9677,100000,1.4102302535703877,0.09677,4,263,0.38,1,0,0.63,2,0,0
USR8580,18,2,38135,296,21463,500000,0.5628163104759407,0.042926,5,660,0.55,2,0,0.94,2,0,0
USR7786,59,2,33854,312,21653,200000,0.6395994564896319,0.108265,1,234,0.89,1,0,0.17,0,0,0
USR7743,23,3,30072,77,47086,200000,1.5657754722000532,0.23543,9,584,0.18,2,0,0.61,2,0,0
USR9501,25,0,19060,157,26696,100000,1.400629590766002,0.26696,4,428,0.46,0,1,0.55,0,1,0
USR6808,69,0,37998,246,29477,100000,0.7757513553344912,0.29477,1,601,0.82,1,0,0.64,1,0,0
USR5151,23,1,38571,222,33536,100000,0.8694615125353244,0.33536,8,384,0.46,0,0,0.18,2,0,0
USR4202,59,2,53991,69,40475,300000,0.7496619807004871,0.13491666666666666,10,617,0.9,3,0,0.38,2,0,0
USR6846,31,4,34572,163,46524,500000,1.3457132939951406,0.093048,2,6,0.71,3,0,0.99,0,0,0
USR1138,65,2,29486,46,12277,100000,0.41636708946618733,0.12277,3,664,0.96,1,0,0.46,0,0,0
USR4234,32,2,5125,262,4859,200000,0.9480975609756097,0.024295,1,170,0.76,0,0,0.95,2,0,0
USR6486,23,3,32039,64,22845,300000,0.7130372358687849,0.07615,20,15,0.81,1,0,0.53,0,0,0
USR5973,48,1,49341,311,18014,500000,0.3650919113921485,0.036028,9,96,0.21,0,0,0.99,1,1,0
USR4749,63,3,11226,1,21014,200000,1.8719045073935507,0.10507,10,170,0.71,0,0,0.87,0,0,1
USR3443,58,1,27166,181,71451,300000,2.630162703379224,0.23817,9,672,0.14,0,0,0.91,2,0,0
USR1575,20,2,50625,134,54850,200000,1.0834567901234569,0.27425,9,426,0.51,2,0,0.73,1,1,0
USR6550,44,3,37571,87,11331,300000,0.3015889915094089,0.03777,5,23,0.36,3,0,0.86,2,0,0
USR5191,24,0,23050,290,19549,300000,0.848112798264642,0.06516333333333334,1,691,1.0,3,1,0.17,0,0,0
USR9854,62,1,9115,230,2411,200000,0.26450905101481076,0.012055,1,97,0.1,0,0,0.23,0,1,0
USR5278,29,2,13338,55,8983,100000,0.6734892787524367,0.08983,5,84,0.45,0,0,0.92,2,0,0
USR8789,47,1,51366,109,70997,500000,1.3821788731845968,0.141994,3,162,0.16,0,0,0.18,0,0,0
USR7290,57,2,59955,243,77577,300000,1.2939204403302478,0.25859,3,585,0.73,0,0,0.74,2,0,0
USR4543,56,4,9022,350,14270,300000,1.5816892041675903,0.04756666666666667,8,565,0.26,0,1,0.69,0,1,0
USR3715,34,2,22798,335,27782,100000,1.2186156680410563,0.27782,19,642,0.31,1,0,0.16,1,0,0
USR5793,60,4,44258,254,54816,200000,1.2385557413349,0.27408,17,62,0.03,0,0,0.83,2,0,0
USR5119,38,1,12711,297,16851,300000,1.3257021477460467,0.05617,5,617,0.4,1,0,0.03,0,1,0
USR1792,56,2,22822,310,21664,100000,0.9492594864604329,0.21664,11,343,0.06,1,0,0.28,0,0,0
USR3269,20,2,28184,279,28356,500000,1.0061027533352256,0.056712,9,580,0.64,0,0,0.58,2,0,0
USR4923,44,5,12694,363,13654,500000,1.075626280132346,0.027308,3,692,0.29,2,0,0.21,0,1,0
USR5792,65,3,49310,64,59886,100000,1.2144798215372135,0.59886,8,615,0.74,1,0,0.9,2,0,0
USR7277,21,1,12670,128,17699,200000,1.3969218626677191,0.088495,7,242,0.88,0,0,0.12,0,0,0
USR1283,64,1,30247,42,28540,200000,0.9435646510397725,0.1427,5,630,0.74,1,0,0.33,0,1,0
USR5541,23,4,7160,74,8772,200000,1.2251396648044692,0.04386,2,148,0.56,0,0,0.83,0,1,0
USR9859,62,0,58649,250,73030,300000,1.2452045218162286,0.24343333333333333,17,141,0.42,3,0,0.45,0,0,0
USR4669,55,2,13553,346,15907,200000,1.1736884822548512,0.079535,16,674,0.03,1,0,0.09,0,0,0
USR6562,36,3,18369,143,37102,500000,2.019815994338287,0.074204,10,558,0.78,0,1,0.27,0,1,1
USR2138,19,1,7057,312,5367,200000,0.7605214680459118,0.026835,10,499,0.17,0,1,0.02,0,0,0
USR7237,64,0,46530,265,1000,100000,0.02149151085321298,0.01,14,686,0.28,1,0,0.9,0,0,0
USR3098,55,1,38803,47,13380,200000,0.34481869958508365,0.0669,6,507,0.14,1,0,0.77,1,1,0
USR7641,32,4,10922,219,6851,200000,0.6272660684856254,0.034255,9,50,0.46,2,0,0.77,1,0,0
USR1126,31,1,30049,326,18572,200000,0.6180571732836367,0.09286,3,20,0.93,1,0,0.5,1,0,0
USR2434,60,2,34870,317,35704,300000,1.023917407513622,0.11901333333333333,12,234,0.19,0,0,0.27,0,1,0
USR3229,50,2,22405,63,40449,200000,1.8053559473331846,0.202245,2,557,0.57,0,0,0.98,0,1,1
USR7853,27,1,32535,171,57070,300000,1.7541109574304594,0.19023333333333334,3,117,0.62,0,0,0.5,0,0,0
USR6291,22,4,18348,333,14040,100000,0.7652060170045781,0.1404,1,552,0.32,2,0,0.07,1,0,0
USR5164,61,1,6375,229,3693,200000,0.5792941176470588,0.018465,13,39,0.64,1,0,0.67,1,0,0
USR8586,39,2,53612,262,1725,300000,0.03217563232112214,0.00575,6,54,0.93,0,0,0.98,0,0,0
USR5481,66,2,53855,122,66767,100000,1.2397548974097112,0.66767,10,592,0.15,0,1,0.61,1,0,0
USR9716,65,3,41389,128,45636,500000,1.1026118050689797,0.091272,7,162,0.97,3,0,0.72,0,0,0
USR9709,60,3,12430,69,3479,300000,0.27988736926790025,0.011596666666666667,9,186,0.94,0,1,0.41,2,1,0
USR8221,55,0,42043,242,17201,100000,0.4091287491377875,0.17201,11,386,0.05,1,0,0.62,0,0,0
USR4513,35,4,18811,336,28334,300000,1.5062463452235395,0.09444666666666666,3,95,0.05,2,0,0.51,0,1,0
USR3066,53,2,55034,30,50625,300000,0.9198858887233347,0.16875,1,113,0.56,0,0,0.0,1,0,0
USR9743,28,0,56929,93,72290,500000,1.2698273287779516,0.14458,3,694,0.42,0,1,0.89,2,0,0
USR2201,40,2,21956,60,27214,500000,1.2394789579158316,0.054428,13,503,0.04,3,0,0.44,1,0,0
USR1269,57,5,34295,57,22891,300000,0.6674733926228313,0.07630333333333333,2,276,0.89,0,0,0.37,1,1,0
USR1851,33,1,21439,113,17205,100000,0.8025094454032371,0.17205,9,45,0.72,0,0,0.29,0,0,0
USR4257,21,2,20369,245,18256,500000,0.8962639304825961,0.036512,3,423,0.89,0,0,0.33,0,0,0
USR4252,24,2,38806,339,57816,200000,1.489872700097923,0.28908,12,662,0.16,1,1,0.16,0,0,0
USR1052,49,0,57584,360,61235,100000,1.0634030286190608,0.61235,5,105,0.43,0,0,0.73,0,0,0
USR9091,56,2,11444,38,11988,100000,1.047535826634044,0.11988,22,71,0.25,0,0,0.67,2,0,0
USR1482,57,2,39626,190,38564,500000,0.9731994145258164,0.077128,4,487,0.75,0,0,0.17,1,0,0
USR6568,70,3,42063,301,77340,200000,1.8386705655802011,0.3867,4,331,0.29,0,0,0.51,2,0,0
USR5427,33,2,39393,344,64999,300000,1.6500139618713985,0.21666333333333335,16,502,0.42,0,0,0.1,2,0,0
USR2952,59,3,51814,97,39813,500000,0.7683830624927626,0.079626,12,559,0.31,1,0,0.1,0,0,0
USR8776,25,4,23407,152,47941,200000,2.048147989917546,0.239705,1,21,0.43,1,0,0.39,0,0,0
USR6242,65,3,13418,265,17143,300000,1.2776121627664332,0.05714333333333333,5,71,0.08,2,0,0.0,1,0,0
USR7991,50,3,28115,175,10966,200000,0.3900409034323315,0.05483,0,647,0.65,0,0,0.14,1,0,0
USR6262,41,1,59068,126,71764,200000,1.2149387147016997,0.35882,21,487,0.02,0,0,0.95,1,1,0
USR8402,48,3,16631,124,27004,200000,1.6237147495640671,0.13502,2,588,0.63,1,0,0.98,0,0,0
USR1690,35,4,7808,28,14171,200000,1.8149334016393444,0.070855,14,576,0.26,3,1,0.6,0,0,0
USR9324,49,2,51939,214,1000,200000,0.01925335489709082,0.005,12,585,0.18,1,0,0.6,1,0,0
USR8146,64,4,55654,167,8538,200000,0.15341215366370792,0.04269,12,699,0.5,3,0,0.66,2,0,0
USR9909,64,2,49495,261,1000,500000,0.02020406101626427,0.002,2,67,0.7,3,0,0.13,0,1,0
USR5228,34,0,29717,289,55047,100000,1.8523740619847227,0.55047,4,311,0.73,1,1,0.17,0,0,0
USR7103,33,2,38572,202,83118,300000,2.1548791869750077,0.27706,8,399,0.71,1,0,0.38,2,0,0
USR8889,25,2,28838,199,34588,500000,1.1993896941535473,0.069176,11,639,0.9,0,1,0.71,0,0,0
USR8289,55,3,16631,238,18373,200000,1.1047441524863206,0.091865,0,230,0.59,1,0,0.49,2,0,0
USR5477,41,1,38469,116,64838,200000,1.685461020562011,0.32419,1,301,0.98,0,0,0.9,0,0,0
USR1142,26,1,26375,86,26330,200000,0.9982938388625593,0.13165,4,684,0.26,1,0,0.06,0,0,0
USR7513,49,2,54869,229,1000,200000,0.018225227359711313,0.005,9,484,0.52,0,0,0.32,0,0,0
USR3374,58,1,21029,209,48064,500000,2.2856055922773315,0.096128,17,358,0.43,3,0,0.07,0,0,0
USR8033,38,2,27713,264,29172,500000,1.0526467722729405,0.058344,3,11,0.6,2,0,0.63,1,1,0
USR2880,54,3,20316,129,51119,100000,2.516194132703288,0.51119,3,351,0.25,0,0,0.77,0,0,0
USR3356,43,1,7904,312,8913,200000,1.127656882591093,0.044565,2,127,0.44,1,0,0.25,0,0,0
USR3419,67,1,8646,116,7628,500000,0.8822576914179968,0.015256,10,331,0.81,0,0,0.5,2,0,0
USR1641,19,3,48315,65,62950,200000,1.30290799958605,0.31475,7,339,0.19,1,0,0.53,2,0,0
USR8683,56,3,19730,127,9047,200000,0.45854029396857576,0.045235,2,564,0.51,0,0,0.39,1,0,0
USR4043,28,3,19176,325,11477,300000,0.5985085523571131,0.03825666666666667,11,13,0.22,0,0,0.59,1,1,0
USR3848,47,3,42113,215,1000,100000,0.023745636739249162,0.01,7,439,0.8,0,0,0.01,0,0,0
USR1640,32,5,57164,16,82760,500000,1.4477643271989364,0.16552,13,661,0.36,2,0,0.55,0,0,0
USR5875,65,3,55840,291,17343,100000,0.31058381088825215,0.17343,9,126,0.21,2,1,0.01,1,0,0
USR6603,19,4,56169,256,30211,200000,0.5378589613487867,0.151055,10,100,0.6,2,0,0.53,0,0,0
USR5637,29,4,20117,82,17409,200000,0.8653874832231446,0.087045,4,655,0.5,0,0,0.27,2,1,0
USR9039,36,2,59470,110,1000,300000,0.016815200941651252,0.0033333333333333335,0,492,0.71,0,1,0.87,1,0,0
USR9465,61,2,25242,113,19800,200000,0.7844069408129308,0.099,4,314,0.27,0,0,0.09,0,1,0
USR8308,58,2,18763,35,4980,200000,0.26541597825507646,0.0249,4,467,0.58,0,0,0.73,2,0,0
USR7753,42,0,29231,49,45714,500000,1.5638876535185249,0.091428,7,225,0.4,3,0,0.82,0,0,0
USR9002,53,3,54130,109,33197,500000,0.6132828376131535,0.066394,12,471,0.72,3,0,0.81,0,0,0
USR9228,65,1,19099,177,15970,500000,0.836169432954605,0.03194,4,571,0.38,1,1,0.69,1,0,0
USR2817,43,2,38158,223,40934,300000,1.0727501441375333,0.13644666666666666,10,416,0.61,0,0,0.13,0,0,0
USR8671,29,5,16801,142,1000,300000,0.059520266650794594,0.0033333333333333335,9,188,0.13,0,1,0.92,1,0,0
USR9803,21,1,37194,111,61204,500000,1.6455342259504222,0.122408,7,132,0.76,0,1,0.87,0,0,0
USR4433,56,0,32948,87,30052,500000,0.9121039213305815,0.060104,3,510,0.15,2,0,0.53,1,0,0
USR7147,28,3,55509,221,101763,500000,1.833270280495055,0.203526,3,462,0.24,2,0,0.95,2,0,0
USR7455,39,2,20926,155,13139,500000,0.6278791933479881,0.026278,6,340,1.0,1,1,0.74,1,0,0
USR9959,57,2,44768,142,54224,200000,1.2112223016440316,0.27112,0,516,0.23,2,0,0.41,1,0,0
USR5979,33,0,59157,244,65849,100000,1.1131227073719085,0.65849,7,486,0.28,0,0,0.19,2,0,0
USR2890,41,0,24416,187,6754,500000,0.2766218872870249,0.013508,3,607,0.33,0,0,0.67,1,0,0
USR6260,64,2,41008,93,58732,100000,1.432208349590324,0.58732,3,382,0.51,1,0,0.3,0,0,0
USR1052,69,1,10736,288,12839,200000,1.1958830104321907,0.064195,16,55,0.24,3,0,0.89,0,0,0
USR2911,36,0,34495,38,34807,500000,1.0090447890998695,0.069614,1,687,0.85,0,0,0.3,0,0,0
USR6719,21,2,22414,212,1000,100000,0.0446149727848666,0.01,19,579,0.74,3,0,0.97,2,0,0
USR3976,32,1,45499,157,27665,300000,0.6080353414360755,0.09221666666666667,10,618,0.71,2,0,0.08,0,1,0
USR8571,58,1,33749,77,1000,300000,0.029630507570594683,0.0033333333333333335,1,261,0.64,1,0,0.42,0,0,0
USR2117,51,2,28071,63,24864,300000,0.8857539809768088,0.08288,2,375,0.69,1,0,0.03,0,0,0
USR1222,22,1,14530,112,20902,100000,1.438540949759119,0.20902,6,293,0.97,1,1,0.79,0,1,0
USR6572,35,2,19876,30,19937,200000,1.0030690279734353,0.099685,0,223,0.5,1,0,0.71,1,0,0
USR8130,52,4,35894,162,48679,300000,1.3561876636763806,0.16226333333333334,15,649,0.5,2,0,0.6,0,0,0
USR7078,49,6,58639,252,125652,200000,2.142805982366684,0.62826,5,630,0.57,1,0,0.59,2,0,0
USR1505,43,2,18354,231,1000,300000,0.054484036177400025,0.0033333333333333335,5,294,0.91,0,0,0.13,0,0,0
USR4594,45,3,58168,180,91582,500000,1.5744395543941687,0.183164,3,652,0.31,2,0,0.05,0,0,0
USR7101,53,2,25792,31,32367,100000,1.2549240074441688,0.32367,6,159,0.98,2,0,0.6,1,1,0
USR7886,45,5,47577,142,76899,200000,1.6163061983731635,0.384495,5,681,0.08,0,0,0.06,0,0,0
USR5894,41,2,41746,348,40806,300000,0.9774828726105496,0.13602,7,144,0.7,1,0,0.71,0,1,0
USR6391,26,4,7260,268,5758,200000,0.7931129476584022,0.02879,7,661,0.81,1,0,0.46,0,0,0
USR6097,21,2,20902,275,16569,100000,0.7926992632283992,0.16569,2,5,0.13,3,1,0.87,2,0,0
USR6482,29,0,56870,330,60228,200000,1.0590469491823458,0.30114,13,589,0.44,3,0,0.42,0,0,0
USR5181,27,3,47281,28,67919,200000,1.4364966900023266,0.339595,1,620,0.04,0,0,0.05,2,0,0
USR9036,36,3,31490,350,39127,100000,1.2425214353763099,0.39127,10,480,0.24,0,0,0.98,0,0,0
USR6019,41,5,17952,312,25115,200000,1.3990084670231728,0.125575,14,349,0.6,1,0,0.19,1,0,0
USR3537,30,1,26606,64,1000,100000,0.03758550702848981,0.01,6,18,0.78,0,0,0.28,0,0,0
USR3724,38,1,45211,78,54169,500000,1.198137621375329,0.108338,13,306,0.82,1,0,0.65,1,0,0
USR4224,68,1,59293,278,43975,100000,0.7416558447034219,0.43975,9,300,0.39,0,0,0.24,1,0,0
USR6985,62,3,29959,14,20835,500000,0.6954504489468941,0.04167,12,101,0.29,0,0,0.79,0,0,0
USR8103,40,3,32207,56,12005,100000,0.3727450554227342,0.12005,6,557,0.0,0,0,0.92,2,0,0
USR6213,60,1,46843,358,27485,500000,0.5867472194351344,0.05497,9,504,0.62,0,1,0.07,0,0,0
USR8579,47,5,9190,66,14134,300000,1.5379760609357997,0.04711333333333333,8,155,0.59,0,0,0.33,0,1,0
USR4108,19,1,52510,358,90551,300000,1.7244524852409064,0.30183666666666664,3,392,0.59,3,0,1.0,2,0,0
USR6722,39,2,33114,168,55532,100000,1.6769946246300658,0.55532,19,246,0.47,0,0,0.28,2,0,0
USR3996,59,5,30236,54,51831,200000,1.7142148432332318,0.259155,3,134,0.77,0,0,0.81,0,0,0
USR7218,18,3,36614,201,1000,300000,0.02731195717485115,0.0033333333333333335,1,310,0.27,1,0,0.02,0,0,0
USR3225,63,5,43718,305,48840,200000,1.1171599798709912,0.2442,5,250,0.83,0,0,0.32,2,0,0
USR7502,57,1,26307,97,20570,500000,0.7819211616679971,0.04114,1,685,0.89,0,0,0.75,1,1,0
USR9500,50,1,45197,168,45681,300000,1.0107086753545589,0.15227,25,665,0.38,1,0,0.9,1,0,0
USR1997,63,1,25639,164,4772,500000,0.1861227036935918,0.009544,1,522,0.33,0,0,0.44,0,0,0
USR6941,47,4,26716,116,34323,500000,1.2847357388830662,0.068646,6,25,0.98,1,1,0.28,1,0,0
USR6021,61,1,24399,170,26847,200000,1.100331980818886,0.134235,0,604,0.18,0,0,0.15,0,0,0
USR3268,68,0,5893,153,2680,300000,0.45477685389445105,0.008933333333333333,4,5,0.27,2,0,0.6,1,0,0
USR8324,31,4,18164,219,15871,100000,0.8737612860603391,0.15871,4,104,0.94,0,1,0.78,0,1,0
USR9084,48,0,19890,142,18241,300000,0.917094017094017,0.060803333333333334,6,465,0.38,1,0,0.11,2,0,0
USR7622,50,3,54503,82,114127,500000,2.0939581307450967,0.228254,11,230,0.06,2,0,0.47,0,0,0
USR3089,52,2,51319,223,91944,300000,1.7916171398507375,0.30648,5,258,0.23,3,1,0.92,0,0,0
USR1053,38,2,29831,122,17868,300000,0.5989742214474875,0.05956,18,36,0.07,2,0,0.23,0,0,0
USR1884,34,2,51095,323,63066,100000,1.2342890693805657,0.63066,14,21,0.74,0,0,0.35,2,1,0
USR7028,66,3,21911,324,40334,500000,1.8408105517776459,0.080668,3,548,0.33,3,0,0.66,1,0,0
USR5106,48,2,18386,150,14453,500000,0.7860872402915262,0.028906,1,28,0.46,2,0,0.42,0,0,0
USR1398,28,3,14995,96,15591,100000,1.0397465821940648,0.15591,12,548,0.51,1,0,0.04,1,0,0
USR9729,42,0,24467,196,5212,500000,0.21302162095884253,0.010424,15,255,0.39,2,0,0.57,2,1,0
USR8768,36,2,18859,231,1000,100000,0.053025080863248315,0.01,6,342,0.2,0,0,0.77,0,0,0
USR5271,60,2,36293,78,36935,200000,1.0176893615848785,0.184675,3,699,0.92,0,0,0.86,2,1,0
USR8923,69,5,36227,186,52524,100000,1.449857840836945,0.52524,3,277,0.66,2,0,0.3,1,0,0
USR4923,69,5,11489,11,3755,500000,0.32683436330402993,0.00751,5,255,0.38,3,0,0.12,2,0,0
USR4203,70,1,49353,239,75293,500000,1.5256012805705834,0.150586,20,481,0.84,1,0,0.29,2,0,0
USR3103,38,3,14070,160,24641,500000,1.7513148542999288,0.049282,5,437,0.32,1,1,0.34,0,0,0
USR5542,29,3,14387,150,19907,300000,1.383679710850073,0.06635666666666666,11,219,0.13,3,0,0.66,1,1,0
USR1600,59,4,20777,320,1000,500000,0.048130143909130285,0.002,1,149,0.71,1,0,0.65,0,0,0
USR8138,67,1,28549,139,37276,300000,1.305684962695716,0.12425333333333333,2,591,0.99,0,0,0.65,0,0,0
USR7600,58,2,13507,248,4239,100000,0.3138372695639298,0.04239,9,597,1.0,3,0,0.53,1,0,0
USR7315,69,1,23462,115,23367,500000,0.9959508993265707,0.046734,11,96,0.25,2,0,0.58,2,1,0
USR2994,59,1,8745,99,7453,200000,0.8522584333905089,0.037265,0,249,0.46,2,0,0.63,0,0,0
USR9675,59,3,39512,67,19193,100000,0.48575116420328,0.19193,19,617,0.66,3,0,0.95,2,0,0
USR2413,54,1,17811,318,10798,500000,0.6062545617876594,0.021596,8,309,0.13,0,0,0.14,0,0,0
USR3339,38,0,39611,112,1000,100000,0.02524551261013355,0.01,11,212,0.91,0,0,0.44,2,0,0
USR3984,19,2,49547,153,25663,100000,0.5179526510182251,0.25663,10,209,0.01,2,0,0.6,1,1,0
USR9194,52,5,36980,3,46327,100000,1.2527582477014603,0.46327,0,249,0.4,0,0,0.51,1,0,0
USR6964,58,1,26016,230,41341,100000,1.5890605781057812,0.41341,3,135,0.52,2,0,0.54,1,0,0
USR8795,53,3,57956,113,77162,300000,1.3313893298364277,0.25720666666666664,7,270,0.41,0,1,0.23,0,0,0
USR5721,38,2,26465,110,12204,500000,0.4611373512185906,0.024408,18,306,0.7,0,0,0.02,1,0,0
USR9689,43,1,25557,226,17012,500000,0.6656493328637947,0.034024,15,198,0.94,1,0,0.84,0,0,0
USR7929,30,3,29761,74,9127,500000,0.30667652296629816,0.018254,14,490,0.5,2,0,0.88,0,0,0
USR4618,35,3,20783,174,29955,100000,1.441322234518597,0.29955,4,686,0.34,0,0,0.71,1,0,0
USR1532,23,0,29978,331,35781,100000,1.1935752885449329,0.35781,14,615,0.13,1,0,0.39,1,0,0
USR8132,58,3,9762,192,8718,100000,0.8930547019053473,0.08718,0,388,0.77,0,1,0.08,2,1,0
USR2691,65,0,44678,217,85440,200000,1.9123505976095618,0.4272,16,418,0.37,3,0,0.21,2,1,0
USR9143,39,2,59448,66,50866,100000,0.855638541246131,0.50866,4,641,0.14,3,0,0.18,2,0,0
USR8065,34,4,11713,107,10503,500000,0.8966959788269444,0.021006,0,473,0.59,3,0,0.29,0,0,0
USR5351,43,1,16289,110,9536,100000,0.5854257474369207,0.09536,5,697,0.24,0,0,0.24,0,0,0
USR3965,61,4,20674,186,1000,500000,0.04836993324949212,0.002,6,563,0.83,1,0,0.55,0,0,0
USR3117,61,5,36747,145,54301,300000,1.4776988597708656,0.18100333333333332,7,651,0.29,3,0,0.15,1,0,0
USR8906,61,2,57053,93,47438,200000,0.8314724904912976,0.23719,17,161,0.53,3,0,0.9,2,0,0
USR1326,69,2,23628,129,22156,300000,0.9377010326730997,0.07385333333333334,8,549,0.31,0,1,0.48,1,1,0
USR7886,34,1,26565,162,9181,200000,0.345605119518163,0.045905,23,449,0.53,2,0,0.54,0,0,0
USR2699,51,2,35427,339,1000,500000,0.02822705845823807,0.002,5,641,0.33,1,0,0.53,0,0,0
USR3568,39,1,43193,84,54007,200000,1.2503646424189105,0.270035,3,573,0.6,1,0,0.76,2,1,0
USR5162,19,4,25745,224,31006,500000,1.2043503592930667,0.062012,8,592,0.02,0,0,0.54,0,0,0
USR2065,57,2,35261,356,27153,300000,0.7700575706871614,0.09051,5,214,0.28,1,1,0.29,0,0,0
USR6958,52,3,34825,199,44683,500000,1.2830725053840633,0.089366,14,437,0.14,1,1,0.14,0,1,0
USR2245,54,0,45525,41,51728,300000,1.1362548050521692,0.17242666666666667,5,613,0.18,2,0,0.53,0,0,0
USR7288,22,0,34966,363,41398,300000,1.1839501229766058,0.13799333333333333,7,641,0.89,0,0,0.06,0,1,0
USR4382,61,1,24560,60,47448,100000,1.9319218241042346,0.47448,6,596,0.1,0,0,0.9,2,0,0
USR6732,48,1,36855,24,62048,200000,1.6835707502374169,0.31024,1,659,0.78,0,0,0.93,2,0,0
USR2928,58,3,26903,192,33564,300000,1.2475932052187488,0.11188,0,40,0.81,0,1,0.13,0,0,0
USR8387,20,2,25320,214,22173,500000,0.8757109004739336,0.044346,16,569,0.56,0,0,0.0,0,0,0
USR3806,64,1,33644,61,27140,300000,0.8066817263107835,0.09046666666666667,7,170,0.74,1,1,0.68,0,0,0
USR3020,34,1,23531,114,24021,300000,1.0208235944073776,0.08007,14,54,0.62,1,1,0.3,2,1,0
USR8409,27,5,17122,63,3948,500000,0.23058053965658218,0.007896,3,694,0.69,1,1,0.85,1,0,0
USR5753,20,1,35241,135,24809,300000,0.7039811583099231,0.08269666666666667,6,665,0.88,1,0,0.3,0,0,0
USR7888,19,5,10507,128,14721,100000,1.4010659560293137,0.14721,5,563,0.04,1,0,0.97,2,0,0
USR5244,47,3,42275,250,13856,200000,0.32775872264931993,0.06928,13,659,0.45,2,0,0.43,1,0,0
USR2496,18,2,20438,66,16789,200000,0.8214600254428026,0.083945,9,466,0.79,0,0,0.68,0,0,0
USR8905,32,1,46347,167,41297,500000,0.891039333721708,0.082594,6,182,0.32,1,1,0.93,0,1,0
USR7396,69,2,14896,216,11489,200000,0.771280880773362,0.057445,5,539,0.87,1,1,0.07,1,0,0
USR6115,61,2,5247,245,4490,100000,0.8557270821421765,0.0449,13,239,0.83,1,1,0.67,2,0,0
USR8008,67,2,12534,212,12686,200000,1.0121270145205041,0.06343,6,133,0.83,0,0,0.15,0,0,0
USR5381,50,6,21450,210,19214,200000,0.8957575757575758,0.09607,4,361,0.51,0,0,0.1,2,0,0
USR4741,53,0,36567,193,1000,100000,0.027347061558235568,0.01,9,116,0.44,1,0,0.96,0,1,0
USR4867,22,1,46453,262,25434,100000,0.547521150410092,0.25434,2,186,0.92,1,0,0.89,0,0,0
USR3838,47,1,26215,239,32884,300000,1.254396337974442,0.10961333333333333,7,253,0.91,2,0,0.66,1,0,0
USR7426,25,4,53098,95,59785,100000,1.1259369467776563,0.59785,0,242,0.82,1,1,0.75,0,0,0
USR5317,60,3,55769,53,63084,500000,1.1311660599974895,0.126168,6,282,0.49,2,0,0.84,0,0,0
USR4657,20,1,9953,81,12078,200000,1.2135034662915705,0.06039,24,482,0.97,1,0,0.7,0,0,0
USR6515,34,2,20139,361,30251,300000,1.5021103331843686,0.10083666666666667,4,248,0.97,0,0,0.91,1,0,0
USR8980,20,2,45274,260,15973,500000,0.35280735079736714,0.031946,12,459,0.91,3,1,0.29,0,0,0
USR3367,57,1,18490,227,37732,300000,2.040670632774473,0.12577333333333332,10,145,0.42,1,0,0.07,2,0,0
USR8011,32,1,57232,295,63650,100000,1.1121400615040538,0.6365,16,216,0.67,3,0,0.49,0,1,0
USR1556,58,1,53993,157,1000,100000,0.018520919378437944,0.01,8,89,0.12,0,0,0.39,1,0,0
USR6771,19,3,18833,302,35499,200000,1.8849360165666649,0.177495,5,48,0.07,0,0,0.19,2,0,0
USR9666,22,2,42159,343,62730,500000,1.487938518465808,0.12546,7,304,0.26,2,1,0.76,1,0,0
USR4903,68,1,14787,190,22999,500000,1.555352674646649,0.045998,5,147,0.69,1,1,0.12,1,0,0
USR6021,21,3,49258,340,40721,300000,0.826688050671972,0.13573666666666667,0,104,0.84,0,1,0.13,2,1,0
USR2746,56,4,53526,87,54720,300000,1.0223069162649927,0.1824,5,126,0.2,1,0,0.76,0,0,0
USR8793,55,2,38447,19,6462,100000,0.1680755325513044,0.06462,3,117,0.15,3,0,0.86,2,0,0
USR8842,62,1,5533,263,1000,100000,0.1807337791433219,0.01,7,506,0.56,0,1,0.47,1,0,0
USR6244,46,5,29039,191,15837,200000,0.5453700196287751,0.079185,18,288,0.97,3,0,0.28,0,0,0
USR2788,57,2,42815,71,62030,200000,1.4487913114562654,0.31015,3,541,0.06,2,0,0.44,2,0,0
USR6578,59,4,29610,324,32394,300000,1.0940222897669707,0.10798,12,139,0.07,2,0,0.58,1,1,0
USR8314,33,1,39058,191,91352,300000,2.3388806390496186,0.30450666666666665,3,15,0.69,2,1,0.06,0,0,0
USR6332,53,2,41508,50,94550,300000,2.277874144743182,0.31516666666666665,7,214,0.58,1,0,0.24,0,1,0
USR2774,38,2,13025,239,11076,300000,0.8503646833013435,0.03692,3,89,0.8,1,0,0.28,0,0,0
USR7102,19,2,50822,70,39744,500000,0.7820235331155798,0.079488,4,542,0.49,0,0,0.28,0,0,0
USR7694,68,1,27203,25,26635,500000,0.9791199500055141,0.05327,3,371,0.65,0,1,0.7,2,0,0
USR8074,65,2,19807,333,15250,300000,0.7699298227899227,0.050833333333333335,2,171,0.51,2,0,0.45,0,0,0
USR2010,47,1,49378,147,76932,100000,1.5580217910810483,0.76932,2,342,0.93,0,1,0.69,0,1,0
USR5430,20,2,37577,282,28382,100000,0.7553024456449424,0.28382,5,117,0.59,1,0,0.22,0,0,0
USR3698,69,2,54217,290,6358,500000,0.11726949111902171,0.012716,4,250,0.87,1,1,0.59,1,0,0
USR1495,34,2,15795,103,22385,500000,1.4172206394428617,0.04477,4,234,0.3,0,0,0.87,0,0,0
USR4782,70,4,15872,137,6219,200000,0.39182207661290325,0.031095,2,356,0.16,2,0,0.51,2,0,0
USR7769,68,0,52905,110,64910,500000,1.2269161704942821,0.12982,10,485,0.27,0,0,0.97,1,0,0
USR5347,36,3,41424,356,61578,200000,1.486529548088065,0.30789,13,387,0.09,3,0,0.02,0,0,0
USR6293,57,3,25456,15,23972,100000,0.9417033312382149,0.23972,1,417,0.76,0,1,0.87,0,1,0
USR7274,31,0,13601,101,27248,500000,2.00338210425704,0.054496,11,22,0.81,1,0,0.61,0,0,0
USR8863,45,0,49072,292,116249,100000,2.3689476687316597,1.16249,5,151,0.45,1,0,0.25,0,0,0
USR3074,39,1,56975,66,54752,500000,0.9609828872312418,0.109504,10,497,0.13,1,1,0.11,2,1,0
USR2168,38,2,39902,173,50279,300000,1.260062152273069,0.16759666666666667,8,421,0.82,2,1,0.47,0,0,0
USR5826,70,1,18635,96,31411,200000,1.6855916286557553,0.157055,3,314,0.39,0,0,0.01,0,0,0
USR4383,18,4,55075,133,83573,500000,1.5174398547435315,0.167146,8,182,0.59,0,0,0.51,0,0,0
USR7939,28,2,56528,35,70451,500000,1.2463027172374752,0.140902,6,524,0.12,3,0,0.37,2,0,0
USR3713,35,4,10930,278,4537,200000,0.415096065873742,0.022685,7,258,0.7,3,0,0.7,0,0,0
USR7698,37,1,10588,128,10381,300000,0.980449565545901,0.03460333333333333,0,262,0.91,3,1,0.0,0,0,0
USR4409,45,2,52609,193,86943,500000,1.6526259765439373,0.173886,8,294,0.3,1,0,0.91,0,0,0
USR8736,48,2,49656,147,17024,100000,0.34283873046560337,0.17024,4,427,0.17,0,1,0.34,1,0,0
USR9242,55,2,52032,7,20875,100000,0.40119541820418203,0.20875,13,170,0.32,2,0,0.29,1,0,0
USR6827,31,0,24504,298,23046,100000,0.9404995102840352,0.23046,6,667,0.8,3,0,0.12,1,0,0
USR5134,42,0,13813,3,11034,200000,0.7988127126619851,0.05517,6,96,0.79,0,0,0.91,2,0,0
USR8513,69,5,11517,206,5392,300000,0.46817747677346533,0.017973333333333334,2,698,0.31,0,0,0.36,0,0,0
USR4970,23,7,57239,9,68784,200000,1.2016981428746134,0.34392,4,319,0.01,0,1,0.55,1,0,0
USR6974,19,1,27894,84,4932,500000,0.17681221768122177,0.009864,7,114,0.63,0,0,0.55,0,0,0
USR8992,26,2,46279,200,73179,200000,1.581257157674107,0.365895,7,104,0.32,2,0,0.25,0,0,0
USR8689,60,3,57484,66,34942,200000,0.607856099088442,0.17471,4,398,0.87,0,1,0.56,2,0,0
USR7503,29,1,43877,224,1000,300000,0.02279098388677439,0.0033333333333333335,1,643,0.55,1,1,0.77,2,0,0
USR4475,43,2,38282,125,62627,100000,1.635938561203699,0.62627,4,533,0.28,1,0,0.92,0,0,0
USR3637,31,2,39173,105,32479,200000,0.8291169938478034,0.162395,7,61,0.57,3,0,0.55,2,1,0
USR1701,32,2,36276,64,17485,100000,0.4819991178740765,0.17485,5,285,0.43,2,0,0.11,0,1,0
USR5716,19,3,21121,27,24253,500000,1.1482884333128167,0.048506,20,218,0.73,3,0,0.09,0,0,0
USR5882,63,3,10599,114,8136,500000,0.7676195867534673,0.016272,0,316,0.24,1,0,0.57,0,0,0
USR7546,53,4,57680,335,61758,200000,1.0707004160887656,0.30879,2,672,0.79,2,0,0.2,0,0,0
USR9120,44,2,31885,7,37020,200000,1.1610475145052532,0.1851,13,567,0.85,1,0,0.87,0,0,0
USR3587,48,4,27319,30,25536,200000,0.9347340678648559,0.12768,4,262,0.07,1,0,0.7,1,1,0
USR9769,23,2,49449,14,53151,100000,1.0748650124370565,0.53151,12,411,0.23,0,0,0.39,2,0,0
USR9828,22,1,24189,89,31571,100000,1.3051800405142833,0.31571,13,25,0.03,0,0,0.13,1,0,0
USR5362,51,5,58520,166,42791,200000,0.7312200956937799,0.213955,10,74,0.18,0,0,0.85,0,0,0
USR8597,31,2,45923,56,51161,500000,1.114060492563639,0.102322,1,561,0.96,1,0,0.55,1,0,0
USR9900,55,2,22801,105,5433,100000,0.238279022849875,0.05433,8,171,0.99,0,0,0.14,1,0,0
USR2347,62,4,36671,80,25623,500000,0.6987265141392381,0.051246,8,632,0.67,2,0,0.78,0,0,0
USR3461,55,4,47013,78,45510,500000,0.9680301193286963,0.09102,3,631,0.27,0,0,0.2,0,1,0
USR3945,18,2,14751,177,19523,500000,1.3235034912887262,0.039046,3,460,0.69,0,0,0.67,2,0,0
USR7986,20,1,48945,31,30719,200000,0.6276228419654715,0.153595,3,172,0.14,0,0,0.88,2,0,0
USR3825,49,0,33410,179,36860,300000,1.1032624962586053,0.12286666666666667,10,505,0.1,3,1,0.97,0,0,0
USR3011,44,1,6233,69,3310,300000,0.5310444408791914,0.011033333333333332,7,427,0.6,0,0,0.85,1,0,0
USR6076,69,0,17374,153,20682,200000,1.1903994474502129,0.10341,8,338,0.51,0,0,0.49,0,0,0
USR7661,56,3,30426,343,54714,300000,1.7982646420824295,0.18238,4,398,0.73,1,0,0.49,0,0,0
USR8334,28,1,19007,16,24425,200000,1.2850528752564845,0.122125,12,538,0.82,0,0,0.54,0,1,0
USR3982,37,2,26845,223,20428,200000,0.7609610728254796,0.10214,6,527,0.28,1,0,0.12,0,1,0
USR4723,19,2,15975,279,18590,500000,1.1636932707355243,0.03718,5,140,0.26,1,1,0.67,1,0,0
USR1206,62,1,36510,62,33615,500000,0.9207066557107642,0.06723,5,215,0.86,0,0,0.17,2,1,0
USR1300,65,0,15061,308,21191,500000,1.4070114866210743,0.042382,5,75,0.4,0,0,0.43,1,1,0
USR3441,57,4,19072,315,31326,500000,1.6425125838926173,0.062652,4,46,0.22,1,0,0.79,0,0,0
USR1292,70,2,42879,173,69977,100000,1.631964364840598,0.69977,23,631,0.66,1,0,0.9,0,0,0
USR1587,37,7,39969,279,58547,200000,1.464810227926643,0.292735,6,581,0.75,1,0,0.39,0,0,0
USR3721,69,3,32172,66,38689,500000,1.2025674499564838,0.077378,9,684,0.32,0,0,0.36,0,0,0
USR8400,68,0,42819,263,43738,500000,1.0214624349003947,0.087476,0,247,0.15,0,0,0.76,0,0,0
USR2707,38,2,16800,197,28568,500000,1.7004761904761905,0.057136,9,583,0.59,1,0,0.42,0,0,0
USR9633,40,4,7033,170,5673,100000,0.8066259064410636,0.05673,9,649,0.97,1,0,0.6,0,0,0
USR5157,18,1,44204,174,18787,300000,0.4250067867161343,0.06262333333333334,6,93,0.15,1,0,0.62,1,0,0
USR8409,33,2,27739,97,7842,500000,0.2827066584952594,0.015684,10,564,0.76,0,0,0.09,1,0,0
USR1697,66,1,16776,214,14365,300000,0.8562827849308536,0.04788333333333333,7,667,0.75,2,0,0.36,0,1,0
USR5767,43,4,34405,190,22291,300000,0.6479000145327714,0.07430333333333333,3,643,0.48,0,1,0.6,2,0,0
USR3701,25,2,15174,305,11901,300000,0.7843020956899961,0.03967,4,232,0.27,1,1,0.54,0,0,0
USR5579,33,3,25704,264,17770,100000,0.6913320883909119,0.1777,2,530,0.23,0,0,0.96,2,0,0
USR4928,61,3,6195,12,2920,300000,0.47134786117836963,0.009733333333333333,8,464,0.26,0,1,0.77,0,0,0
USR9410,66,2,8637,34,7409,100000,0.8578210026629617,0.07409,11,137,0.77,0,0,0.75,0,1,0
USR9066,54,2,45276,106,26891,500000,0.5939349765880378,0.053782,18,81,0.03,0,0,0.27,2,0,0
USR4286,46,3,45100,164,75639,300000,1.677139689578714,0.25213,16,350,0.54,0,0,0.33,0,0,0
USR4777,60,1,59822,107,35521,500000,0.5937782086857678,0.071042,11,59,0.44,1,0,0.98,0,0,0
USR8840,53,3,34967,170,1000,500000,0.028598392770326306,0.002,2,242,0.66,0,0,0.23,0,0,0
USR4081,43,0,5711,181,5529,300000,0.9681316757135353,0.01843,2,560,0.9,1,0,0.86,2,0,0
USR7620,63,1,7177,352,3177,500000,0.4426640657656402,0.006354,4,139,0.26,1,0,0.05,2,1,0
USR1159,61,2,31961,316,22497,500000,0.7038891148587341,0.044994,1,478,0.92,1,0,0.24,1,0,0
USR6025,44,3,32712,148,55037,300000,1.6824712643678161,0.18345666666666666,7,500,0.98,0,0,1.0,0,0,0
USR8982,62,3,45573,223,8806,100000,0.19322844666798322,0.08806,9,110,0.63,1,1,0.03,2,0,0
USR2943,51,3,53408,227,74519,300000,1.3952778609946075,0.24839666666666665,4,455,1.0,1,0,0.95,0,0,0
USR8704,65,3,17002,97,26187,500000,1.5402305611104576,0.052374,1,604,0.11,0,0,0.77,1,0,0
USR1603,26,2,56412,269,32371,500000,0.5738318088349996,0.064742,19,33,0.6,1,0,0.43,2,0,0
USR6195,59,2,8966,257,16044,100000,1.7894267231764442,0.16044,1,500,0.37,0,0,0.61,1,0,0
USR4332,24,2,49097,264,32211,300000,0.656068598896063,0.10737,15,32,0.06,0,0,0.3,0,0,0
USR1333,67,2,12120,98,24772,500000,2.043894389438944,0.049544,0,589,0.88,0,1,0.05,2,0,0
USR1433,55,2,25859,123,13399,200000,0.5181561545303376,0.066995,19,690,0.39,0,0,0.49,2,0,0
USR7838,39,3,20895,184,17466,100000,0.8358937544867193,0.17466,7,135,0.28,0,0,0.26,0,0,0
USR1045,58,2,55970,54,4180,200000,0.07468286582097552,0.0209,13,538,0.74,0,0,0.9,0,0,0
USR6257,55,1,43177,233,56440,200000,1.3071774324293026,0.2822,4,102,0.9,0,0,0.13,1,0,0
USR3077,43,2,20319,133,4045,500000,0.19907475761602442,0.00809,5,428,0.6,2,1,0.69,0,0,0
USR8265,36,1,43554,52,49848,300000,1.1445102631216422,0.16616,1,121,0.79,0,0,0.96,2,0,0
USR4494,43,1,13459,5,13438,100000,0.9984397057730886,0.13438,2,594,0.53,0,0,0.04,0,1,0
USR3634,42,2,50980,66,63316,300000,1.2419772459788152,0.21105333333333334,13,184,0.73,1,0,0.07,1,0,0
USR5374,50,0,26206,206,1000,100000,0.03815920018316416,0.01,9,666,0.24,0,1,0.45,0,0,0
USR8250,61,2,19106,285,27711,200000,1.4503820789280855,0.138555,6,63,0.57,1,1,0.24,2,0,0
USR5169,26,2,32776,346,38600,300000,1.177690993409812,0.12866666666666668,7,230,0.75,2,0,0.44,0,0,0
USR2366,18,1,57287,151,78802,300000,1.3755651369420636,0.2626733333333333,11,426,0.09,0,1,0.18,2,0,0
USR3582,47,2,9991,346,5691,100000,0.5696126513862476,0.05691,11,665,0.49,2,0,0.09,1,1,0
USR6535,45,2,40340,359,23086,500000,0.5722855726326227,0.046172,1,697,0.67,1,1,0.37,0,0,0
USR4646,45,0,14933,99,34092,100000,2.282997388334561,0.34092,13,347,0.66,0,0,0.56,2,1,0
USR9021,25,4,20441,70,6990,100000,0.34195978670319455,0.0699,9,487,0.16,0,1,0.55,2,1,0
USR6794,20,4,32349,86,60663,300000,1.8752666233886675,0.20221,4,59,0.92,1,0,0.68,2,0,0
USR3366,41,4,46277,107,13885,500000,0.30004105711260454,0.02777,21,643,0.27,1,0,0.44,0,0,0
USR5553,70,4,25580,96,6859,300000,0.2681391712275215,0.022863333333333333,10,694,0.7,0,0,0.66,0,0,0
USR7616,46,2,17546,240,13654,100000,0.7781830616664767,0.13654,9,503,0.61,2,0,0.44,0,0,0
USR1641,33,3,20032,169,26498,100000,1.3227835463258786,0.26498,15,175,0.47,0,0,0.64,1,1,0
USR9431,47,6,56352,246,55139,500000,0.9784745883021011,0.110278,17,20,0.52,0,0,0.96,2,0,0
USR1991,37,2,39606,110,26095,200000,0.6588648184618492,0.130475,3,128,0.52,0,1,0.53,0,0,0
USR6038,18,2,49847,8,53347,100000,1.0702148574638393,0.53347,7,590,0.52,1,1,0.16,0,0,0
USR4660,29,3,54270,247,76336,100000,1.4065966463976414,0.76336,10,437,0.37,3,0,0.66,2,1,0
USR4773,59,1,19147,336,17013,300000,0.8885465085914243,0.05671,6,185,0.92,1,0,0.59,0,0,0
USR6195,63,1,30555,110,10312,500000,0.33748977254131896,0.020624,8,31,0.9,1,1,0.47,0,0,0
USR9999,44,1,8060,32,3316,100000,0.4114143920595533,0.03316,13,45,0.79,0,0,0.85,2,0,0
USR9578,70,2,12661,77,17652,100000,1.3942026696153542,0.17652,6,202,0.72,3,0,0.06,2,0,0
USR3148,53,1,25302,355,18724,500000,0.7400205517350407,0.037448,13,392,0.89,3,0,0.62,1,0,0
USR1337,55,2,24290,272,38871,300000,1.6002881844380403,0.12957,1,226,0.16,0,1,0.47,0,0,0
USR6926,47,4,5227,197,10181,300000,1.947771188061986,0.033936666666666664,19,681,0.61,0,0,0.72,2,0,0
USR8112,69,1,7204,72,3798,200000,0.5272071071626874,0.01899,11,602,0.15,2,0,0.32,2,0,0
USR8701,67,5,13199,41,24029,300000,1.8205167058110463,0.08009666666666666,3,26,0.93,0,1,0.97,1,0,1
USR6223,45,5,53256,96,75792,500000,1.423163587201442,0.151584,11,15,0.08,1,0,0.23,0,0,0
USR8663,70,4,51664,158,40510,500000,0.7841049860637969,0.08102,1,427,0.3,0,0,0.87,1,1,0
USR3010,39,1,35569,301,35946,300000,1.0105991172088054,0.11982,12,443,0.3,0,0,0.16,0,1,0
USR5290,49,3,33965,195,1000,200000,0.029442072721919624,0.005,9,276,0.62,1,1,0.65,1,0,0
USR7722,23,3,57509,218,76032,300000,1.322088716548714,0.25344,19,245,0.49,3,1,0.7,1,1,0
USR5987,64,1,12675,223,10429,500000,0.8228007889546352,0.020858,0,124,0.31,0,0,0.28,1,0,0
USR6577,44,3,54618,286,74857,100000,1.3705554945256142,0.74857,15,70,0.34,0,0,0.05,2,1,0
USR3490,21,3,43232,172,55671,500000,1.2877266839378239,0.111342,12,323,0.9,0,1,0.25,2,0,0
USR7070,46,1,7719,210,2755,100000,0.3569115170358855,0.02755,12,502,0.18,0,0,0.23,0,0,0
USR4876,52,1,6144,291,5165,300000,0.8406575520833334,0.01721666666666667,1,637,0.63,1,0,0.29,1,0,0
USR9859,46,0,32044,65,32353,300000,1.0096429908875297,0.10784333333333333,2,175,0.76,3,0,0.06,1,1,0
USR8858,42,3,35398,15,1000,100000,0.02825018362619357,0.01,4,544,0.14,0,0,0.74,1,0,0
USR8324,65,2,48087,266,66158,100000,1.3757980327323394,0.66158,1,8,0.58,0,1,0.25,2,0,0
USR1547,66,1,15670,155,13853,500000,0.8840459476707083,0.027706,13,436,0.23,0,0,0.51,0,0,0
USR3718,41,1,17070,92,25524,500000,1.4952548330404218,0.051048,8,560,0.91,1,0,0.79,0,0,0
USR3823,25,2,23160,242,1000,300000,0.04317789291882556,0.0033333333333333335,11,207,0.91,1,0,0.72,0,0,0
USR2975,45,3,25028,79,26820,200000,1.0715998082147995,0.1341,2,559,0.69,1,0,0.11,1,0,0
USR1111,55,0,5203,116,5003,500000,0.9615606380934076,0.010006,4,191,0.45,1,1,0.53,2,0,0
USR6050,37,2,9125,107,11616,500000,1.272986301369863,0.023232,20,342,0.65,0,1,0.81,0,1,0
USR4612,42,1,53780,108,25521,100000,0.4745444403123838,0.25521,17,275,0.79,0,1,0.32,2,1,0
USR4001,31,1,21651,55,39172,500000,1.8092466860653087,0.078344,10,200,0.42,1,0,0.89,0,1,1
USR9596,66,6,42235,315,48620,100000,1.1511779329939624,0.4862,10,357,0.74,0,1,0.33,0,1,0
USR9315,64,2,12791,110,19672,300000,1.5379563755765773,0.06557333333333333,0,620,0.49,2,0,0.73,2,0,0
USR9180,35,1,27438,45,20222,300000,0.7370070704861871,0.06740666666666667,16,238,0.46,0,0,0.65,0,0,0
USR2714,24,3,39922,333,58637,200000,1.4687891388207004,0.293185,1,139,0.43,2,0,0.65,1,0,0
USR8540,26,1,28358,170,45212,100000,1.5943296424289441,0.45212,1,499,0.63,1,0,0.08,2,0,0
USR4933,56,0,19410,89,15087,100000,0.7772797527047913,0.15087,6,376,0.9,1,0,0.83,0,0,0
USR1070,52,1,50728,128,1000,200000,0.019712979025390317,0.005,6,233,0.39,0,0,0.44,0,1,0
USR7329,69,1,11823,264,2022,500000,0.17102258310073584,0.004044,6,216,0.46,1,0,0.66,0,0,0
USR9095,64,1,45504,325,52822,500000,1.1608210267229255,0.105644,3,123,0.87,1,1,0.09,0,0,0
USR1757,49,3,5405,329,8328,100000,1.5407955596669751,0.08328,8,142,0.78,1,0,0.92,0,0,0
USR2608,47,4,53998,172,68616,200000,1.2707137301381533,0.34308,4,577,0.28,0,1,0.29,0,0,0
USR9504,32,1,59282,267,77865,100000,1.3134678317195776,0.77865,3,130,0.9,0,0,0.46,2,0,0
USR6834,34,1,55429,198,14246,100000,0.2570134766999224,0.14246,2,258,0.61,2,1,0.74,0,0,0
USR7398,44,0,44726,46,43600,100000,0.9748244868756428,0.436,5,264,0.86,1,1,0.19,0,0,0
USR5987,23,1,37905,88,39341,100000,1.037884184144572,0.39341,7,603,0.15,0,0,0.05,0,0,0
USR2274,44,1,17116,66,13727,100000,0.8019981304043001,0.13727,2,417,0.74,0,0,0.68,1,1,0
USR1157,49,1,52584,354,71141,500000,1.35290202342918,0.142282,6,667,0.15,1,0,0.99,1,1,0
USR6469,18,3,17705,323,19571,200000,1.1053939565094606,0.097855,5,54,0.57,0,0,0.69,0,0,0
USR2109,52,5,32400,99,8252,100000,0.25469135802469134,0.08252,3,167,0.69,2,1,0.59,0,0,0
USR9549,32,2,7501,349,2958,200000,0.39434742034395415,0.01479,23,125,0.22,0,1,0.74,0,0,0
USR9168,24,2,44268,110,9699,300000,0.2190973163458932,0.03233,10,570,0.77,1,0,0.23,0,0,0
USR4288,42,3,52881,232,59857,100000,1.1319188366331954,0.59857,5,555,0.65,3,0,0.97,2,0,0
USR1522,21,3,9069,221,2217,300000,0.24445914654316903,0.00739,14,411,0.05,3,0,0.59,0,0,0
USR4457,23,4,49867,158,38593,500000,0.7739186235386127,0.077186,5,604,0.68,0,0,0.19,1,0,0
USR2913,66,3,20162,89,26269,300000,1.302896538041861,0.08756333333333334,7,258,0.71,0,1,0.8,0,1,0
USR4097,34,4,20718,341,30138,100000,1.4546770923834347,0.30138,1,232,0.39,3,0,0.12,2,1,0
USR4169,44,1,58088,182,75268,500000,1.2957581600330532,0.150536,3,236,0.36,1,1,0.62,0,0,0
USR6792,51,2,20322,256,8348,200000,0.4107863399271725,0.04174,3,422,0.32,0,1,0.19,1,1,0
USR5608,28,2,36513,265,21931,200000,0.6006353901350204,0.109655,11,698,0.77,0,1,0.46,2,0,0
USR8897,31,0,39604,21,27916,100000,0.7048782951217049,0.27916,2,479,0.19,0,0,0.1,2,0,0
USR1858,35,3,28898,86,55349,200000,1.915322859713475,0.276745,18,261,0.74,2,0,0.33,2,0,0
USR8395,22,2,52726,242,109594,100000,2.0785570686188977,1.09594,4,448,0.94,2,1,0.31,1,1,1
USR3610,42,3,43635,255,1555,200000,0.0356365303082388,0.007775,3,365,0.43,0,0,0.74,0,1,0
USR8278,21,3,23876,280,1000,300000,0.041883062489529235,0.0033333333333333335,8,176,0.46,1,0,0.95,2,0,0
USR2271,43,1,30456,97,59396,300000,1.9502232729183084,0.19798666666666667,8,331,0.04,2,1,0.03,2,0,0
USR1346,50,0,23426,196,29881,300000,1.2755485358149066,0.09960333333333334,16,24,0.69,1,0,0.37,0,0,0
USR2895,45,1,42442,28,74351,200000,1.7518260213939023,0.371755,2,477,0.47,1,0,0.52,1,0,0
USR6905,26,2,18684,285,1000,300000,0.05352172982230786,0.0033333333333333335,2,596,0.42,3,1,0.68,1,0,0
USR4735,60,0,31525,79,51562,200000,1.6355908009516258,0.25781,11,69,0.55,2,0,0.18,0,0,0
USR9869,52,3,6937,199,9958,200000,1.4354908461871125,0.04979,17,558,0.58,3,1,1.0,1,0,0
USR3134,63,2,25131,58,23109,200000,0.9195416020054912,0.115545,13,234,0.02,3,0,0.08,0,0,0
USR2264,42,2,15461,96,15466,300000,1.0003233943470669,0.05155333333333333,5,10,0.24,1,0,0.87,2,0,0
USR7168,19,1,47715,106,23292,200000,0.48814838101226027,0.11646,18,433,0.03,0,1,0.09,2,0,0
USR7646,31,1,44367,150,7424,500000,0.1673315752699078,0.014848,15,625,0.69,0,0,0.06,0,0,0
USR3126,50,5,41189,361,13861,500000,0.33652188691155405,0.027722,14,284,0.52,0,0,0.51,0,0,0
USR8016,42,3,28420,269,16918,300000,0.5952850105559465,0.05639333333333333,5,444,0.47,3,0,0.52,0,0,0
USR5148,33,2,49929,327,38246,100000,0.7660077309779888,0.38246,2,191,0.2,2,0,0.22,1,1,0
USR8639,22,2,25820,24,19534,100000,0.7565453137103021,0.19534,9,525,0.75,2,0,0.88,0,0,0
USR4899,38,1,43593,340,66939,500000,1.5355446975431835,0.133878,13,291,0.5,0,0,0.05,1,0,0
USR4311,35,2,22754,103,35773,500000,1.5721631361518853,0.071546,9,15,0.38,1,0,0.3,0,0,0
USR8400,32,3,36143,281,26252,100000,0.7263370500511855,0.26252,2,561,0.47,1,0,0.76,1,0,0
USR7122,64,5,16802,86,24159,500000,1.437864539935722,0.048318,4,69,0.08,3,0,0.72,0,0,0
USR6075,22,4,23507,23,19751,200000,0.8402178074616072,0.098755,3,506,0.8,2,0,0.5,2,1,0
USR5304,35,2,48639,11,44645,500000,0.9178848249347231,0.08929,4,290,0.26,0,0,0.09,0,0,0
USR6696,39,2,18603,233,13582,200000,0.7300972961350319,0.06791,0,268,0.02,0,0,0.79,0,1,0
USR2106,57,2,31477,132,8625,300000,0.27400959430695426,0.02875,5,257,0.46,3,0,0.22,1,0,0
USR6866,18,1,49583,133,60948,300000,1.2292116249521006,0.20316,12,424,0.1,0,0,0.66,0,1,0
USR5116,23,2,5260,86,3756,200000,0.7140684410646387,0.01878,0,338,0.89,1,1,0.97,1,1,0
USR3558,52,3,6254,168,10208,300000,1.6322353693636074,0.03402666666666666,12,383,0.98,2,0,0.01,0,1,0
USR9194,44,7,35239,83,52233,100000,1.4822497800732144,0.52233,5,494,0.96,0,1,0.83,0,0,0
USR5038,22,0,44962,16,70861,300000,1.5760197500111206,0.23620333333333332,2,316,0.9,1,0,0.5,2,0,0
USR6146,67,3,43921,223,1000,200000,0.022768151909109538,0.005,0,345,0.35,3,0,0.42,0,0,0
USR8158,29,2,7492,25,4801,500000,0.640816871329418,0.009602,18,288,0.32,0,1,0.85,0,0,0
USR5395,21,2,25699,266,21694,500000,0.8441573602085685,0.043388,17,566,0.86,3,0,0.57,0,0,0
USR7124,33,2,46666,301,74078,200000,1.5874083915484507,0.37039,0,438,0.45,0,1,0.16,0,0,0
USR1120,34,0,24191,352,36828,100000,1.5223843578190237,0.36828,7,214,0.44,0,0,0.6,2,1,0
USR8878,46,0,24530,65,36628,500000,1.493192009783938,0.073256,19,409,0.75,0,0,0.15,2,0,0
USR2338,27,3,15714,56,17502,300000,1.1137838869797632,0.05834,1,375,0.29,1,0,0.1,1,0,0
USR9671,48,2,41264,300,55108,200000,1.3354982551376502,0.27554,2,254,0.1,1,0,0.97,0,0,0
USR8266,57,4,7471,237,4066,200000,0.5442377191808325,0.02033,5,112,0.58,0,0,0.34,0,0,0
USR5805,53,0,23581,11,34861,500000,1.4783512149611975,0.069722,6,334,0.36,0,1,0.78,2,1,0
USR2325,67,2,19678,224,8022,100000,0.4076633804248399,0.08022,1,687,0.19,0,0,0.32,0,0,0
USR2428,61,0,20011,139,36871,300000,1.842536604867323,0.12290333333333334,3,498,0.57,2,0,0.85,0,0,0
USR3784,60,2,40809,67,23421,100000,0.5739175181945159,0.23421,8,272,0.7,3,0,0.72,0,0,0
USR6844,57,7,30130,190,12197,500000,0.40481247925655495,0.024394,5,57,0.88,0,0,0.71,2,0,0
USR9421,24,3,52674,359,16350,100000,0.310399817746896,0.1635,14,609,0.01,2,0,0.63,2,0,0
USR4901,35,0,26350,303,6614,500000,0.25100569259962047,0.013228,8,585,0.16,3,1,0.76,2,1,0
USR8133,31,3,33756,353,1000,300000,0.02962436307619386,0.0033333333333333335,1,668,0.79,0,0,0.41,0,1,0
USR8396,64,5,37571,283,55131,500000,1.4673817572063559,0.110262,5,576,0.08,0,0,0.12,0,0,0
USR1882,46,2,32161,307,22508,100000,0.699853860265539,0.22508,2,579,0.56,1,0,0.87,0,0,0
USR2697,26,2,34230,126,13654,200000,0.39888986269354365,0.06827,12,91,0.82,0,0,0.27,2,1,0
USR8560,25,3,34473,87,41836,200000,1.2135874452470048,0.20918,13,460,0.22,1,0,0.34,0,0,0
USR8027,30,3,8456,152,11369,200000,1.3444891201513718,0.056845,2,199,0.25,0,1,0.08,2,1,0
USR1211,58,3,16727,87,21320,100000,1.2745859986847612,0.2132,15,284,0.19,0,0,0.4,2,1,0
USR1524,64,2,56902,129,50044,100000,0.879476995536185,0.50044,9,411,0.4,1,0,0.84,0,0,0
USR1312,54,1,48449,344,29508,200000,0.6090528184276249,0.14754,12,212,0.06,2,0,0.4,0,0,0
USR6261,21,1,59764,202,42051,300000,0.7036175624121545,0.14017,12,453,0.21,2,0,0.91,0,1,0
USR2683,53,1,41655,357,7963,500000,0.19116552634737727,0.015926,6,415,0.28,0,0,0.52,1,0,0
USR6723,55,1,25620,275,13100,300000,0.5113192818110851,0.043666666666666666,8,642,0.74,0,0,0.52,1,0,0
USR7935,25,1,27131,230,18916,300000,0.6972098337694888,0.06305333333333334,9,277,0.25,3,0,0.78,1,1,0
USR1084,42,1,16598,92,13855,500000,0.8347391251958067,0.02771,3,581,0.6,0,0,0.19,2,1,0
USR8055,48,1,42608,20,60398,200000,1.4175272249342847,0.30199,20,18,0.71,0,0,0.77,0,0,0
USR2442,20,1,30531,77,44936,300000,1.47181553175461,0.14978666666666668,11,438,0.57,1,0,0.09,1,0,0
USR3655,69,3,24032,316,21398,300000,0.8903961384820239,0.07132666666666666,16,315,0.86,3,0,0.82,0,1,0
USR5099,24,1,19407,44,39315,500000,2.025815427423095,0.07863,12,676,0.14,3,0,0.36,0,1,0
USR2368,20,2,59043,146,14156,100000,0.23975746489846383,0.14156,11,338,0.4,1,0,0.87,2,0,0
USR7277,31,0,51478,217,29635,300000,0.575682815960216,0.09878333333333333,6,468,0.88,0,1,0.14,0,0,0
USR7077,59,2,57424,180,82403,100000,1.4349923376985232,0.82403,9,104,0.64,0,1,0.93,2,0,0
USR7515,39,1,53670,220,94812,200000,1.7665735047512576,0.47406,10,123,0.95,0,0,0.38,1,1,0
USR9379,24,1,42429,202,58356,500000,1.3753800466661954,0.116712,7,537,0.0,0,0,0.79,2,0,0
USR4836,41,1,30784,158,27374,300000,0.8892281704781705,0.09124666666666667,8,339,0.03,2,0,0.43,0,0,0
USR1132,38,3,45951,218,49068,200000,1.067833126591369,0.24534,14,572,0.24,3,1,0.1,2,0,0
USR9760,24,1,55252,119,26717,300000,0.4835481068558604,0.08905666666666667,16,555,0.12,1,0,0.22,2,0,0
USR4887,43,3,25971,306,24387,100000,0.9390088945362135,0.24387,17,509,0.54,1,0,0.55,0,0,0
USR8115,28,1,28149,198,16297,300000,0.5789548474190913,0.054323333333333335,3,650,0.32,0,1,0.63,0,0,0
USR1981,34,3,17068,284,14931,300000,0.8747949378954769,0.04977,10,435,0.26,2,1,0.73,0,0,0
USR5502,27,3,24606,310,39121,200000,1.5898967731447615,0.195605,6,23,0.87,0,0,0.57,2,0,0
USR1275,28,1,10813,69,1493,200000,0.1380745399056691,0.007465,1,336,0.04,0,1,0.32,1,0,0
USR3415,30,2,53083,238,1000,300000,0.01883842284723923,0.0033333333333333335,16,193,0.34,2,1,0.18,0,0,0
USR7629,41,4,7387,344,2367,200000,0.3204277785298497,0.011835,6,699,0.95,0,0,0.67,2,1,0
USR7189,66,0,46398,274,72263,200000,1.5574593732488469,0.361315,1,556,0.78,1,0,0.83,2,0,0
USR2460,45,2,54215,217,42935,500000,0.7919395001383381,0.08587,20,625,0.33,0,0,0.52,0,0,0
USR7708,34,4,9728,277,1000,500000,0.10279605263157894,0.002,3,280,0.11,0,1,0.76,2,0,0
USR6356,42,3,22297,188,31915,500000,1.4313584787191103,0.06383,17,412,0.08,0,0,0.64,0,0,0
USR3080,41,2,7802,182,13694,300000,1.7551909766726481,0.04564666666666667,8,243,0.19,0,0,0.08,2,0,0
USR8639,42,1,8119,351,8102,300000,0.997906146077103,0.027006666666666665,10,103,0.37,1,0,0.64,0,0,0
USR7326,21,1,36660,283,42705,200000,1.1648936170212767,0.213525,4,287,0.05,0,0,0.8,2,1,0
USR8265,55,2,39833,333,39682,300000,0.9962091732985213,0.13227333333333333,4,327,0.37,1,0,0.8,0,0,0
USR9248,61,2,11878,229,7283,500000,0.613150362013807,0.014566,5,439,0.95,1,1,0.95,0,0,0
USR4586,51,0,29307,105,22911,300000,0.7817586242194697,0.07637,2,83,0.61,1,1,0.5,2,0,0
USR7345,64,3,33698,95,31737,100000,0.9418066354086296,0.31737,1,330,0.18,0,0,0.75,1,0,0
USR6711,39,0,22623,244,44495,100000,1.9668036953542856,0.44495,9,198,0.6,3,0,0.95,1,0,0
USR2140,68,2,37379,75,50677,500000,1.3557612563203938,0.101354,0,471,0.59,2,0,0.54,0,1,0
USR2257,40,1,20735,333,23596,100000,1.1379792621171931,0.23596,3,473,0.59,0,0,0.66,0,0,0
USR7828,57,2,56955,292,96756,500000,1.6988148538319725,0.193512,7,113,0.92,1,0,0.49,0,0,0
USR5029,42,1,20919,302,3946,200000,0.188632343802285,0.01973,10,520,0.69,1,0,0.79,0,1,0
USR1324,51,5,23594,57,15967,300000,0.6767398491141816,0.05322333333333333,8,672,0.14,1,1,0.16,0,1,0
USR1308,55,4,46123,131,129983,200000,2.8181818181818183,0.649915,0,279,0.28,3,1,0.54,2,0,0
USR5131,56,1,5698,247,9765,300000,1.7137592137592137,0.03255,17,526,0.42,1,0,0.4,1,1,0
USR9688,20,5,24673,23,1000,100000,0.04053013415474405,0.01,9,614,0.52,1,0,0.44,0,0,0
USR2205,34,4,25827,317,24494,200000,0.9483873465752894,0.12247,0,410,0.97,0,0,0.64,0,0,0
USR9833,51,1,28557,364,27674,200000,0.9690793850894702,0.13837,4,444,0.34,0,1,0.2,0,0,0
USR2740,43,1,57278,324,5215,200000,0.09104717343482663,0.026075,9,693,0.01,2,1,0.02,1,1,0
USR3792,33,1,40712,60,39588,300000,0.9723914325014738,0.13196,2,474,0.38,2,0,0.51,0,1,0
USR5262,35,2,27242,194,40414,100000,1.4835180970560164,0.40414,6,287,0.92,1,0,0.92,0,0,0
USR4534,31,0,10728,229,14589,100000,1.3598993288590604,0.14589,5,217,0.97,1,0,0.94,2,0,0
USR1791,63,3,38066,35,32023,100000,0.8412494089213471,0.32023,15,211,0.17,1,0,0.45,2,1,0
USR6112,35,3,47942,273,68248,300000,1.4235534604313544,0.22749333333333333,17,101,0.92,1,1,0.46,2,0,0
USR4426,57,3,36391,309,73893,100000,2.0305295265312853,0.73893,11,474,0.85,1,1,0.96,0,0,1
USR8328,53,2,31752,187,30760,500000,0.9687578735197783,0.06152,0,99,0.19,1,1,0.84,0,0,0
USR6353,39,2,43284,353,44253,500000,1.022387025228722,0.088506,5,513,0.5,1,0,0.76,0,1,0
USR8471,61,0,14302,280,22363,300000,1.563627464690253,0.07454333333333334,7,657,0.82,1,0,0.48,1,0,0
USR7593,19,1,21585,211,14772,200000,0.6843641417651146,0.07386,16,215,0.38,2,0,0.1,0,0,0
USR7973,55,3,57692,223,26660,200000,0.4621091312487,0.1333,15,14,0.7,0,1,0.82,2,0,0
USR3411,65,3,49930,219,52894,500000,1.0593631083516923,0.105788,2,463,0.68,0,0,0.06,0,1,0
USR8235,63,0,6229,211,14074,200000,2.259431690480013,0.07037,0,223,0.88,3,0,0.52,2,0,0
USR8393,60,2,12317,77,34381,300000,2.791345295120565,0.11460333333333333,15,338,0.87,2,0,0.3,2,0,0
USR2668,58,6,25816,108,45542,500000,1.7640997830802603,0.091084,11,239,0.82,0,0,0.92,1,0,0
USR3527,68,2,46617,213,113343,500000,2.43136623978377,0.226686,21,312,0.63,1,0,0.81,1,0,0
USR8004,66,4,51693,272,47738,300000,0.9234906080126903,0.15912666666666667,2,589,0.5,3,0,0.21,2,0,0
USR1300,36,1,58751,260,29243,300000,0.49774471923882146,0.09747666666666667,17,466,0.64,0,1,0.57,2,0,0
USR2288,19,3,32087,234,1000,300000,0.03116526942375417,0.0033333333333333335,0,524,0.64,0,1,0.0,1,0,0
USR6292,57,3,23451,118,29405,500000,1.2538910920643043,0.05881,23,381,0.54,2,1,0.79,2,0,0
USR5656,60,2,54967,54,101847,100000,1.8528753615805846,1.01847,7,515,0.45,0,0,0.68,0,0,0
USR4336,42,1,32869,117,23632,500000,0.7189753262952935,0.047264,12,404,0.37,2,0,0.16,0,0,0
USR5237,31,2,34984,206,21508,100000,0.6147953350102904,0.21508,1,551,0.11,0,0,0.37,0,0,0
USR4183,40,4,25694,86,1000,500000,0.038919592122674554,0.002,0,467,0.58,0,1,0.94,0,0,0
USR3372,37,1,53674,76,34671,300000,0.645955211089168,0.11557,5,462,0.64,3,0,0.52,2,0,0
USR5143,60,0,26804,353,20580,200000,0.7677958513654678,0.1029,18,218,0.62,3,0,0.09,2,0,0
USR6827,54,4,52647,153,38387,200000,0.7291393621668851,0.191935,0,608,0.25,3,0,0.8,2,0,0
USR8220,63,2,39665,242,53011,500000,1.3364679188201185,0.106022,10,596,0.29,0,0,0.28,1,1,0
USR5067,66,1,36155,99,70111,200000,1.9391785368552068,0.350555,1,252,0.27,2,0,0.02,2,0,0
USR1416,43,1,35158,72,17499,300000,0.49772455771090507,0.05833,8,650,0.46,0,0,0.92,0,0,0
USR6810,40,1,16869,258,21647,200000,1.2832414488114292,0.108235,9,247,0.76,0,0,0.37,2,0,0
USR2005,56,0,51954,216,58085,300000,1.1180082380567424,0.19361666666666666,4,609,0.59,0,0,0.64,0,0,0
USR4195,70,1,51996,33,47908,100000,0.9213785675821217,0.47908,3,539,0.54,3,0,0.95,1,0,0
USR4150,35,3,39139,39,35653,300000,0.9109328291473977,0.11884333333333333,3,493,0.02,0,0,0.45,0,0,0
USR2237,59,3,14041,312,6977,500000,0.49690193006196137,0.013954,15,382,0.82,0,0,0.7,2,0,0
USR1435,65,3,44448,81,77673,300000,1.7475026997840173,0.25891,1,219,0.53,2,0,0.4,0,0,0
USR7556,54,0,11187,42,17968,300000,1.6061499955305265,0.05989333333333333,8,173,0.52,2,0,0.23,0,0,0
USR2939,48,0,12114,189,22038,500000,1.8192174343734522,0.044076,0,143,0.23,0,0,0.52,0,0,0
USR5285,33,2,32435,217,10543,300000,0.3250501002004008,0.03514333333333333,0,77,0.28,0,1,0.05,0,0,0
USR6736,52,1,55382,281,1000,300000,0.018056408219277023,0.0033333333333333335,5,635,0.63,0,0,0.84,1,0,0
USR5645,50,0,16881,126,22006,100000,1.30359575854511,0.22006,8,261,0.2,0,0,0.86,1,0,0
USR2700,46,2,28484,31,31228,300000,1.0963347844403877,0.10409333333333333,5,573,0.49,1,1,0.55,0,0,0
USR6130,66,3,58341,118,61785,500000,1.0590322414768345,0.12357,10,394,0.12,1,0,0.3,2,0,0
USR7143,66,1,57606,24,1000,300000,0.017359302850397527,0.0033333333333333335,16,215,0.07,0,0,0.36,0,0,0
USR7159,64,2,36085,300,51142,500000,1.4172647914645975,0.102284,12,153,0.8,3,0,0.95,0,0,0
USR8781,29,4,53158,35,39180,200000,0.7370480454494149,0.1959,15,689,0.92,0,0,0.32,0,0,0
USR3026,34,4,49566,326,26986,100000,0.5444457894524473,0.26986,6,489,0.14,1,0,0.31,2,1,0
USR9336,21,0,29754,259,16084,200000,0.5405659743227801,0.08042,0,328,0.69,2,0,0.86,2,1,0
USR8292,62,2,46466,44,49754,300000,1.070761416950028,0.16584666666666667,3,545,0.56,1,0,0.42,0,0,0
USR2607,67,2,16706,228,5832,200000,0.34909613312582305,0.02916,12,620,0.84,0,0,0.72,0,0,0
USR7576,56,3,51572,136,40796,200000,0.7910494066547739,0.20398,19,368,0.16,0,1,0.31,1,0,0
USR4627,70,1,57532,17,39191,300000,0.6812035041368282,0.13063666666666668,13,440,0.44,1,1,0.77,0,1,0
USR8717,69,2,7931,140,13301,100000,1.6770899003908712,0.13301,13,652,0.12,0,0,0.81,0,0,0
USR9079,45,1,19989,233,13694,100000,0.6850767922357297,0.13694,4,475,0.52,1,0,0.51,0,1,0
USR8597,31,2,50676,342,38321,100000,0.7561962270108138,0.38321,4,515,0.04,2,0,0.77,1,1,0
USR6737,31,1,48686,288,63574,100000,1.3057963274863411,0.63574,10,475,0.67,2,1,0.76,0,1,0
USR2163,31,2,6066,125,5878,500000,0.9690075832509067,0.011756,5,546,0.59,0,0,0.31,2,0,0
USR7871,43,4,48038,327,66005,200000,1.3740164036804197,0.330025,0,115,0.19,1,0,0.58,1,1,0
USR8285,70,2,5334,294,5471,100000,1.025684289463817,0.05471,5,156,0.16,2,0,0.95,2,0,0
USR8727,55,3,31710,115,41578,300000,1.311195206559445,0.13859333333333335,10,448,0.37,3,0,0.57,0,0,0
USR4990,20,1,17875,38,8853,100000,0.49527272727272725,0.08853,4,535,0.26,2,0,0.37,0,0,0
USR8097,35,4,32007,206,7743,100000,0.241915830911988,0.07743,2,692,0.6,0,0,0.45,0,0,0
USR4594,26,0,7547,186,11928,100000,1.580495561150126,0.11928,3,639,0.16,0,0,0.88,2,0,0
USR5718,61,1,30944,197,28152,100000,0.9097724922440538,0.28152,20,134,0.56,0,0,0.84,2,0,0
USR4753,51,3,45123,66,69843,500000,1.547835915165215,0.139686,20,328,0.99,2,0,0.69,0,0,0
USR6734,27,1,13948,92,8838,500000,0.6336392314310295,0.017676,2,655,0.98,1,0,0.09,2,0,0
USR5665,54,1,8533,156,6803,500000,0.7972577053791163,0.013606,0,187,0.26,0,0,0.18,2,0,0
USR3166,42,2,50813,58,78040,200000,1.5358274457323913,0.3902,4,561,0.52,3,0,0.35,0,0,0
USR6060,70,1,31065,286,21627,200000,0.6961854176726219,0.108135,10,354,0.07,1,0,0.38,2,0,0
USR8016,48,1,51401,328,72188,200000,1.4044084745432968,0.36094,8,458,0.41,3,1,0.28,1,0,0
USR1221,61,3,33859,336,39262,300000,1.1595735255028206,0.13087333333333334,12,369,0.66,2,0,0.47,0,0,0
USR1569,47,1,58134,363,66207,300000,1.1388688203116937,0.22069,8,665,0.48,3,0,0.31,0,0,0
USR6441,54,3,51165,119,70108,500000,1.370233558096355,0.140216,15,557,0.44,1,1,0.95,2,0,0
USR6934,34,3,23851,156,25207,300000,1.0568529621399523,0.08402333333333334,4,375,0.21,1,0,0.99,1,1,0
USR7295,40,2,58262,12,1000,200000,0.017163846074628404,0.005,0,299,0.21,0,0,0.91,1,0,0
USR4114,62,2,29800,252,6304,300000,0.21154362416107383,0.021013333333333332,0,119,0.61,3,0,0.34,1,0,0
USR8541,34,1,5092,283,4842,300000,0.950903377847604,0.01614,15,137,0.06,2,0,0.11,0,1,0
USR9348,19,3,49031,85,39020,200000,0.795823050723012,0.1951,21,630,0.06,2,0,0.92,0,0,0
USR9982,24,3,51176,72,104036,300000,2.032906049710802,0.3467866666666667,1,255,0.59,2,0,0.78,0,0,0
USR8424,38,0,19367,215,16173,500000,0.8350802912170187,0.032346,8,674,0.18,0,0,0.77,2,0,0
USR9844,52,1,49592,306,78213,500000,1.577129375705759,0.156426,3,468,0.62,0,0,0.41,0,0,0
USR6314,33,2,23440,263,39525,500000,1.6862201365187712,0.07905,0,167,0.03,0,0,0.26,0,1,0
USR9846,68,2,13965,132,13237,300000,0.9478696741854636,0.044123333333333334,10,173,0.36,3,0,1.0,0,0,0
USR3104,33,2,41042,84,1000,500000,0.02436528434286828,0.002,10,170,0.27,3,0,0.16,0,1,0
USR6742,53,2,55388,51,32940,100000,0.5947136563876652,0.3294,1,472,0.85,2,0,0.38,0,0,0
USR5349,70,2,47533,203,84272,200000,1.7729156585950814,0.42136,12,344,0.09,1,0,0.73,2,0,0
USR4626,25,1,54360,337,31528,200000,0.5799852832965415,0.15764,18,248,0.78,3,0,0.65,2,0,0
USR9117,40,2,26735,187,15827,300000,0.5919955115017767,0.05275666666666667,10,482,0.85,0,1,0.13,0,0,0
USR3102,29,0,50648,242,77939,100000,1.5388366766703523,0.77939,7,287,0.12,0,0,0.45,1,0,0
USR3084,67,2,36309,145,1000,100000,0.02754138092483957,0.01,3,366,0.45,0,0,0.77,2,0,0
USR9664,33,3,7939,309,17800,200000,2.2420959818616955,0.089,16,107,0.35,1,1,0.37,2,0,0
USR2326,35,2,33474,206,59985,300000,1.7919878114357413,0.19995,11,380,0.25,0,0,0.46,2,0,0
USR2514,65,2,42959,339,37896,200000,0.8821434390930888,0.18948,12,427,0.82,1,1,0.2,2,0,0
USR6215,18,0,7884,33,14110,200000,1.7897006595636733,0.07055,19,670,0.16,0,0,0.63,0,0,0
USR7944,52,1,5382,29,6192,200000,1.1505016722408026,0.03096,8,504,0.07,3,0,0.43,1,0,0
USR1667,65,0,5650,74,12149,200000,2.150265486725664,0.060745,17,234,0.78,2,0,0.62,0,0,0
USR4181,62,3,22034,204,42821,500000,1.9434056458200961,0.085642,0,397,0.04,0,0,0.13,0,0,0
USR1129,37,0,11603,358,7038,500000,0.6065672670860984,0.014076,1,654,0.59,0,0,0.76,0,0,0
USR4517,38,2,49515,353,75267,300000,1.5200848227809756,0.25089,9,563,0.8,0,0,0.24,0,0,0
USR7622,55,2,55202,188,59322,300000,1.0746349769935872,0.19774,4,380,0.19,2,1,0.73,2,0,0
USR3074,69,4,32375,211,52985,500000,1.6366023166023167,0.10597,8,610,0.86,0,0,0.52,2,0,0
USR7611,21,2,25232,283,40128,200000,1.5903614457831325,0.20064,1,528,0.81,0,0,0.35,1,0,0
USR1584,63,1,19057,94,13779,300000,0.7230414021094611,0.04593,9,250,0.98,0,0,0.74,0,0,0
USR1612,36,2,13418,85,25040,300000,1.8661499478312715,0.08346666666666666,12,363,0.7,0,1,0.62,0,1,0
USR1458,58,0,50908,327,65309,200000,1.282882847489589,0.326545,3,390,0.57,0,1,0.61,0,0,0
USR8935,18,2,56588,34,75275,200000,1.3302290238213048,0.376375,1,112,0.31,2,0,0.31,0,0,0
USR1400,45,4,39073,332,29029,200000,0.7429426970030456,0.145145,4,604,0.17,3,0,0.19,2,0,0
USR3423,42,3,26259,165,27788,200000,1.0582276552800944,0.13894,0,121,0.52,0,0,0.73,0,1,0
USR7067,59,2,57451,168,15266,100000,0.26572209361020693,0.15266,4,307,0.2,1,0,0.93,0,0,0
USR5417,64,2,24873,286,31935,500000,1.2839223254130985,0.06387,14,8,0.65,0,0,0.08,0,0,0
USR3513,54,1,8809,57,7537,300000,0.855602224997162,0.025123333333333334,12,28,0.03,0,0,0.73,0,1,0
USR4420,49,4,48622,226,52004,100000,1.069556990662663,0.52004,11,335,0.81,2,0,0.49,0,0,0
USR6372,39,2,49187,304,30750,300000,0.6251651859231098,0.1025,7,155,0.4,0,1,0.41,0,0,0
USR3712,21,2,57348,112,106226,200000,1.8523052242449607,0.53113,10,77,0.37,0,0,0.78,2,0,0
USR1740,23,1,57164,202,16106,100000,0.281750752221678,0.16106,27,272,0.67,1,0,0.8,0,1,1
USR4219,18,3,39493,20,1737,500000,0.04398247790747727,0.003474,10,250,0.87,0,0,0.28,0,0,0
USR3968,54,4,51753,248,26035,300000,0.5030626243889244,0.08678333333333334,8,689,0.09,3,0,0.66,0,0,0
USR7815,66,2,9777,150,14372,200000,1.4699805666359824,0.07186,7,686,0.95,0,1,0.7,0,0,0
USR6402,39,2,23567,243,52681,100000,2.235371494038274,0.52681,0,438,0.64,0,1,0.79,0,1,1
USR9518,66,2,33675,286,45601,300000,1.3541499628804752,0.15200333333333332,17,447,0.38,0,0,0.92,1,0,0
USR2381,24,2,21858,90,9146,300000,0.41842803550187574,0.030486666666666665,12,520,0.59,0,1,0.53,0,1,0
USR8029,50,3,31603,305,33172,500000,1.0496471853937916,0.066344,2,328,0.35,0,0,0.2,2,1,0
USR7400,26,3,25688,161,31269,500000,1.2172609778885082,0.062538,7,9,0.72,3,0,0.58,0,0,0
USR9439,57,1,7074,30,6381,300000,0.9020356234096693,0.02127,1,155,0.79,3,0,0.45,2,0,0
USR1259,43,1,26480,233,35084,100000,1.3249244712990937,0.35084,7,390,0.98,0,0,0.95,0,0,0
USR8596,50,3,24186,262,7698,200000,0.31828330439096997,0.03849,4,682,0.9,0,0,0.81,0,0,0
USR6942,66,0,58034,89,22195,100000,0.3824482200089603,0.22195,8,291,0.59,0,0,0.77,2,0,0
USR2044,43,1,58454,33,87449,500000,1.4960310671639239,0.174898,0,98,0.3,1,0,0.81,0,1,0
USR8136,45,2,10136,290,17607,300000,1.737075769534333,0.05869,0,418,0.13,0,0,0.45,2,0,0
USR2540,47,1,23768,120,31136,100000,1.3099966341299225,0.31136,4,109,0.45,1,0,0.16,0,1,0
USR3712,65,2,42930,322,29185,100000,0.6798276263685069,0.29185,12,557,0.47,0,0,0.65,0,1,0
USR7911,42,2,38313,56,12128,500000,0.3165505181009057,0.024256,4,537,0.1,0,1,0.3,1,0,0
USR8974,70,2,15354,283,18706,500000,1.2183144457470365,0.037412,19,513,0.91,0,1,0.59,0,0,0
USR5826,42,2,47217,88,57021,100000,1.2076370798653027,0.57021,7,612,0.25,0,0,0.69,2,0,0
USR6422,35,2,7484,294,2956,200000,0.3949759486905398,0.01478,17,366,0.88,0,0,0.84,1,0,0
USR3147,40,2,48077,164,109280,500000,2.273020363167419,0.21856,22,580,0.79,2,0,0.38,1,0,0
USR9673,52,2,31110,332,39754,100000,1.2778527804564448,0.39754,3,397,0.26,0,0,0.97,2,0,0
USR9716,69,1,53343,156,68818,300000,1.2901036687100462,0.22939333333333334,2,258,0.08,3,0,0.64,1,1,0
USR1905,68,2,52964,364,62396,300000,1.1780832263424212,0.20798666666666665,4,248,0.67,0,0,0.86,0,1,0
USR1974,21,1,9620,62,11612,300000,1.207068607068607,0.03870666666666667,8,505,0.58,1,0,0.37,1,0,0
USR3361,45,2,10531,183,11320,100000,1.0749216598613618,0.1132,9,227,0.33,2,1,0.75,1,0,0
USR8619,49,2,57573,182,62428,100000,1.084327723064631,0.62428,8,453,0.21,2,0,0.04,2,0,0
USR6349,54,2,28830,147,54642,500000,1.8953173777315298,0.109284,0,143,0.67,0,0,0.26,0,1,0
USR2736,29,3,42126,96,70423,200000,1.671722926458719,0.352115,2,291,0.1,0,1,0.68,0,1,0
USR1744,38,2,28162,214,26812,200000,0.952063063702862,0.13406,9,406,0.69,2,0,0.27,1,0,0
USR1852,25,1,37151,172,23962,100000,0.6449893677155393,0.23962,5,166,0.19,0,0,0.42,0,0,0
USR2196,44,4,7001,69,8252,500000,1.1786887587487502,0.016504,9,624,0.0,1,0,0.41,0,0,0
USR2918,36,2,18322,365,10878,200000,0.5937124768038424,0.05439,6,50,0.44,2,0,0.62,0,0,0
USR8899,61,3,24676,345,22280,200000,0.9029016047981845,0.1114,1,600,0.37,0,0,0.47,1,1,0
USR6668,36,3,25646,95,52513,100000,2.0476097637058412,0.52513,4,250,0.9,0,0,0.79,0,0,1
USR8213,43,2,49638,360,59363,100000,1.1959184495749224,0.59363,0,424,0.07,0,0,0.1,0,0,0
USR9832,38,1,7661,302,6642,300000,0.8669886437801854,0.02214,5,341,0.16,0,1,0.12,2,0,0
USR2352,42,1,56395,54,64885,100000,1.1505452611047078,0.64885,8,578,0.63,0,0,0.64,1,1,0
USR7349,44,1,41922,80,64384,100000,1.5358045894756929,0.64384,6,657,0.25,0,0,0.62,0,0,0
USR1992,52,4,9667,297,9520,500000,0.9847936278059377,0.01904,4,69,0.93,0,1,0.38,0,0,0
USR5805,70,0,39293,276,41913,200000,1.0666785432519788,0.209565,1,510,0.81,0,0,0.04,0,0,0
USR5787,46,3,10247,29,1000,200000,0.09758953840148336,0.005,15,680,0.84,1,0,0.72,0,0,0
USR4293,22,0,5010,5,3762,300000,0.7508982035928143,0.01254,0,583,0.62,1,1,0.88,2,0,0
USR4541,20,2,55634,70,66570,200000,1.1965704425351404,0.33285,6,170,0.57,0,0,0.95,0,0,0
USR9421,19,2,36109,192,66599,200000,1.844387825749813,0.332995,3,649,0.56,2,1,0.94,1,1,1
USR1603,24,0,38620,91,3626,300000,0.09388917659243914,0.012086666666666667,11,221,0.43,0,0,0.48,2,0,0
USR9737,49,3,54007,212,39009,300000,0.7222952580221083,0.13003,11,400,0.2,2,0,0.31,0,0,0
USR1169,44,4,9876,150,10765,200000,1.090016200891049,0.053825,11,550,0.93,3,0,0.63,1,1,0
USR5961,44,3,42113,88,53373,100000,1.2673758696839457,0.53373,10,113,0.66,1,0,0.42,2,0,0
USR6072,55,4,32382,304,5196,100000,0.16045951454511767,0.05196,7,602,0.24,1,0,0.9,2,0,0
USR7076,42,1,17097,247,14510,100000,0.8486869041352284,0.1451,6,344,0.47,2,1,0.29,0,1,0
USR6689,22,3,45873,199,25075,200000,0.5466178361999433,0.125375,11,413,0.44,3,0,0.74,2,0,0
USR5371,61,1,44365,196,45294,200000,1.0209399301250985,0.22647,2,486,0.52,1,1,0.97,0,0,0
USR2583,22,2,21518,79,31823,100000,1.4789013848870713,0.31823,14,7,0.61,0,0,0.04,2,1,0
USR8611,20,4,26682,40,24139,500000,0.9046923019263923,0.048278,3,559,0.2,2,1,0.87,0,0,0
USR9847,53,1,35120,105,8079,200000,0.2300398633257403,0.040395,1,61,0.41,0,0,0.71,0,0,0
USR6595,58,2,38588,76,61010,300000,1.5810614698870116,0.20336666666666667,12,348,0.41,0,1,0.21,0,0,0
USR7263,41,4,16837,133,21140,200000,1.2555680940785177,0.1057,21,189,0.63,1,0,0.6,1,0,0
USR5212,55,1,32870,71,52591,300000,1.5999695771219957,0.17530333333333334,1,86,0.47,2,0,0.22,2,1,0
USR2553,24,3,44364,156,26627,500000,0.6001938508700748,0.053254,19,281,0.89,0,0,0.98,1,0,0
USR4244,57,7,31634,320,57166,100000,1.807106278055257,0.57166,3,606,0.07,3,0,0.58,2,0,0
USR7487,39,1,23895,194,36821,200000,1.5409499895375602,0.184105,3,210,0.85,1,0,0.6,1,0,0
USR5025,33,1,51599,116,91543,100000,1.774123529525766,0.91543,4,314,0.92,2,0,0.04,1,0,0
USR4619,21,1,37071,121,78867,100000,2.127458120903132,0.78867,3,666,0.35,0,1,0.82,0,0,0
USR3467,44,1,45645,50,31445,100000,0.6889034943586373,0.31445,7,326,0.36,0,0,0.27,0,0,0
USR9159,28,1,17798,252,20011,500000,1.1243398134621867,0.040022,17,689,0.27,0,0,0.65,0,1,0
USR8840,21,1,9483,52,25334,300000,2.671517452283033,0.08444666666666667,13,255,0.33,0,0,0.24,1,1,0
USR3348,62,1,21798,338,37305,100000,1.7113955408753097,0.37305,2,215,0.01,1,1,0.81,1,1,0
USR2486,61,0,54893,28,29380,200000,0.5352230703368371,0.1469,1,168,0.57,1,1,0.98,2,0,0
USR4292,50,3,52859,332,56590,300000,1.0705840065078795,0.18863333333333332,8,363,0.66,0,0,0.23,0,0,0
USR1324,62,1,52736,311,42448,300000,0.8049150485436893,0.14149333333333333,3,35,0.34,0,1,0.77,2,0,0
USR7121,46,0,52736,309,44995,100000,0.8532122269417476,0.44995,16,590,0.63,1,0,0.08,0,0,0
USR5292,49,2,34644,65,5110,300000,0.14750028865027134,0.017033333333333334,10,16,0.42,2,1,0.36,0,0,0
USR8137,28,2,56769,14,65316,200000,1.1505575225915552,0.32658,8,75,1.0,0,0,0.25,2,1,0
USR5601,56,1,59374,117,80229,300000,1.3512480210193014,0.26743,6,523,0.55,1,1,0.46,0,0,0
USR9171,19,0,41219,207,63888,500000,1.5499648220480846,0.127776,8,162,0.74,3,0,0.46,0,0,0
USR6022,20,2,45729,148,48562,200000,1.0619519342211725,0.24281,14,218,0.02,0,1,0.23,0,0,0
USR3156,44,1,24361,141,22781,500000,0.935142235540413,0.045562,15,331,0.83,2,0,0.78,0,0,0
USR8565,27,2,43049,147,55403,500000,1.2869753072080652,0.110806,6,676,0.36,0,0,0.96,1,1,0
USR7337,36,0,37548,277,25513,100000,0.6794769361883456,0.25513,3,430,0.44,2,1,0.92,0,0,0
USR1804,36,3,21003,215,40149,300000,1.9115840594200828,0.13383,11,358,0.09,0,0,0.63,1,1,0
USR8269,19,3,23556,4,21866,300000,0.9282560706401766,0.07288666666666667,4,481,0.01,0,0,0.86,0,0,0
USR6440,24,2,16635,351,17665,500000,1.0619176435226931,0.03533,0,279,0.5,0,1,0.49,2,0,0
USR8350,31,2,33301,1,81643,200000,2.451668118074532,0.408215,0,233,0.71,0,1,0.17,2,0,0
USR2460,42,3,57688,297,53149,300000,0.9213181250866731,0.17716333333333334,3,88,0.73,1,1,0.92,0,0,0
USR6131,40,2,41479,85,63717,300000,1.5361267147231128,0.21239,6,535,0.79,1,0,0.91,1,1,0
USR5907,64,3,27559,364,28141,200000,1.0211183279509417,0.140705,13,135,0.67,2,0,0.07,1,0,0
USR8861,50,0,54266,34,60362,500000,1.1123355323775477,0.120724,12,514,0.46,1,0,0.94,2,1,0
USR6026,66,0,54985,48,74354,500000,1.3522597071928708,0.148708,2,443,0.44,1,0,0.29,2,0,0
USR6515,26,3,33477,77,13982,200000,0.4176598858918063,0.06991,3,184,0.78,2,0,0.12,1,0,0
USR3425,56,2,16260,14,34386,100000,2.114760147601476,0.34386,2,297,0.84,0,0,0.96,0,0,1
USR8981,20,2,10559,220,7478,500000,0.7082110048300029,0.014956,3,695,0.55,0,0,0.15,2,0,0
USR8016,39,1,24640,78,14125,100000,0.5732548701298701,0.14125,25,97,0.28,3,0,0.95,2,0,0
USR5421,53,0,15497,228,16326,200000,1.0534942246886494,0.08163,17,199,0.43,0,0,0.28,0,1,0
USR6443,23,2,31333,216,1000,300000,0.03191523314077809,0.0033333333333333335,9,173,0.39,2,0,0.91,1,0,0
USR9289,27,2,37812,194,42524,500000,1.1246165238548609,0.085048,7,63,0.01,0,0,0.53,0,0,0
USR4233,31,1,27607,152,33762,100000,1.2229507009091898,0.33762,6,439,0.98,2,1,0.71,0,0,0
USR1126,66,4,24226,74,15811,500000,0.6526459176091802,0.031622,6,128,0.81,2,0,0.27,2,0,0
USR8863,70,5,20965,192,18236,300000,0.86983067016456,0.06078666666666667,7,103,0.9,0,1,0.6,0,0,0
USR3325,48,0,10490,326,13684,200000,1.3044804575786464,0.06842,8,99,0.94,3,0,0.49,1,0,0
USR7435,56,0,13170,254,9748,300000,0.740167046317388,0.03249333333333333,24,403,0.35,2,0,0.63,0,1,0
USR5421,42,0,53486,139,45861,100000,0.8574393299181094,0.45861,3,269,0.17,1,1,0.36,2,0,0
USR3762,23,3,24998,321,40321,100000,1.612969037523002,0.40321,6,578,0.92,3,1,0.41,0,1,0
USR4508,51,1,55355,207,69682,300000,1.2588203414325716,0.23227333333333333,0,691,0.04,0,0,0.6,0,1,0
USR6026,43,3,9073,169,16769,500000,1.8482310150997465,0.033538,19,84,0.86,0,0,0.0,0,0,0
USR1654,43,1,15850,95,34703,500000,2.1894637223974764,0.069406,25,215,0.84,3,1,0.95,0,0,1
USR4579,31,3,22096,331,10131,200000,0.45849927588703837,0.050655,20,45,0.68,0,0,0.4,1,0,0
USR7375,60,0,42892,268,57171,100000,1.3329059031987316,0.57171,12,548,0.23,2,0,0.96,0,0,0
USR4616,45,0,9292,226,18871,500000,2.030886784330607,0.037742,4,571,0.88,1,1,0.99,2,0,1
USR6272,37,4,26451,263,27179,500000,1.0275225889380364,0.054358,5,657,0.78,0,1,0.97,0,0,0
USR4728,26,1,30384,33,45786,300000,1.506911532385466,0.15262,7,609,0.98,3,0,0.23,2,0,0
USR9707,62,1,52391,183,59310,200000,1.1320646675955794,0.29655,5,51,0.84,1,0,0.75,2,0,0
USR4870,59,2,27016,180,26780,300000,0.991264435889843,0.08926666666666666,3,191,0.34,0,0,0.67,1,1,0
USR7401,23,2,5303,217,4503,300000,0.8491419950971149,0.01501,12,117,0.67,1,0,0.29,0,1,0
USR1577,64,2,33225,270,52234,100000,1.5721294206170053,0.52234,1,25,0.59,3,0,0.98,0,0,0
USR2201,31,4,40356,234,77132,500000,1.9112895232431362,0.154264,3,165,0.84,0,1,0.8,2,0,1
USR6122,65,2,45903,244,88284,500000,1.9232729886935493,0.176568,0,97,0.97,1,1,0.17,1,0,0
USR3137,27,1,30131,121,27004,500000,0.8962198400318608,0.054008,6,669,0.4,0,1,0.09,0,1,0
USR9381,34,3,11726,117,13320,200000,1.1359372334982092,0.0666,4,278,0.67,0,0,0.8,2,1,0
USR6443,47,0,50030,303,29847,100000,0.5965820507695383,0.29847,5,206,0.16,1,1,0.35,2,0,0
USR1150,34,1,46120,335,11981,100000,0.2597788378143972,0.11981,8,481,0.14,2,1,0.62,0,1,0
USR4785,20,2,29175,133,4789,300000,0.16414738646101115,0.015963333333333333,14,240,0.22,0,0,0.85,0,0,0
USR3003,56,2,57736,214,27429,500000,0.4750762089510877,0.054858,1,98,0.09,2,0,0.69,2,0,0
USR8604,64,1,35802,182,46746,300000,1.3056812468577175,0.15582,16,607,0.21,1,0,0.26,1,0,0
USR5775,69,2,31953,251,36474,100000,1.1414890620599005,0.36474,3,52,0.85,3,0,0.02,0,0,0
USR7279,62,0,21418,313,26152,100000,1.221029040993557,0.26152,2,58,0.87,0,0,0.46,1,0,0
USR6953,36,2,9687,8,5560,500000,0.5739651078765355,0.01112,4,61,0.74,3,0,0.79,2,1,0
USR7643,56,2,17521,329,5585,200000,0.31876034472918213,0.027925,14,574,0.57,3,0,0.71,0,1,0
USR4271,57,0,42676,315,97414,200000,2.2826412972162338,0.48707,10,674,0.96,0,0,0.9,0,0,1
USR1487,56,3,49222,57,87729,500000,1.7823127869651783,0.175458,3,156,0.38,0,1,0.84,1,0,0
USR8236,45,1,25695,215,15416,100000,0.599961081922553,0.15416,0,166,0.31,1,0,0.68,2,0,0
USR9611,38,4,15071,330,26326,200000,1.7467984871607722,0.13163,11,415,0.25,1,0,0.71,0,0,0
USR6099,67,1,47694,36,65785,200000,1.379313959827232,0.328925,12,202,0.73,3,0,0.99,0,0,0
USR1454,21,3,58406,93,99515,100000,1.7038489196315447,0.99515,0,57,0.82,3,0,0.77,0,0,0
USR7661,46,4,20501,54,16961,200000,0.8273254963172528,0.084805,14,654,0.26,2,0,0.56,0,0,0
USR8564,48,2,59739,276,47412,100000,0.7936523878873099,0.47412,9,241,0.33,0,0,0.44,0,0,0
USR4681,20,2,21633,131,29164,500000,1.3481255489298756,0.058328,5,669,0.89,2,0,0.51,0,0,0
USR4624,40,1,30941,4,22033,500000,0.7120972172845093,0.044066,17,336,0.36,3,0,0.52,2,1,0
USR8683,46,0,23588,61,20929,300000,0.8872731897575038,0.06976333333333333,4,64,0.34,1,0,0.8,0,0,0
USR1134,20,1,32856,336,35450,500000,1.0789505721938155,0.0709,5,101,0.87,1,0,0.25,2,1,0
USR1991,30,3,21183,105,19133,100000,0.9032242836236605,0.19133,2,453,0.62,1,0,0.4,0,0,0
USR3845,48,0,55203,23,109369,200000,1.9812147890513196,0.546845,11,387,0.85,0,1,0.95,1,0,1
USR4571,53,3,23335,167,7236,500000,0.3100921362759803,0.014472,5,62,0.37,1,0,0.97,1,0,0
USR2042,51,2,7343,248,10261,200000,1.3973852648781153,0.051305,29,616,0.7,0,0,0.95,0,0,0
USR1194,25,1,5348,262,7563,200000,1.4141735228122663,0.037815,12,607,0.18,1,0,0.42,0,0,0
USR7646,54,3,54266,75,83394,100000,1.5367633509011167,0.83394,21,303,0.31,3,0,0.61,1,0,0
USR3487,60,1,34032,333,61132,200000,1.7963093559003291,0.30566,3,69,0.09,1,0,0.86,1,1,0
USR5335,28,1,32788,308,12911,500000,0.39377211174820054,0.025822,11,395,0.93,1,0,0.52,2,0,0
USR7531,53,3,54674,276,29930,500000,0.5474265647291217,0.05986,4,590,0.53,1,0,0.65,0,0,0
USR4478,31,3,17085,291,15837,300000,0.926953467954346,0.05279,4,275,0.16,1,0,0.8,2,0,0
USR1563,45,0,33855,46,28195,300000,0.8328164229803574,0.09398333333333334,16,117,0.34,0,1,0.61,0,0,0
USR9966,64,2,29080,147,15845,200000,0.5448762035763411,0.079225,16,38,0.24,0,0,0.38,0,0,0
USR2761,53,1,42289,176,44460,200000,1.0513372271749155,0.2223,4,640,0.68,1,0,0.33,1,0,0
USR7327,46,2,33354,316,1486,200000,0.04455237752593392,0.00743,17,25,0.1,0,0,0.58,0,1,0
USR5736,67,4,25348,62,4789,100000,0.18893009310399242,0.04789,0,693,0.01,3,0,0.18,2,0,0
USR4177,25,1,46008,347,54800,200000,1.1910972004868718,0.274,18,265,0.25,0,0,0.11,0,0,0
USR5739,29,2,30656,274,13111,300000,0.4276813674321503,0.04370333333333333,21,122,0.67,0,0,0.6,0,0,0
USR2317,66,4,39118,260,47112,300000,1.2043560509228488,0.15704,13,12,0.51,3,0,0.96,0,0,0
USR5850,28,4,36222,199,29491,200000,0.8141737065871569,0.147455,1,471,0.07,1,0,0.6,0,0,0
USR9526,49,1,14390,28,23652,100000,1.6436414176511467,0.23652,0,687,0.56,3,0,0.23,2,0,0
USR6409,67,0,28808,206,18462,200000,0.6408636489863927,0.09231,3,11,0.41,0,0,0.91,2,0,0
USR2244,51,4,57438,154,72033,100000,1.2541000731223233,0.72033,1,49,0.05,1,0,0.02,0,0,0
USR9441,28,0,52420,185,61268,100000,1.1687905379626098,0.61268,5,356,0.1,1,0,0.09,1,0,0
USR4389,59,0,27742,297,13434,100000,0.4842477110518348,0.13434,2,562,0.48,2,0,0.02,0,0,0
USR5711,63,2,45404,54,25632,300000,0.5645317593163598,0.08544,10,659,0.79,3,1,0.23,0,0,0
USR5220,65,0,12531,136,3398,200000,0.2711675045886202,0.01699,2,448,0.15,0,0,0.79,2,0,0
USR9665,56,3,37566,267,1000,200000,0.02661981579087473,0.005,12,552,0.95,1,0,0.5,2,0,0
USR3905,41,2,10511,259,14650,100000,1.393777946912758,0.1465,3,12,0.44,1,1,0.29,0,0,0
USR6871,69,1,31235,95,68334,500000,2.1877381142948615,0.136668,9,5,0.34,2,0,0.75,0,0,0
USR2062,47,4,9713,171,9756,500000,1.0044270565221867,0.019512,7,197,0.09,0,1,0.17,0,0,0
USR1031,46,1,20853,234,8718,200000,0.41806934254064165,0.04359,16,473,0.94,1,0,0.71,0,0,0
USR6533,60,1,20987,132,27413,200000,1.3061895459093724,0.137065,9,102,0.28,1,0,0.82,2,0,0
USR3291,67,2,19202,333,20130,300000,1.0483282991355067,0.0671,4,413,0.98,0,1,0.45,1,0,0
USR2783,46,1,7278,268,4461,100000,0.6129431162407255,0.04461,16,150,0.16,1,0,0.09,0,0,0
USR2853,22,3,55410,229,67178,500000,1.21238043674427,0.134356,21,211,0.6,1,0,0.76,2,1,0
USR4462,24,1,28082,116,39613,300000,1.410618901787622,0.13204333333333335,20,501,0.04,1,1,0.15,0,0,0
USR8675,23,4,26118,118,21613,500000,0.8275135921586645,0.043226,3,491,0.37,0,0,0.89,2,0,0
USR5488,20,1,46597,301,22433,300000,0.4814258428654205,0.07477666666666667,13,251,0.86,1,0,0.0,2,0,0
USR5551,32,1,8247,222,6147,500000,0.7453619497999272,0.012294,0,348,0.17,1,0,0.12,1,0,0
USR6157,41,3,50506,101,24425,500000,0.4836059082089257,0.04885,2,271,0.65,3,0,0.15,2,0,0
USR5154,45,2,6495,255,6562,500000,1.0103156274056966,0.013124,5,437,0.72,0,1,0.21,1,1,0
USR5034,55,0,33308,163,47526,200000,1.4268644169568871,0.23763,6,216,0.18,3,0,0.79,1,0,0
USR7118,59,0,15649,154,21157,300000,1.35197137197265,0.07052333333333333,5,651,0.88,3,1,0.31,1,0,0
USR2666,53,3,37684,215,22747,500000,0.6036248805859251,0.045494,3,141,0.91,3,0,0.39,1,0,0
USR2099,29,1,36828,209,74536,500000,2.02389486260454,0.149072,10,595,0.82,1,1,0.76,0,0,1
USR2592,44,0,7857,353,20884,300000,2.6580119638538884,0.06961333333333333,5,281,0.37,0,0,0.71,0,1,1
USR6427,53,3,44413,37,60074,500000,1.352621980050886,0.120148,5,239,0.07,0,1,0.34,0,1,0
USR9738,18,5,59157,197,24028,100000,0.4061734029785148,0.24028,0,200,0.81,3,0,0.81,2,0,0
USR9006,20,3,13552,298,7887,300000,0.5819805194805194,0.02629,11,525,0.79,3,1,0.7,0,1,0
USR8349,34,3,23150,215,18689,500000,0.8073002159827214,0.037378,14,548,0.71,0,1,0.15,0,0,0
USR6031,35,2,58189,310,52425,300000,0.9009434772895221,0.17475,6,473,0.79,1,0,0.31,0,0,0
USR5974,53,4,25762,221,33622,200000,1.3051005356726961,0.16811,7,277,0.14,0,1,0.4,2,0,0
USR4276,47,0,29997,79,28158,500000,0.9386938693869387,0.056316,7,189,0.38,1,0,0.56,2,1,0
USR8080,70,8,49188,97,85318,100000,1.7345287468488249,0.85318,3,405,0.81,3,1,0.14,0,0,0
USR3060,25,2,30150,174,18952,500000,0.6285903814262023,0.037904,2,33,0.18,0,0,0.8,0,0,0
USR9993,57,2,42320,91,53190,300000,1.2568525519848772,0.1773,2,558,0.09,1,0,0.94,0,0,0
USR2297,40,4,39356,112,9746,500000,0.2476369549750991,0.019492,14,473,0.31,0,1,0.12,0,0,0
USR5882,55,2,21281,191,13079,500000,0.6145857807433861,0.026158,8,270,0.03,0,0,0.89,2,0,0
USR3034,60,1,7419,334,5496,300000,0.7408006469874646,0.01832,0,95,0.35,2,0,0.85,2,1,0
USR3937,30,0,26219,235,29121,500000,1.1106830924138984,0.058242,4,55,0.78,1,0,0.5,1,0,0
USR7074,34,1,40723,219,76617,500000,1.8814183630871988,0.153234,0,241,0.84,1,0,0.96,0,0,1
USR1692,51,0,45412,77,46279,500000,1.0190918699903109,0.092558,6,669,0.55,3,0,0.42,0,0,0
USR1872,18,2,52477,354,49781,100000,0.9486251119538084,0.49781,6,674,0.84,0,0,0.32,1,0,0
USR3565,42,1,37179,126,15912,200000,0.4279835390946502,0.07956,3,626,0.61,0,0,0.73,0,0,0
USR3857,52,1,39961,181,51649,300000,1.2924851730437177,0.17216333333333333,13,670,0.86,2,0,0.98,0,0,0
USR3797,56,4,54662,45,108307,100000,1.98139475321064,1.08307,3,135,0.58,0,1,0.18,0,0,0
USR4292,28,1,46358,158,40333,100000,0.8700332197247509,0.40333,12,312,0.63,0,1,0.24,2,0,0
USR8816,47,0,37158,139,32477,200000,0.8740244361913989,0.162385,13,146,0.35,3,0,0.06,2,0,0
USR2356,32,1,8763,190,8946,100000,1.0208832591578227,0.08946,3,24,0.92,1,0,0.91,2,0,0
USR5365,35,2,12948,292,12980,300000,1.0024714241581711,0.04326666666666667,6,119,0.94,0,0,0.79,1,1,0
USR9395,67,2,56638,325,79306,100000,1.4002259966806738,0.79306,9,377,0.61,1,0,0.46,0,0,0
USR7274,48,2,48642,30,41308,300000,0.8492249496320052,0.13769333333333333,0,555,0.95,1,0,0.7,2,0,0
USR8697,53,2,32058,311,15946,500000,0.4974109426664171,0.031892,5,620,0.77,3,1,0.39,0,0,0
USR6063,57,3,33769,90,64153,100000,1.8997601350350914,0.64153,1,77,0.22,3,0,0.43,0,0,0
USR8417,54,4,52798,161,92625,100000,1.7543278154475548,0.92625,19,588,0.03,0,0,0.09,1,0,0
USR9854,54,1,27865,312,39601,500000,1.42117351516239,0.079202,0,187,0.96,0,0,0.87,0,1,0
USR3400,45,1,54228,22,92118,500000,1.6987165302057978,0.184236,2,360,0.78,0,0,0.63,0,1,0
USR9228,28,1,41765,360,22415,300000,0.5366934035675806,0.07471666666666667,2,673,0.25,0,1,0.68,1,1,0
USR6688,27,2,53091,243,36832,200000,0.693752236725622,0.18416,1,49,0.8,3,0,0.81,0,0,0
USR7536,19,2,31974,77,21038,500000,0.6579721023331457,0.042076,10,512,0.65,3,0,0.65,0,0,0
USR8155,28,5,26443,352,36501,200000,1.380365314071777,0.182505,8,481,0.4,0,1,0.26,0,0,0
USR1704,55,4,59895,142,53827,200000,0.8986893730695383,0.269135,11,596,0.02,1,0,0.03,0,0,0
USR3543,38,2,46159,140,47095,300000,1.020277735652852,0.15698333333333334,2,338,0.56,0,0,0.17,2,0,0
USR7131,51,2,26263,178,37217,300000,1.4170886798918632,0.12405666666666666,6,129,0.4,1,0,0.23,1,1,0
USR6272,31,3,45934,206,100310,500000,2.183785431270954,0.20062,15,372,0.69,0,0,0.76,0,0,0
USR3888,21,1,14540,65,13233,100000,0.9101100412654746,0.13233,11,652,0.74,1,0,0.07,1,0,0
USR2066,62,0,54884,322,91363,300000,1.6646563661540703,0.30454333333333333,10,349,0.91,0,0,0.28,0,0,0
USR7957,30,0,11907,276,20809,500000,1.7476274460401444,0.041618,9,246,0.34,0,0,0.39,2,0,0
USR8190,50,2,23166,164,18751,100000,0.8094189760856427,0.18751,3,343,0.51,3,0,0.22,2,0,0
USR3247,39,6,24684,193,27505,300000,1.1142845567979258,0.09168333333333334,0,18,0.4,0,0,0.5,2,1,0
USR4117,41,1,8466,209,6178,200000,0.7297424994094023,0.03089,2,484,0.76,2,0,0.06,1,0,0
USR8100,43,3,42723,187,46791,100000,1.095218032441542,0.46791,12,610,0.8,2,0,0.02,0,0,0
USR8345,32,5,43681,104,50829,500000,1.1636409422861198,0.101658,4,411,0.74,3,0,0.63,2,0,0
USR5479,19,2,35702,284,50819,100000,1.423421657050025,0.50819,9,579,0.75,0,0,0.7,0,1,0
USR2025,27,3,21214,227,25568,100000,1.2052418214386726,0.25568,14,293,0.61,2,0,0.92,0,0,0
USR1862,27,1,47774,311,27347,200000,0.57242433122619,0.136735,9,387,0.35,0,0,0.57,2,0,0
USR1579,50,0,39398,191,62978,100000,1.5985075384537286,0.62978,11,193,0.45,1,1,0.32,2,0,0
USR5545,43,0,9921,344,10845,100000,1.0931357726035682,0.10845,3,246,0.18,0,0,0.81,2,0,0
USR2295,31,3,53295,325,22333,500000,0.4190449385495825,0.044666,14,238,0.1,0,1,0.89,0,1,0
USR7727,59,2,13429,71,25824,200000,1.923002457368382,0.12912,9,633,0.1,3,1,0.88,0,0,0
USR4232,68,1,44803,228,32435,300000,0.7239470571167109,0.10811666666666667,11,109,0.61,0,0,0.04,2,1,0
USR1660,26,1,45527,98,61044,500000,1.3408307158389527,0.122088,13,295,0.01,3,0,0.4,1,1,0
USR1937,33,0,36915,124,86962,500000,2.3557361506162806,0.173924,2,182,0.7,0,0,0.39,1,0,0
USR9763,18,2,7614,267,10406,300000,1.3666929340688205,0.034686666666666664,21,348,0.28,3,0,0.27,2,1,0
USR5109,31,1,20571,357,26047,100000,1.2661999902775751,0.26047,0,397,0.67,1,0,0.65,2,1,0
USR1418,53,1,38138,280,22021,200000,0.5774031150034087,0.110105,10,498,0.94,1,0,0.39,1,1,0
USR9396,43,2,45795,33,66928,500000,1.4614695927503003,0.133856,13,324,0.59,1,0,0.34,2,0,0
USR1280,50,1,42661,228,72401,200000,1.6971238367595696,0.362005,14,318,0.56,1,0,0.6,1,0,0
USR6647,64,1,38386,296,36870,100000,0.9605064346376283,0.3687,20,358,0.02,2,0,0.23,0,0,0
USR4291,47,4,33547,292,51217,100000,1.5267237010761021,0.51217,3,599,0.12,0,1,0.6,0,0,0
USR6766,60,5,40702,260,79450,100000,1.9519925310795538,0.7945,2,252,0.3,2,0,0.71,0,0,0
USR2632,60,3,18932,18,3652,500000,0.19290090851468414,0.007304,9,210,0.23,0,0,0.52,1,1,0
USR7867,31,1,53601,18,24636,100000,0.45961829070353166,0.24636,4,75,0.24,1,0,0.16,0,0,0
USR3154,23,1,19185,356,27118,200000,1.4135001303101382,0.13559,4,228,0.9,0,0,0.21,0,1,0
USR9821,23,1,45503,163,87698,100000,1.9273014966046196,0.87698,14,418,0.63,3,1,0.8,0,0,0
USR1583,35,4,12296,159,1820,300000,0.1480156148340924,0.006066666666666666,3,668,0.43,0,0,0.5,0,0,0
USR9254,60,2,26663,145,1000,500000,0.037505156959081874,0.002,17,167,0.88,3,0,0.11,0,1,0
USR4494,33,1,9761,81,5056,500000,0.5179797151931155,0.010112,10,506,0.7,0,0,0.14,0,1,0
USR7738,50,2,34999,314,49608,100000,1.4174119260550302,0.49608,0,23,0.54,2,0,0.33,1,0,0
USR9921,70,1,18146,166,15298,300000,0.8430508100958889,0.050993333333333335,15,660,0.74,3,1,0.67,0,0,0
USR9090,59,1,5010,323,10896,300000,2.174850299401198,0.03632,13,479,0.94,0,0,0.39,2,1,1
USR7216,31,1,42985,144,68528,100000,1.5942305455391415,0.68528,6,480,0.63,1,0,0.72,1,0,0
USR5591,51,3,49543,86,64682,500000,1.305572936640898,0.129364,9,576,0.89,2,0,0.52,1,0,0
USR8340,52,2,37513,115,16533,100000,0.44072721456561725,0.16533,0,287,0.25,1,0,0.62,2,0,0
USR2113,35,4,34069,188,16547,300000,0.48569080395667613,0.055156666666666666,4,692,0.27,2,0,0.03,1,0,0
USR2940,23,5,34484,319,47944,500000,1.3903259482658625,0.095888,7,68,0.63,0,1,0.41,1,0,0
USR8015,22,1,18226,328,15656,500000,0.8589926478656864,0.031312,4,337,0.95,0,0,0.43,0,1,0
USR6715,60,2,16254,241,27637,500000,1.7003199212501539,0.055274,1,131,0.51,2,1,0.67,1,0,0
USR7974,60,0,19036,242,18716,200000,0.9831897457449044,0.09358,6,594,0.26,2,0,0.22,1,0,0
USR8144,26,2,53028,316,25902,200000,0.48845892735913105,0.12951,4,438,0.36,0,1,0.27,1,0,0
USR5564,41,1,18550,42,25661,500000,1.3833423180592992,0.051322,7,30,0.5,0,0,0.73,0,0,0
USR3223,31,2,34799,122,55102,500000,1.5834363056409666,0.110204,0,580,0.48,1,1,0.16,2,0,0
USR4765,34,0,56741,332,64460,300000,1.136039195643362,0.21486666666666668,21,633,0.38,1,0,0.08,0,0,0
USR1003,22,4,40349,137,45335,500000,1.1235718357332276,0.09067,20,490,0.67,1,0,0.16,1,1,0
USR1023,38,2,58805,101,6521,300000,0.11089193095825185,0.021736666666666668,7,284,0.34,1,0,0.64,0,0,0
USR8625,69,0,58242,173,91547,200000,1.5718381923697675,0.457735,3,222,0.14,0,0,0.74,1,0,0
USR4410,39,4,20344,35,28196,300000,1.3859614628391663,0.09398666666666666,6,414,0.03,0,0,0.25,0,0,0
USR4662,50,2,9590,95,6870,300000,0.7163712200208551,0.0229,5,669,0.47,0,0,0.75,0,1,0
USR1150,33,2,9545,204,3913,300000,0.40995285489785227,0.013043333333333334,3,635,0.66,1,0,0.79,2,1,0
USR5914,70,5,40564,103,36744,500000,0.9058278276304113,0.073488,7,164,0.79,0,1,0.43,0,1,0
USR7901,38,0,16764,191,6094,100000,0.36351706036745407,0.06094,17,350,0.87,1,0,0.73,0,1,0
USR5092,41,0,5746,12,4349,100000,0.7568743473720849,0.04349,11,620,0.43,0,1,0.84,1,1,0
USR6852,50,2,33516,223,71963,500000,2.1471237617854158,0.143926,6,672,0.03,0,0,0.89,0,0,0
USR1920,30,3,43297,312,1000,500000,0.023096288426449868,0.002,11,370,0.57,1,0,0.46,0,0,0
USR6313,21,3,25161,133,40957,200000,1.6277969874011367,0.204785,2,242,0.82,1,1,0.9,0,0,0
USR9109,56,0,46060,309,99702,500000,2.16461137646548,0.199404,1,163,0.75,0,1,0.43,1,1,1
USR6682,22,2,10263,252,8882,100000,0.8654389554711098,0.08882,11,564,0.94,0,1,0.46,1,0,0
USR9391,49,3,28925,25,14625,500000,0.5056179775280899,0.02925,5,66,0.7,0,0,0.08,1,0,0
USR4160,50,0,51427,232,27057,300000,0.5261244093569526,0.09019,6,46,0.5,0,0,0.71,0,1,0
USR4177,21,0,57137,29,98341,300000,1.7211439172515184,0.32780333333333334,8,586,0.22,0,0,0.83,0,1,0
USR6889,54,0,30097,152,27037,300000,0.8983287370834302,0.09012333333333333,11,593,0.79,1,0,0.17,2,0,0
USR9623,67,0,25398,283,22104,100000,0.8703047484053863,0.22104,10,592,0.18,0,0,0.64,0,0,0
USR1380,50,3,44734,167,57307,500000,1.2810613850762285,0.114614,6,71,0.89,0,0,0.11,0,0,0
USR4597,43,3,58566,59,27152,500000,0.4636137007820237,0.054304,7,640,0.73,0,0,0.04,0,0,0
USR1614,28,3,57215,56,48330,100000,0.844708555448746,0.4833,8,603,0.99,3,0,0.15,0,0,0
USR1848,51,3,49835,86,105688,100000,2.1207585030600984,1.05688,0,410,0.39,3,0,1.0,0,1,1
USR8551,25,1,25841,133,26543,300000,1.0271661313416665,0.08847666666666666,5,333,0.04,0,0,0.78,2,0,0
USR9637,67,1,38081,216,9755,300000,0.25616449147869014,0.032516666666666666,16,315,0.93,1,0,0.85,1,0,0
USR1417,49,2,57496,199,69200,500000,1.2035619869208294,0.1384,16,183,0.04,0,0,0.84,1,0,0
USR4222,31,0,5159,48,1000,300000,0.1938360147315371,0.0033333333333333335,3,457,0.13,0,0,0.66,1,0,0
USR5166,54,1,41612,152,56578,200000,1.3596558684994713,0.28289,8,44,0.91,0,0,0.53,0,0,0
USR8226,66,5,54694,325,53763,500000,0.9829780231835302,0.107526,3,529,0.42,1,1,0.66,0,0,0
USR5796,46,3,26767,157,7531,500000,0.2813539059289423,0.015062,9,324,0.47,2,0,0.68,2,1,0
USR2375,40,2,46750,3,84975,300000,1.8176470588235294,0.28325,7,345,0.61,0,1,0.65,0,0,0
USR3049,52,4,39003,217,33712,500000,0.8643437684280696,0.067424,4,34,0.7,3,1,0.63,2,0,0
USR4925,19,2,53364,260,48654,100000,0.911738250505959,0.48654,0,642,0.54,0,0,0.35,2,1,0
USR8998,49,2,29106,239,55639,300000,1.9115989830275544,0.18546333333333334,6,468,0.7,1,0,0.97,2,0,0
USR9993,21,0,21095,269,12429,300000,0.5891917515999052,0.04143,3,696,0.17,0,0,0.37,1,0,0
USR8064,59,2,19583,157,16574,100000,0.846346320788439,0.16574,4,493,0.77,0,1,0.84,1,1,0
USR8338,21,1,26690,183,11397,200000,0.42701386286998877,0.056985,8,212,0.6,1,0,0.52,0,0,0
USR8687,30,1,43383,201,36243,200000,0.8354194039139755,0.181215,7,335,0.36,3,0,0.47,0,1,0
USR6958,60,1,28255,145,20748,300000,0.7343125110599894,0.06916,0,502,0.46,0,0,0.11,1,0,0
USR9449,24,2,25893,62,49324,100000,1.9049163866682115,0.49324,5,212,0.0,3,0,0.55,1,0,0
USR4594,33,4,58354,27,79118,500000,1.3558282208588956,0.158236,1,273,0.04,1,0,0.81,2,0,0
USR9979,65,0,52209,233,47502,500000,0.9098431304947423,0.095004,3,47,0.72,3,0,0.28,0,0,0
USR1177,66,2,22191,191,38950,300000,1.7552160785904196,0.12983333333333333,10,333,0.39,3,1,0.16,1,0,0
USR3708,25,3,40935,116,55347,200000,1.3520703554415536,0.276735,7,575,0.92,1,0,0.89,2,0,0
USR6623,33,1,34203,290,25267,100000,0.7387363681548402,0.25267,4,313,0.48,0,1,0.3,1,1,0
USR4228,62,2,16678,214,12405,500000,0.7437942199304473,0.02481,22,265,0.3,2,0,0.12,1,0,0
USR7559,68,4,40811,9,54317,100000,1.3309401876944942,0.54317,13,68,0.08,0,0,0.59,0,0,0
USR6512,45,2,53652,7,33168,300000,0.618206217848356,0.11056,9,560,0.83,2,1,0.09,0,1,0
USR6461,43,2,26827,135,21053,500000,0.7847690759309651,0.042106,1,564,0.62,0,1,0.02,1,0,0
USR2919,36,2,20283,263,18534,500000,0.9137701523443278,0.037068,18,370,0.3,1,1,1.0,2,1,0
USR9038,58,4,37552,168,23084,100000,0.6147209203238176,0.23084,15,264,0.23,1,1,0.75,1,1,0
USR8160,52,1,39283,107,51767,200000,1.3177965023037956,0.258835,5,145,0.55,0,0,0.32,1,0,0
USR4571,23,1,35754,266,40197,100000,1.1242658164121497,0.40197,7,418,0.57,0,1,0.65,2,0,0
USR8588,22,3,47125,201,82372,500000,1.747946949602122,0.164744,10,201,0.18,0,0,0.92,2,0,0
USR5260,36,2,54920,187,16107,500000,0.29328113619810636,0.032214,2,281,0.26,0,0,0.71,0,0,0
USR3932,54,1,45850,92,18069,500000,0.39408942202835334,0.036138,16,7,0.98,1,0,0.17,1,1,0
USR8253,33,2,58976,81,40829,200000,0.6922985621269669,0.204145,0,398,0.13,0,1,0.8,0,1,0
USR2695,21,1,16928,47,14144,300000,0.8355387523629489,0.04714666666666667,17,205,0.2,0,0,0.33,2,0,0
USR6395,52,3,48894,349,49130,200000,1.0048267681106067,0.24565,17,132,0.7,0,0,0.45,1,1,0
USR2942,24,2,6971,227,12394,300000,1.7779371682685412,0.041313333333333334,7,567,0.18,0,1,0.63,1,1,0
USR7872,27,2,38328,147,21475,300000,0.5602953454393654,0.07158333333333333,11,43,0.59,1,0,0.7,0,1,0
USR6302,44,4,24798,21,1000,100000,0.040325832728445844,0.01,17,432,0.94,3,0,0.51,2,1,0
USR3536,61,5,31007,199,27996,200000,0.9028928951527074,0.13998,6,501,0.86,2,1,0.73,2,0,0
USR8800,51,1,37466,316,49148,100000,1.3118027011156783,0.49148,6,101,0.53,0,0,0.36,0,0,0
USR7467,27,3,12816,78,7199,300000,0.5617197253433208,0.023996666666666666,2,232,0.94,0,1,0.09,0,1,0
USR2416,18,4,12675,194,10902,200000,0.8601183431952663,0.05451,14,572,0.73,3,1,0.29,1,0,0
USR3792,26,1,55112,132,107791,500000,1.9558535346204093,0.215582,2,202,0.11,2,0,0.49,1,0,0
USR2896,61,1,36742,331,26442,100000,0.7196668662566,0.26442,0,600,0.98,3,0,0.8,0,0,0
USR3992,66,4,38102,192,43792,100000,1.1493359928612672,0.43792,7,101,0.6,2,0,0.05,1,0,0
USR1689,50,1,16624,59,24247,100000,1.4585538979788257,0.24247,0,582,0.8,0,0,0.34,0,1,0
USR8236,35,2,33242,364,48718,100000,1.4655556224053907,0.48718,10,572,0.3,0,0,0.35,0,0,0
USR2423,32,3,7057,264,4798,500000,0.6798923055122573,0.009596,12,648,0.55,0,0,0.62,1,1,0
USR8343,48,0,53763,188,119277,500000,2.2185703922772166,0.238554,4,484,0.97,0,0,0.88,1,0,1
USR8152,55,2,10340,146,3508,100000,0.3392649903288201,0.03508,7,630,0.56,0,0,0.77,0,0,0
USR1672,63,3,36530,163,37532,300000,1.0274295099917876,0.12510666666666667,2,225,0.44,0,0,0.31,1,1,0
USR1900,61,2,14448,358,22777,500000,1.5764811738648947,0.045554,7,519,0.23,1,1,0.11,0,0,0
USR5120,51,4,19016,159,24773,100000,1.3027450567942784,0.24773,7,155,0.4,2,0,0.86,1,1,0
USR7308,58,4,15748,342,13741,100000,0.8725552451104902,0.13741,14,637,0.21,0,0,0.91,0,0,0
USR2276,70,2,49119,146,60786,300000,1.2375251939168144,0.20262,17,647,0.83,2,0,0.26,0,0,0
USR2991,53,2,11564,304,5985,300000,0.5175544794188862,0.01995,0,412,0.29,3,1,0.59,0,1,0
USR8688,37,4,31794,327,47320,200000,1.4883311316600616,0.2366,8,163,0.56,1,1,0.63,0,1,0
USR2041,26,0,42456,195,46324,500000,1.0911060863011117,0.092648,4,572,0.35,0,0,0.08,1,0,0
USR1019,21,2,36535,80,72344,500000,1.9801286437662515,0.144688,2,238,0.31,0,0,0.27,0,0,0
USR7270,44,5,48439,122,33688,200000,0.6954726563306427,0.16844,6,596,0.2,0,0,0.13,2,0,0
USR9201,22,2,6391,255,6673,500000,1.0441245501486465,0.013346,0,424,0.28,3,0,0.92,0,1,0
USR6206,27,2,17729,269,19619,100000,1.1066049974617858,0.19619,12,254,0.22,1,0,0.22,2,1,0
USR5433,36,2,21316,106,13467,500000,0.631778945393132,0.026934,2,435,0.06,0,0,0.7,0,0,0
USR4981,64,1,26140,6,26950,500000,1.0309869931140014,0.0539,14,275,0.16,1,0,0.77,0,0,0
USR8199,55,1,32301,132,22465,500000,0.6954893037367265,0.04493,9,507,0.84,0,0,0.66,1,1,0
USR8273,22,3,41185,193,51831,200000,1.2584921694791793,0.259155,0,674,0.78,2,0,0.85,2,1,0
USR8874,26,2,28181,277,21248,100000,0.7539831801568433,0.21248,5,506,0.13,0,0,0.32,2,0,0
USR2733,67,3,41135,323,59821,500000,1.454260362221952,0.119642,10,153,0.49,2,0,0.03,0,0,0
USR2320,31,2,41698,105,36031,300000,0.8640942011607271,0.12010333333333334,2,127,0.78,0,0,0.03,1,0,0
USR6218,62,1,43278,261,58790,500000,1.3584269143675771,0.11758,12,579,0.43,2,0,0.48,1,0,0
USR8548,20,1,29985,72,40737,500000,1.3585792896448223,0.081474,17,442,0.36,1,1,0.17,0,0,0
USR6554,57,3,21205,193,33917,300000,1.599481254421127,0.11305666666666667,9,190,0.56,3,1,0.46,2,1,0
USR5212,23,2,21650,110,15018,300000,0.6936720554272517,0.05006,16,269,0.81,1,0,0.51,0,0,0
USR5496,37,0,40983,308,32471,300000,0.7923041261010663,0.10823666666666666,9,487,0.07,0,0,0.5,2,1,0
USR4578,54,1,17164,134,20148,300000,1.1738522488930319,0.06716,0,601,0.95,1,0,0.47,2,0,0
USR2657,61,7,29335,188,9303,100000,0.3171297085392875,0.09303,18,432,0.47,0,0,0.21,0,1,0
USR9291,42,2,56265,99,49814,100000,0.88534612992091,0.49814,1,152,0.24,2,0,0.95,1,0,0
USR2845,25,5,53543,48,52931,500000,0.9885699344452122,0.105862,1,408,0.8,1,0,0.56,0,0,0
USR9603,23,1,48252,28,73154,500000,1.516082234933267,0.146308,6,481,0.81,1,0,0.94,0,0,0
USR6060,58,0,44161,242,1000,300000,0.022644414755100654,0.0033333333333333335,8,489,0.54,0,0,0.71,2,0,0
USR4358,57,1,20479,52,40285,500000,1.9671370672396113,0.08057,8,337,0.73,0,0,0.58,2,0,0
USR3720,24,4,11078,25,12496,200000,1.128001444304026,0.06248,20,173,0.94,2,0,0.62,0,1,0
USR7764,57,2,18573,80,22640,500000,1.218973779141765,0.04528,7,368,0.74,0,0,0.34,0,0,0
USR3150,68,0,44102,244,73359,500000,1.6633939503877375,0.146718,2,288,0.66,0,0,0.51,0,0,0
USR1287,68,2,44563,274,49190,300000,1.1038305320557413,0.16396666666666668,0,375,0.1,2,0,0.28,1,0,0
USR8812,50,1,29255,233,25607,100000,0.8753033669458212,0.25607,5,19,0.94,2,0,0.33,0,1,0
USR7438,32,3,44009,176,26928,200000,0.6118748437819537,0.13464,4,347,0.84,3,1,0.74,0,1,0
USR1462,33,3,58504,64,62447,500000,1.0673971010529195,0.124894,18,340,0.37,1,0,0.97,1,0,0
USR6856,21,1,27759,249,23493,100000,0.8463201123959797,0.23493,9,59,0.68,2,0,0.32,0,0,0
USR1634,44,2,19298,322,8799,100000,0.4559539848688983,0.08799,8,15,0.68,1,0,0.06,0,1,0
USR6069,47,4,50129,28,66956,300000,1.3356739611801551,0.22318666666666667,17,97,0.98,1,1,0.32,0,1,0
USR4319,30,1,35961,310,32347,500000,0.8995022385361919,0.064694,4,12,0.32,2,0,0.83,2,0,0
USR7772,52,1,19433,347,24987,300000,1.28580250090053,0.08329,2,92,0.96,1,0,0.21,0,0,0
USR5065,42,0,19702,61,16392,100000,0.8319967515988225,0.16392,1,210,0.72,1,0,0.66,0,0,0
USR1199,69,1,37671,235,13131,100000,0.3485705184359322,0.13131,8,309,0.41,2,0,0.85,0,0,0
USR2815,43,3,42124,54,9428,500000,0.223815402146045,0.018856,3,447,0.75,0,1,0.81,2,1,0
USR5734,44,0,50772,231,49817,500000,0.9811904199164894,0.099634,4,672,0.06,0,0,0.29,0,0,0
USR6010,65,2,41951,55,50831,100000,1.2116755262091488,0.50831,25,621,0.88,2,0,0.24,2,1,0
USR1728,59,1,42549,85,1000,200000,0.023502314978025334,0.005,14,332,0.33,0,0,0.18,2,0,0
USR7744,54,1,27097,110,21920,100000,0.8089456397387165,0.2192,11,621,0.01,1,1,0.39,1,0,0
USR2015,44,1,20760,196,18806,300000,0.9058766859344894,0.06268666666666667,2,665,0.6,1,1,0.72,1,0,0
USR1757,40,2,37224,169,48467,500000,1.3020363206533418,0.096934,3,164,0.1,1,0,0.41,1,0,0
USR6179,52,2,33831,82,1000,500000,0.02955868877656587,0.002,14,8,0.44,2,1,0.03,2,0,0
USR9171,21,1,26435,210,39867,200000,1.5081142424815586,0.199335,3,18,0.15,2,0,0.94,2,0,0
USR3555,63,1,59428,129,40359,200000,0.6791243185030625,0.201795,10,414,0.54,0,0,0.49,0,0,0
USR6758,66,3,6029,158,2585,300000,0.42876098855531597,0.008616666666666667,12,372,0.77,3,0,0.02,0,1,0
USR4430,37,1,19728,314,19982,500000,1.012875101378751,0.039964,18,406,0.64,0,1,0.64,0,0,0
USR8585,66,2,34623,304,5276,200000,0.15238425324206453,0.02638,0,250,0.52,3,0,0.62,2,0,0
USR5850,40,3,9216,329,9542,100000,1.0353732638888888,0.09542,4,425,0.93,0,0,0.88,0,0,0
USR4352,53,3,11719,165,7450,200000,0.6357197713115453,0.03725,10,496,0.93,0,0,0.32,0,0,0
USR4262,50,6,52082,106,94443,300000,1.8133520218117585,0.31481,12,354,0.53,1,0,0.07,2,0,0
USR8523,56,3,53903,107,47603,500000,0.8831233883086285,0.095206,9,516,0.74,2,0,0.48,0,0,0
USR5509,40,1,40870,153,53609,500000,1.311695620259359,0.107218,7,597,0.72,1,0,0.84,2,1,0
USR7375,26,2,20168,320,11652,100000,0.5777469258230861,0.11652,8,96,0.71,0,0,0.37,2,0,0
USR2650,70,3,34482,269,1000,200000,0.02900063801403631,0.005,11,678,0.42,0,0,0.71,1,1,0
USR1975,34,0,52659,112,24456,500000,0.4644220361191819,0.048912,6,277,0.58,1,0,0.91,0,0,0
USR7288,56,1,51049,21,57034,300000,1.1172402985367,0.19011333333333333,7,358,0.37,0,1,0.37,0,0,0
USR4847,29,2,30682,293,20608,200000,0.671664167916042,0.10304,4,197,0.48,2,0,0.74,0,1,0
USR6663,61,1,47357,82,79895,100000,1.687078995713411,0.79895,5,554,0.9,0,0,0.83,1,0,0
USR8101,26,1,9583,292,1000,200000,0.10435145570280706,0.005,11,544,0.7,1,0,0.37,2,0,0
USR7299,37,0,21462,301,20925,300000,0.974979032708974,0.06975,6,294,0.08,0,1,0.41,2,0,0
USR7842,25,2,30639,279,47252,100000,1.5422174352948856,0.47252,16,554,0.92,2,1,0.06,0,0,0
USR3196,65,1,22910,335,4279,200000,0.18677433435181143,0.021395,2,477,0.15,0,0,0.51,0,0,0
USR3004,19,2,30091,169,26213,500000,0.871124256422186,0.052426,5,500,0.02,3,0,0.14,1,0,0
USR3839,45,0,38734,192,1000,100000,0.025817111581556255,0.01,12,402,0.31,0,0,0.12,0,0,0
USR4105,56,2,53783,65,68158,100000,1.2672777643493298,0.68158,5,158,0.82,3,0,0.17,0,0,0
USR5641,26,2,45526,90,37226,500000,0.8176865966700347,0.074452,8,50,1.0,1,0,0.67,1,0,0
USR1071,21,5,28465,151,67811,500000,2.38225891445635,0.135622,10,448,0.4,0,0,0.29,0,0,0
USR7794,24,1,18596,315,14401,100000,0.7744138524413853,0.14401,8,450,0.36,3,0,0.54,1,0,0
USR5422,19,1,14037,291,17945,300000,1.2784070670371162,0.059816666666666664,1,95,0.68,1,0,0.33,2,0,0
USR2596,33,2,24480,222,18967,500000,0.774795751633987,0.037934,18,352,0.04,0,0,0.68,2,0,0
USR4607,35,3,33522,178,14229,200000,0.4244675138714874,0.071145,6,111,0.14,1,0,0.81,2,1,0
USR4696,67,2,26602,109,25075,500000,0.9425983008796331,0.05015,0,429,0.42,1,0,0.18,0,1,0
USR9639,61,6,33575,295,39172,100000,1.1667014147431125,0.39172,24,335,0.43,3,1,0.83,2,0,0
USR7573,36,2,44934,257,95436,500000,2.1239150754439846,0.190872,10,418,0.7,0,0,0.46,0,0,0
USR4793,45,1,19722,15,20783,100000,1.053797789270865,0.20783,0,91,0.76,1,0,0.5,2,1,0
USR4843,18,2,49787,16,52148,100000,1.0474220177958102,0.52148,3,549,0.59,1,0,0.8,1,1,0
USR5172,55,3,8332,51,5591,300000,0.6710273643783006,0.018636666666666666,0,355,0.39,0,0,0.31,1,0,0
USR3306,34,1,13727,269,7903,300000,0.5757266700662927,0.026343333333333333,2,109,0.81,1,0,0.25,1,0,0
USR3253,42,2,27209,286,23576,300000,0.8664780036017494,0.07858666666666667,5,257,0.68,3,1,0.65,0,0,0
USR5668,68,2,7258,254,12391,500000,1.7072196197299532,0.024782,9,194,0.77,0,1,0.3,0,1,0
USR5238,64,0,30728,135,33732,200000,1.0977609997396511,0.16866,18,380,0.6,3,0,0.63,0,0,0
USR9756,46,0,15333,170,5966,100000,0.38909541511771994,0.05966,6,107,0.96,0,0,0.51,0,0,0
USR1934,34,1,43597,15,29448,200000,0.6754593205954538,0.14724,3,537,0.97,0,0,0.26,0,0,0
USR4174,53,1,34113,109,52762,100000,1.5466830826957465,0.52762,16,353,0.48,0,0,0.67,2,0,0
USR4077,42,6,35541,181,45922,300000,1.2920851973776766,0.15307333333333334,10,113,0.61,2,0,0.44,0,0,0
USR1644,32,0,49124,317,35113,100000,0.7147829981271884,0.35113,15,32,0.93,2,0,0.11,2,0,0
USR6879,42,4,8373,254,9035,500000,1.0790636569927148,0.01807,8,353,0.41,0,0,0.74,0,1,0
USR3415,70,2,21988,278,16084,300000,0.731489903583773,0.05361333333333333,2,276,0.65,1,0,0.81,1,0,0
USR2736,35,1,20398,232,17017,500000,0.834248455730954,0.034034,0,374,0.3,0,1,0.63,0,1,0
USR2839,34,3,38837,126,42910,300000,1.1048742178850066,0.14303333333333335,1,510,0.76,3,0,0.4,1,0,0
USR8232,22,2,58989,326,48564,100000,0.8232721354828867,0.48564,3,634,0.69,3,0,0.85,0,1,0
USR3310,18,2,57679,103,1076,200000,0.018654969746354826,0.00538,7,208,0.59,0,0,0.56,1,0,0
USR2165,69,1,35599,324,36950,100000,1.037950504227647,0.3695,5,373,0.26,0,0,0.18,1,0,0
USR9254,33,3,21588,202,9612,200000,0.4452473596442468,0.04806,13,189,0.5,1,1,0.03,1,0,0
USR6521,63,2,44598,316,77093,100000,1.728620117494058,0.77093,1,367,0.9,0,1,0.62,0,0,0
USR5632,43,2,28063,191,23230,100000,0.8277803513523144,0.2323,5,370,0.03,3,1,0.47,2,1,0
USR8669,47,1,21831,59,5875,100000,0.26911272960469057,0.05875,29,676,0.42,0,0,0.72,0,0,0
USR6966,36,2,9235,328,1000,200000,0.10828370330265295,0.005,1,686,0.95,1,0,0.63,1,0,0
USR7208,47,2,8113,176,16361,500000,2.0166399605571304,0.032722,5,18,0.23,2,0,0.75,1,1,1
USR9997,47,1,6233,127,1076,200000,0.17262955238248034,0.00538,8,675,0.39,0,0,0.86,0,0,0
USR2215,68,2,25838,163,17269,500000,0.6683566839538664,0.034538,11,166,0.93,0,1,0.33,0,0,0
USR8353,30,1,9718,100,1000,300000,0.10290183165260341,0.0033333333333333335,0,126,0.95,0,0,0.32,1,0,0
USR2934,66,1,30004,350,61305,100000,2.043227569657379,0.61305,5,393,0.19,0,0,0.15,2,1,0
USR6613,19,6,43258,164,27075,200000,0.6258957880623237,0.135375,11,380,0.32,0,0,0.35,0,1,0
USR2447,56,4,42850,310,58446,500000,1.3639673278879814,0.116892,2,474,0.89,0,1,0.37,0,1,0
USR5841,20,3,23506,346,37271,300000,1.5855951671913553,0.12423666666666666,15,501,0.01,0,1,0.29,0,0,0
USR6541,47,1,34372,237,61532,300000,1.7901780519027115,0.20510666666666666,4,16,0.08,1,1,0.79,1,0,0
USR4460,60,1,29105,71,49716,100000,1.7081601099467445,0.49716,8,620,0.09,1,1,0.71,0,0,0
USR3939,63,1,5596,216,7699,200000,1.3758041458184418,0.038495,1,499,0.04,0,0,0.1,0,0,0
USR7149,57,3,44989,216,1000,500000,0.022227655649158684,0.002,6,355,0.51,3,0,0.88,1,1,0
USR9668,55,4,34905,245,5818,100000,0.16668099126199684,0.05818,13,389,0.65,2,0,0.21,2,0,0
USR9537,28,1,42772,281,21814,500000,0.5100065463387262,0.043628,4,496,0.11,0,0,0.9,0,1,0
USR5015,44,2,27954,254,34509,500000,1.2344923803391286,0.069018,5,217,0.37,0,0,0.14,0,1,0
USR4118,33,3,38399,233,83398,200000,2.1718794760280216,0.41699,14,421,0.3,0,0,0.73,0,0,0
USR3647,42,2,11553,234,12183,500000,1.0545312905738768,0.024366,11,316,0.4,0,0,0.27,0,1,0
USR1951,33,5,50809,353,53319,100000,1.0494006967269578,0.53319,11,267,0.19,0,0,0.68,0,0,0
USR6181,68,0,29814,253,39939,100000,1.3396055544375125,0.39939,0,416,0.88,3,0,0.08,0,1,0
USR6908,19,4,19072,302,35475,200000,1.8600566275167785,0.177375,6,303,0.49,2,0,0.65,1,0,0
USR8848,51,0,8498,212,6494,300000,0.7641798070134149,0.021646666666666668,6,73,0.96,3,0,0.31,1,1,0
USR4716,21,1,58604,332,102313,300000,1.745836461674971,0.3410433333333333,11,443,0.86,0,0,0.73,2,1,0
USR5379,28,3,25058,349,33058,300000,1.3192593183813552,0.11019333333333334,8,36,0.17,3,1,0.03,2,0,0
USR7109,18,2,7169,234,3547,500000,0.4947691449295578,0.007094,2,514,0.95,1,0,0.99,0,0,0
USR1433,38,2,35860,166,26565,500000,0.74079754601227,0.05313,13,101,0.07,0,0,0.99,2,0,0
USR8915,67,4,53016,229,62558,300000,1.1799834012373622,0.20852666666666667,25,363,0.59,1,0,0.1,0,1,0
USR1291,52,2,27945,132,10148,300000,0.36314188584719986,0.033826666666666665,1,309,0.02,3,1,0.26,2,1,0
USR1013,18,3,12747,192,7539,300000,0.5914332784184514,0.02513,12,416,0.82,2,0,0.27,0,1,0
USR9055,55,0,6656,49,9992,100000,1.5012019230769231,0.09992,13,476,0.64,0,1,0.88,1,0,0
USR9559,55,4,30504,279,26586,300000,0.8715578284815106,0.08862,2,202,0.6,0,0,0.06,0,0,0
USR7092,58,1,19480,100,16236,200000,0.8334702258726899,0.08118,5,496,0.16,0,0,0.1,1,0,0
USR9348,25,0,59961,162,67226,500000,1.1211620886909826,0.134452,5,186,0.46,3,0,0.33,2,0,0
USR8960,34,1,59354,257,1000,200000,0.016848064157428313,0.005,14,628,0.05,2,1,0.37,0,0,0
USR6706,27,1,49016,94,66776,500000,1.3623306675371307,0.133552,23,255,0.15,0,1,0.17,2,1,0
USR7050,35,2,36453,323,48958,100000,1.343044468219351,0.48958,7,601,0.12,3,0,0.46,2,1,0
USR4547,61,2,10684,49,6018,100000,0.5632721827031074,0.06018,15,21,0.47,1,0,0.29,0,0,0
USR9381,54,3,41105,63,54101,200000,1.3161659165551636,0.270505,3,654,0.09,3,0,0.62,2,0,0
USR2161,55,1,47984,147,46850,500000,0.9763671223741247,0.0937,16,484,0.56,2,0,0.37,0,0,0
USR2420,45,1,11283,211,11771,500000,1.0432509084463353,0.023542,13,97,0.63,2,0,0.95,1,0,0
USR8319,61,4,27856,52,43245,100000,1.5524483055715106,0.43245,10,174,0.33,2,0,0.23,0,0,0
USR2285,48,3,5311,14,6981,300000,1.3144417247222746,0.02327,15,665,0.31,0,0,0.23,2,0,0
USR5063,24,1,11934,38,24956,300000,2.091168091168091,0.08318666666666667,0,275,0.52,0,0,0.25,0,0,0
USR8876,34,4,49692,332,67346,100000,1.3552684536746358,0.67346,23,457,0.16,1,0,0.59,0,0,0
USR1585,61,4,45232,144,51675,500000,1.1424434029006014,0.10335,2,129,0.51,1,0,0.69,0,0,0
USR4355,41,1,7345,8,1562,300000,0.21266167460857727,0.005206666666666667,21,653,0.92,1,1,0.64,1,1,0
USR1690,44,1,54430,204,34856,100000,0.6403821422009921,0.34856,1,107,0.61,1,0,0.81,0,0,0
USR1319,53,1,8226,306,4603,200000,0.5595672258691953,0.023015,12,688,0.97,1,0,0.51,0,1,0
USR3967,38,1,25178,202,31756,300000,1.2612598300103264,0.10585333333333333,7,287,0.23,2,0,0.01,2,0,0
USR1925,41,3,36811,166,14565,100000,0.395669772622314,0.14565,1,446,0.22,2,0,0.33,1,0,0
USR1111,67,1,40242,89,29254,200000,0.7269519407584116,0.14627,8,309,0.27,2,1,0.45,0,0,0
USR2848,61,3,15037,5,21115,500000,1.4042029660171578,0.04223,2,23,0.21,3,0,0.34,1,0,0
USR9245,22,1,12087,358,9048,300000,0.748572846860263,0.03016,27,453,0.79,3,0,0.98,0,0,1
USR2400,50,3,20314,55,43297,500000,2.1313872206360145,0.086594,8,508,0.29,3,0,0.3,1,0,0
USR8437,62,1,16183,260,1000,100000,0.06179323981956374,0.01,6,457,0.91,0,0,0.28,1,0,0
USR5621,63,3,48311,280,1000,300000,0.020699219639419595,0.0033333333333333335,2,575,0.15,0,0,0.29,2,0,0
USR7168,18,3,44060,315,1000,300000,0.022696323195642305,0.0033333333333333335,5,83,0.69,0,0,0.65,2,0,0
USR4631,55,3,53239,65,1000,500000,0.018783222825372377,0.002,3,371,0.6,3,0,0.81,0,0,0
USR6610,54,4,23819,29,38913,300000,1.6336957890759478,0.12971,7,210,0.59,0,0,0.58,0,0,0
USR4172,18,2,21651,273,35478,500000,1.6386310101150063,0.070956,5,301,0.09,0,1,0.03,0,1,0
USR6007,54,2,47549,180,1000,300000,0.021030936507602682,0.0033333333333333335,0,35,0.49,1,0,0.44,2,0,0
USR2849,29,0,13461,30,8493,200000,0.6309338087809226,0.042465,3,383,0.17,3,1,0.07,1,0,0
USR1062,43,2,19190,353,17566,200000,0.915372589890568,0.08783,4,342,0.65,1,1,0.61,2,0,0
USR8776,56,0,52369,42,68060,100000,1.2996238232542152,0.6806,3,285,0.13,1,0,0.33,1,0,0
USR5455,40,2,48111,31,41664,300000,0.8659973810563073,0.13888,9,149,0.66,2,0,0.11,2,0,0
USR1666,64,2,20411,99,17427,500000,0.8538043211993533,0.034854,17,225,0.68,0,1,0.78,0,0,0
USR7203,63,1,44760,89,33674,100000,0.7523235031277927,0.33674,3,316,0.2,1,0,0.17,0,0,0
USR5435,49,0,17589,100,1638,200000,0.09312638580931264,0.00819,0,152,0.57,2,1,0.53,1,0,0
USR6807,32,3,10224,331,6917,500000,0.6765453834115805,0.013834,5,57,0.86,2,0,1.0,0,0,0
USR9369,52,5,41819,168,70637,200000,1.689112604318611,0.353185,0,371,0.31,0,0,0.98,0,0,0
USR9113,63,1,36723,358,33910,300000,0.9233995043977888,0.11303333333333333,1,62,0.1,0,0,0.1,2,0,0
USR4341,26,2,23645,223,17494,200000,0.7398604356100655,0.08747,4,476,0.17,0,0,0.86,1,0,0
USR9457,25,5,43121,181,59425,100000,1.378098838153104,0.59425,1,524,0.83,3,1,0.05,1,1,0
USR2382,57,1,38180,30,50699,500000,1.3278941854374018,0.101398,2,633,0.55,2,0,0.98,0,0,0
USR7171,69,3,17805,156,12093,500000,0.6791912384161752,0.024186,10,645,0.31,3,0,0.44,2,0,0
USR9780,32,1,31947,324,26035,500000,0.8149435001721601,0.05207,15,263,0.64,2,1,0.23,0,0,0
USR5916,70,4,5538,21,1000,100000,0.18057060310581438,0.01,14,121,0.84,0,0,0.7,1,1,0
USR6239,57,2,13691,318,8030,500000,0.5865166897962165,0.01606,7,364,0.94,1,0,0.79,2,0,0
USR7756,38,1,29175,180,24497,500000,0.8396572407883461,0.048994,0,149,0.85,1,0,0.96,2,0,0
USR5599,50,2,39585,118,48130,100000,1.21586459517494,0.4813,6,295,0.79,3,0,0.63,1,0,0
USR5177,68,1,54389,183,63960,500000,1.1759730827924764,0.12792,3,548,0.42,2,0,0.8,1,0,0
USR6479,20,3,6095,234,5897,200000,0.9675143560295324,0.029485,10,254,0.76,0,0,0.71,0,0,0
USR1865,62,5,29531,28,49541,500000,1.6775930378246589,0.099082,2,265,0.08,0,0,0.62,0,0,0
USR9067,53,4,24297,154,16248,500000,0.6687245338930732,0.032496,7,358,0.38,0,0,0.26,2,0,0
USR4365,31,1,42263,353,90554,100000,2.142630669853063,0.90554,25,313,0.37,1,0,0.43,0,0,0
USR3405,44,1,30297,246,37838,300000,1.2489025316037892,0.12612666666666666,5,669,0.2,1,0,0.58,2,0,0
USR6497,37,0,51075,288,92467,500000,1.8104160548213413,0.184934,2,54,0.33,3,0,0.67,0,0,0
USR6262,37,2,52131,343,1000,200000,0.019182444227043408,0.005,12,433,0.42,1,0,0.64,1,0,0
USR2063,70,1,52507,276,43763,300000,0.8334698230712095,0.14587666666666665,17,556,0.17,3,0,0.31,2,0,0
USR5083,22,1,15286,32,16073,100000,1.051485018971608,0.16073,0,468,0.43,1,0,0.13,0,0,0
USR9680,55,3,45377,145,51231,300000,1.129008087797783,0.17077,5,144,0.18,3,1,0.83,0,0,0
USR9181,60,3,50256,129,34252,300000,0.6815504616364215,0.11417333333333334,7,323,0.56,3,1,0.18,1,0,0
USR3203,67,4,58020,336,89382,100000,1.5405377456049638,0.89382,1,222,0.47,1,1,0.48,1,1,0
USR3829,63,2,17398,174,13489,500000,0.7753190021841591,0.026978,2,265,0.35,3,0,0.29,1,0,0
USR4345,65,2,35238,38,48194,500000,1.367671263976389,0.096388,22,225,0.26,0,0,0.16,2,0,0
USR4618,49,3,58552,70,1000,200000,0.01707883590654461,0.005,10,182,1.0,0,1,0.41,2,0,0
USR7290,47,1,37021,125,15145,300000,0.4090921368952757,0.05048333333333333,2,584,0.97,2,0,0.58,0,1,0
USR7995,29,4,5230,60,2311,100000,0.4418738049713193,0.02311,3,244,0.56,0,0,0.05,2,1,0
USR2282,57,1,35238,41,79917,100000,2.267920994381066,0.79917,1,224,0.62,3,0,0.74,0,0,0
USR3481,54,2,38649,333,53161,300000,1.3754819012134856,0.17720333333333332,9,83,0.62,1,1,0.5,2,0,0
USR4565,65,1,39762,157,59845,500000,1.5050802273527488,0.11969,1,371,0.19,3,0,0.63,2,0,0
USR4089,58,2,29281,99,8017,300000,0.27379529387657525,0.026723333333333335,11,669,0.14,0,0,0.98,1,0,0
USR5168,63,0,42891,133,1000,200000,0.023314914550838173,0.005,16,69,0.61,0,1,0.16,1,0,0
USR6670,25,2,20361,261,25340,500000,1.2445361229802072,0.05068,6,589,0.08,0,1,0.46,2,0,0
USR5984,65,4,11753,216,1000,300000,0.08508465923593976,0.0033333333333333335,0,98,0.72,0,1,0.21,0,1,0
USR7828,19,3,32639,29,47807,300000,1.4647201201017188,0.15935666666666667,6,614,0.1,1,0,0.22,2,0,0
USR8833,46,2,48367,240,32935,300000,0.6809394835321604,0.10978333333333333,19,156,0.0,0,0,0.73,0,0,0
USR2963,43,3,34864,300,28077,300000,0.8053292794860027,0.09359,22,45,0.92,0,0,0.39,1,1,0
USR1932,43,2,57861,135,122242,300000,2.1126838457683066,0.40747333333333335,16,671,0.89,2,0,0.06,0,0,0
USR7408,29,2,42675,352,7027,200000,0.16466315172817808,0.035135,0,89,0.09,2,1,0.27,2,1,0
USR7404,18,3,43577,70,1000,300000,0.02294788535236478,0.0033333333333333335,2,413,0.55,3,0,0.44,0,0,0
USR8696,43,2,32513,153,35924,500000,1.1049118814012857,0.071848,26,232,0.69,3,1,0.44,0,0,0
USR1912,61,3,45244,236,19292,300000,0.42639908054106623,0.06430666666666666,2,332,0.38,1,1,0.07,1,0,0
USR6215,53,1,5753,262,11233,200000,1.9525464974795759,0.056165,2,201,0.64,0,0,0.42,2,0,0
USR5536,24,2,40195,126,47523,500000,1.1823112327403906,0.095046,9,405,0.93,3,0,0.99,0,0,0
USR5421,53,3,8281,171,10879,500000,1.3137302258181378,0.021758,12,309,0.48,2,0,0.39,0,1,0
USR3878,49,0,55758,244,36995,500000,0.6634922342982172,0.07399,5,71,0.89,3,1,0.85,1,0,0
USR5029,66,1,46313,10,19155,200000,0.41359877356249863,0.095775,23,676,0.61,0,0,0.55,2,1,0
USR4313,60,4,50905,10,99359,100000,1.9518514880660054,0.99359,1,300,0.18,1,0,0.82,0,0,0
USR7721,62,2,55368,171,1000,500000,0.01806097384770987,0.002,1,461,0.52,3,0,0.16,2,1,0
USR6385,40,0,49691,263,18157,200000,0.36539816063271013,0.090785,1,519,0.18,3,0,0.59,0,1,0
USR3738,31,4,18554,282,14746,500000,0.7947612374690094,0.029492,21,332,0.76,2,1,0.58,1,0,0
USR8061,52,0,31165,361,26001,500000,0.8343012995347345,0.052002,17,575,0.86,0,0,0.02,2,0,0
USR8978,44,0,59076,102,93681,100000,1.585770871419866,0.93681,22,210,0.61,2,1,0.93,0,1,0
USR4066,36,4,21605,228,36247,500000,1.677713492247165,0.072494,9,88,0.03,0,0,0.08,0,0,0
USR8535,29,0,17501,215,1000,100000,0.05713959202331295,0.01,12,18,0.56,1,0,0.23,0,0,0
USR6859,29,3,57086,165,73766,500000,1.2921907297761273,0.147532,6,183,0.1,0,0,0.12,2,0,0
USR9982,42,2,21855,328,25729,100000,1.177259208419126,0.25729,5,529,0.12,1,0,0.94,2,0,0
USR5887,44,1,22738,218,49391,500000,2.1721787316386667,0.098782,8,670,0.49,0,1,0.66,0,0,0
USR9608,45,1,22456,219,33058,300000,1.4721232632703953,0.11019333333333334,9,268,0.76,3,0,0.36,0,0,0
USR6038,66,3,28488,26,28365,500000,0.9956823925863522,0.05673,0,511,0.33,3,0,0.39,0,0,0
USR3468,40,4,5739,131,7577,100000,1.320264854504269,0.07577,22,333,0.61,1,0,0.55,2,0,0
USR7771,24,1,18185,365,22993,100000,1.264393731097058,0.22993,6,625,0.04,1,0,0.45,2,0,0
USR6100,35,1,5001,345,1472,500000,0.2943411317736453,0.002944,0,219,0.63,3,1,0.04,0,1,0
USR3856,39,1,54076,214,89525,300000,1.6555403506176491,0.29841666666666666,9,629,0.27,1,0,0.17,0,1,0
USR6398,64,1,23082,204,20387,200000,0.8832423533489299,0.101935,16,671,0.15,3,0,0.44,0,1,0
USR1395,59,1,47891,73,86964,500000,1.8158735461777786,0.173928,3,356,0.73,0,0,0.47,2,0,0
USR8781,31,2,5741,151,2842,100000,0.4950357080647971,0.02842,3,138,0.44,2,0,0.74,0,0,0
USR8861,53,4,26202,331,34691,100000,1.3239829020685443,0.34691,3,433,0.16,0,0,0.33,0,0,0
USR7923,47,5,35938,29,18231,500000,0.5072903333518838,0.036462,2,489,0.53,1,0,0.28,0,0,0
USR1071,44,5,44230,52,81574,200000,1.8443138141532895,0.40787,10,232,0.43,1,0,0.07,0,0,0
USR3999,51,2,43215,73,71810,200000,1.6616915422885572,0.35905,2,535,0.51,3,0,0.32,0,0,0
USR5370,26,1,26441,74,36047,100000,1.3632994213532015,0.36047,4,100,0.27,2,0,0.22,1,0,0
USR7151,70,1,43433,39,45818,300000,1.0549121635622682,0.15272666666666668,0,297,0.47,0,0,0.12,0,0,0
USR6662,53,2,18104,81,35285,300000,1.9490167918692,0.11761666666666666,4,66,0.87,1,0,0.66,0,0,0
USR5922,46,4,49213,249,9774,100000,0.1986060593745555,0.09774,0,468,0.69,1,0,0.59,0,0,0
USR9380,40,1,39729,332,39663,300000,0.9983387449973571,0.13221,2,472,0.29,1,1,0.93,0,0,0
USR5078,45,0,6688,213,5174,500000,0.7736244019138756,0.010348,9,622,0.15,0,1,0.47,0,0,0
USR3296,39,4,54461,81,65587,100000,1.2042929802978277,0.65587,8,222,0.89,1,0,0.88,1,1,0
USR2016,44,1,16422,297,4297,500000,0.2616611862136159,0.008594,9,495,0.06,0,0,0.9,0,0,0
USR3144,20,1,26927,18,17267,300000,0.6412522746685483,0.057556666666666666,5,127,0.52,0,0,0.8,1,0,0
USR3108,20,3,9268,165,5975,200000,0.6446914113077256,0.029875,14,626,0.15,2,1,0.87,1,0,0
USR5430,37,1,10642,230,12931,100000,1.2150911482803983,0.12931,10,215,0.35,0,0,0.87,1,0,0
USR2291,26,2,10650,11,1000,100000,0.09389671361502347,0.01,4,93,0.45,1,0,0.76,1,0,0
USR8718,38,1,55288,314,36690,100000,0.6636159745333526,0.3669,5,255,0.31,0,0,0.68,2,0,0
USR2394,37,0,29683,6,28995,200000,0.9768217498231311,0.144975,0,501,0.21,3,1,0.09,1,0,0
USR8730,46,2,28880,19,32559,300000,1.1273891966759002,0.10853,3,191,0.03,2,1,0.44,0,0,0
USR8281,50,3,45636,216,25772,300000,0.5647295994390393,0.08590666666666667,1,601,0.19,3,0,0.5,0,0,0
USR9976,65,4,30025,96,2257,100000,0.0751706910907577,0.02257,13,625,0.05,0,0,0.63,2,1,0
USR1085,63,2,45478,233,44914,500000,0.9875983992259993,0.089828,1,481,0.8,0,0,0.65,0,0,0
USR4206,24,3,29536,227,18318,100000,0.6201923076923077,0.18318,13,428,0.49,0,0,0.79,1,0,0
USR5721,46,2,7415,270,13711,100000,1.8490896830748482,0.13711,14,203,0.6,1,1,0.71,0,1,1
USR7553,37,2,25822,168,35845,300000,1.3881573851754319,0.11948333333333333,2,259,0.01,2,0,0.18,0,0,0
USR4098,35,3,57623,118,36254,500000,0.6291584957395484,0.072508,10,196,0.82,2,0,0.86,0,0,0
USR1800,70,2,20375,32,16772,500000,0.8231656441717792,0.033544,1,473,0.26,2,0,0.36,1,0,0
USR7156,70,2,14595,216,17469,200000,1.1969167523124358,0.087345,4,582,0.66,0,0,0.96,0,1,0
USR6461,36,0,27165,258,41473,200000,1.5267071599484632,0.207365,6,149,0.73,2,1,0.62,1,0,0
USR9766,41,0,36334,295,36476,200000,1.0039081851709144,0.18238,2,114,0.65,0,1,0.76,2,0,0
USR2192,50,0,48223,291,52884,500000,1.0966551230740518,0.105768,9,64,0.67,2,0,0.99,2,0,0
USR1969,45,1,5148,147,1398,500000,0.2715617715617716,0.002796,17,287,0.39,1,0,0.29,0,0,0
USR6791,54,2,7363,53,9987,200000,1.3563764769794922,0.049935,4,664,0.98,1,0,0.84,0,1,0
USR6780,23,3,57100,231,65820,200000,1.1527145359019264,0.3291,0,23,0.6,1,0,0.65,2,0,0
USR3018,51,2,23531,333,9274,300000,0.39411839700820195,0.030913333333333334,10,423,0.67,2,1,0.01,0,1,0
USR8885,26,4,48304,260,22791,300000,0.4718242795627691,0.07597,4,325,0.74,3,0,0.9,2,0,0
USR8441,43,2,39055,115,16035,200000,0.41057483036743053,0.080175,0,154,0.64,3,0,0.13,1,0,0
USR6888,58,6,42280,88,84836,100000,2.0065279091769157,0.84836,4,175,1.0,0,0,0.71,1,0,1
USR6716,19,3,32559,129,46218,200000,1.4195153413802635,0.23109,10,431,0.52,1,0,0.91,0,0,0
USR1367,47,1,45755,160,84254,200000,1.8414162386624413,0.42127,29,47,0.29,1,1,1.0,2,0,1
USR7755,45,1,23767,284,51235,100000,2.1557201161274033,0.51235,14,436,0.84,0,0,0.71,0,0,1
USR1511,60,1,19379,70,33539,500000,1.7306878579906084,0.067078,4,318,0.91,1,0,0.23,0,1,0
USR6754,25,3,33222,274,1021,200000,0.030732647041117334,0.005105,0,360,0.69,1,1,0.78,2,0,0
USR1870,36,2,28857,247,69264,100000,2.4002495061856743,0.69264,8,511,0.24,0,1,0.01,2,0,0
USR3330,52,1,58646,215,122754,500000,2.0931350816764995,0.245508,0,661,0.77,2,0,0.33,0,0,0
USR1183,22,2,9075,229,8507,200000,0.9374104683195592,0.042535,6,675,0.64,1,0,0.8,0,0,0
USR2398,23,1,38679,302,13609,200000,0.3518446702344942,0.068045,17,464,0.68,1,0,0.11,0,0,0
USR8691,56,1,20601,331,9064,300000,0.4399786418135042,0.03021333333333333,15,183,0.12,2,1,0.83,2,0,0
USR5736,32,1,46475,10,76974,500000,1.65624529316837,0.153948,4,395,0.46,0,0,0.57,1,0,0
USR4804,45,3,20073,43,10714,200000,0.5337518059084342,0.05357,0,434,0.55,1,0,0.68,1,0,0
USR7121,38,0,47032,276,47334,500000,1.006421160061235,0.094668,7,514,0.17,2,0,0.33,2,0,0
USR6839,20,1,59463,115,46754,100000,0.7862704538956998,0.46754,4,390,0.29,3,0,0.34,2,0,0
USR2773,68,1,44001,335,81227,100000,1.8460262266766665,0.81227,1,245,0.47,0,1,0.15,0,0,0
USR4294,33,1,53879,96,93117,500000,1.7282614747860947,0.186234,10,375,0.01,2,0,0.88,0,0,0
USR9413,69,4,50802,3,96278,500000,1.895161607810716,0.192556,20,227,0.66,0,0,0.86,1,0,0
USR1409,61,2,59490,269,47843,300000,0.8042191965036141,0.15947666666666666,23,363,0.15,3,0,0.74,0,0,0
USR4077,20,3,41984,20,70434,500000,1.6776391006097562,0.140868,2,562,0.49,0,0,0.32,0,0,0
USR2135,18,2,7472,305,8363,500000,1.119245182012848,0.016726,26,279,0.78,1,1,0.27,2,1,0
USR7839,27,0,27955,157,27324,300000,0.9774280093006618,0.09108,9,234,0.82,3,0,0.77,1,0,0
USR1040,59,2,58094,283,87747,500000,1.5104313698488656,0.175494,0,194,0.96,0,0,0.9,0,0,0
USR8963,70,0,23134,336,10884,300000,0.47047635514826663,0.03628,3,550,0.1,0,0,0.38,0,1,0
USR7775,20,4,57831,54,23538,300000,0.4070135394511594,0.07846,4,220,0.36,0,1,0.98,0,0,0
USR4037,31,1,41861,137,32307,100000,0.7717684718473041,0.32307,11,20,0.31,0,1,0.39,0,0,0
USR8330,41,1,39341,277,13465,300000,0.342263796039755,0.04488333333333333,8,598,0.46,3,0,0.01,0,0,0
USR9820,25,2,6049,321,4452,500000,0.7359894197387998,0.008904,0,534,0.2,1,0,0.36,1,1,0
USR4253,47,0,36149,205,75123,500000,2.07814877313342,0.150246,4,431,0.45,3,0,0.85,1,0,0
USR3188,37,3,20032,147,8126,500000,0.40565095846645366,0.016252,16,155,0.33,1,0,0.27,1,0,0
USR2815,65,2,45452,125,77302,300000,1.7007392413975182,0.2576733333333333,9,184,0.99,1,0,0.61,1,0,0
USR1569,19,3,7604,275,13096,500000,1.7222514466070489,0.026192,11,534,0.61,1,1,0.53,2,0,0
USR1120,29,2,47001,268,73700,200000,1.568051743579924,0.3685,1,619,0.33,0,0,0.06,0,0,0
USR6362,33,1,15420,39,11868,300000,0.7696498054474709,0.03956,4,117,0.26,0,0,0.49,1,0,0
USR5229,48,3,41077,350,36418,300000,0.8865788640845241,0.12139333333333334,4,25,0.8,1,0,0.48,2,0,0
USR9167,41,1,32080,156,14975,300000,0.4668017456359102,0.049916666666666665,7,113,0.05,2,0,0.8,1,0,0
USR8083,66,3,6381,18,4344,200000,0.6807710390220969,0.02172,12,24,0.34,1,0,0.2,0,0,0
USR2048,22,3,30386,269,46811,100000,1.5405449878233397,0.46811,4,167,0.81,2,0,0.31,0,0,0
USR7271,23,2,52184,162,95465,500000,1.8293921508508355,0.19093,15,384,0.72,3,0,0.26,0,1,1
USR2287,65,3,28013,15,23975,100000,0.8558526398457859,0.23975,7,544,0.21,0,1,0.52,2,1,0
USR5358,28,3,15237,133,9381,500000,0.6156723764520575,0.018762,9,519,0.84,0,0,0.6,0,0,0
USR4426,52,2,22019,292,15523,300000,0.7049820609473636,0.051743333333333336,2,629,0.36,0,0,0.85,0,1,0
USR2173,27,2,40264,196,54071,500000,1.3429117822372343,0.108142,10,109,0.02,0,0,0.05,1,0,0
USR1138,47,3,7681,282,6645,200000,0.865121728941544,0.033225,24,600,0.95,0,0,0.52,0,0,0
USR7828,62,2,55437,141,74191,300000,1.3382939192236232,0.24730333333333332,13,170,0.62,1,1,0.85,0,0,0
USR6410,18,2,24633,146,17145,300000,0.6960175374497625,0.05715,6,107,0.32,0,0,0.83,1,0,0
USR4859,55,0,43866,288,30524,300000,0.6958464414352802,0.10174666666666667,16,367,0.99,0,0,0.23,2,0,0
USR5447,45,1,18682,111,40639,100000,2.1753024301466652,0.40639,2,169,0.69,3,0,0.87,1,0,0
USR4508,28,4,14094,136,18739,100000,1.3295728678870442,0.18739,14,626,0.19,0,0,0.73,1,0,0
USR5455,19,3,45654,68,60435,100000,1.3237613352608752,0.60435,4,348,0.97,0,0,0.12,1,0,0
USR8715,19,1,20151,311,15303,100000,0.7594164061336907,0.15303,14,685,0.07,1,1,0.46,2,1,0
USR3451,30,1,45743,280,41161,100000,0.8998316682333909,0.41161,19,291,0.9,0,0,0.8,2,1,0
USR5628,67,2,16382,296,24343,500000,1.4859602002197534,0.048686,11,395,0.84,1,0,0.9,2,0,0
USR9993,36,3,56730,58,9745,500000,0.17177860038780188,0.01949,2,221,0.86,1,0,0.75,0,0,0
USR9877,70,2,19577,249,25424,100000,1.2986668028809316,0.25424,0,135,0.83,3,0,0.31,1,0,0
USR8375,19,1,55390,229,1000,200000,0.018053800324968405,0.005,7,595,0.7,1,0,0.41,1,0,0
USR3777,65,2,18831,71,17577,500000,0.9334076788274653,0.035154,4,563,0.31,2,0,0.56,0,0,0
USR7474,60,0,14923,132,12200,100000,0.8175299872679757,0.122,4,689,0.33,0,0,0.5,2,0,0
USR9165,40,0,34989,52,14612,200000,0.41761696533196146,0.07306,2,260,0.74,3,0,0.77,1,0,0
USR7952,50,2,49815,297,34197,200000,0.6864799759108702,0.170985,4,9,0.7,3,0,0.39,0,0,0
USR2899,27,1,14429,78,14061,500000,0.974495807055236,0.028122,3,7,0.34,1,0,0.8,2,1,0
USR2264,22,0,17872,272,12945,500000,0.7243173679498657,0.02589,3,686,0.71,2,1,0.13,1,0,0
USR5630,67,4,40194,154,33782,100000,0.8404737025426681,0.33782,13,195,0.96,1,0,0.68,0,0,0
USR6234,26,2,13672,105,17838,200000,1.3047103569338794,0.08919,5,353,0.25,1,1,0.99,2,0,0
USR2612,64,1,35612,4,40041,500000,1.124368190497585,0.080082,3,268,0.24,2,0,0.28,0,0,0
USR9665,56,5,43402,214,48521,500000,1.117943873554214,0.097042,0,388,0.09,1,1,0.16,2,0,0
USR4793,64,3,48016,262,100898,300000,2.101341219593469,0.33632666666666666,13,306,0.34,1,0,0.77,0,0,0
USR7858,49,0,5992,200,2502,300000,0.4175567423230975,0.00834,6,334,0.14,0,0,0.36,0,0,0
USR3461,57,0,21854,312,12217,100000,0.55902809554315,0.12217,10,113,0.27,0,1,0.92,0,0,0
USR4296,33,5,37085,317,16793,500000,0.4528245921531617,0.033586,11,372,0.78,0,0,0.03,0,0,0
USR6849,29,2,27432,321,32355,500000,1.179461942257218,0.06471,8,317,0.91,1,1,0.12,2,0,0
USR9104,67,1,56026,41,63773,500000,1.138275086566951,0.127546,10,564,0.4,1,1,1.0,0,0,0
USR3647,46,1,48886,189,1000,500000,0.02045575420365749,0.002,6,203,0.7,1,0,0.18,0,0,0
USR3237,26,4,59560,215,56842,100000,0.9543653458697112,0.56842,4,108,0.85,3,0,0.1,0,1,0
USR4969,51,1,23069,189,12975,500000,0.56244310546621,0.02595,4,480,0.71,0,0,0.4,1,0,0
USR3004,29,5,52984,47,66800,300000,1.2607579646685791,0.22266666666666668,11,5,0.15,0,0,0.61,2,0,0
USR1382,24,1,7560,347,12729,200000,1.6837301587301587,0.063645,9,37,0.44,3,0,0.95,2,0,0
USR4534,39,2,41806,234,4467,100000,0.10685069128833181,0.04467,1,545,0.64,3,0,0.46,1,0,0
USR7934,21,2,48052,229,38160,300000,0.7941396820111546,0.1272,15,597,0.69,0,1,0.3,0,0,0
USR7331,50,4,25134,259,34613,500000,1.3771385374393252,0.069226,4,336,0.67,0,0,0.26,0,0,0
USR3545,32,0,24624,13,1000,300000,0.04061078622482131,0.0033333333333333335,7,473,0.68,1,0,0.77,0,0,0
USR1579,41,1,41384,179,37463,500000,0.9052532379663638,0.074926,3,312,0.6,2,1,0.21,2,1,0
USR7977,33,1,6725,64,3332,300000,0.49546468401486987,0.011106666666666667,5,440,0.51,0,0,0.33,0,0,0
USR9860,70,2,26836,262,39757,100000,1.481480101356387,0.39757,7,631,0.36,1,0,0.98,1,1,0
USR2515,48,2,48039,205,50681,100000,1.0549969816191012,0.50681,3,628,0.73,0,0,0.89,0,0,0
USR1199,30,1,42021,222,32720,100000,0.7786582899026677,0.3272,7,500,0.82,3,0,0.04,0,0,0
USR8664,32,1,17798,277,10587,200000,0.5948421170918081,0.052935,4,223,0.59,0,0,0.13,0,1,0
USR2323,30,3,54411,347,34212,500000,0.628769917847494,0.068424,5,336,0.33,2,0,0.8,2,0,0
USR2158,18,4,39459,70,37982,100000,0.9625687422387795,0.37982,23,412,0.94,1,0,0.9,0,0,0
USR7810,61,8,26810,107,11423,300000,0.42607236105930624,0.03807666666666667,1,444,0.12,1,0,0.05,0,0,0
USR4394,64,2,39703,137,56091,500000,1.4127647784802155,0.112182,2,77,0.1,3,0,0.6,0,0,0
USR6426,61,3,46147,106,33993,200000,0.7366242659327801,0.169965,3,28,0.1,0,0,0.17,0,1,0
USR6080,37,1,21771,320,10397,200000,0.47756189426301043,0.051985,5,600,0.8,1,0,0.48,2,0,0
USR9375,44,7,16474,301,21005,100000,1.2750394561126623,0.21005,3,547,0.9,0,0,0.92,0,0,0
USR6229,47,3,28161,239,34610,100000,1.2290046518234439,0.3461,9,474,0.85,1,1,0.75,0,0,0
USR6151,47,4,17927,281,17867,500000,0.9966530930997936,0.035734,17,605,0.23,1,0,0.23,0,0,0
USR2728,47,1,44543,166,59753,500000,1.3414677951642233,0.119506,2,165,0.43,0,1,0.46,1,0,0
USR7095,31,1,29129,176,1000,100000,0.034330049091970204,0.01,5,205,0.41,1,0,0.33,2,0,0
USR4889,69,1,27888,341,20581,500000,0.7379876649454963,0.041162,10,251,0.04,2,0,0.18,2,0,0
USR3553,25,1,41486,214,88890,200000,2.1426505327098297,0.44445,1,52,0.75,0,1,0.4,0,0,0
USR5775,49,2,33718,223,39915,100000,1.1837890740850585,0.39915,12,441,0.81,3,0,0.52,2,1,0
USR1202,32,6,38820,61,20961,500000,0.5399536321483771,0.041922,22,342,0.06,0,1,0.49,2,0,0
USR2445,36,1,38235,284,21844,200000,0.5713090100693082,0.10922,6,695,0.57,1,0,0.52,0,0,0
USR8651,58,0,42656,152,85769,500000,2.010713615903976,0.171538,5,138,0.02,3,1,0.22,0,0,0
USR2805,68,1,43708,227,55857,500000,1.2779582685091975,0.111714,12,52,0.87,0,0,0.05,1,0,0
USR7438,36,4,46108,298,17591,500000,0.38151730719181054,0.035182,31,596,0.01,1,0,0.48,0,1,0
USR9543,37,5,32806,264,40628,200000,1.238431994147412,0.20314,1,282,0.49,1,1,0.1,1,0,0
USR4676,44,4,11863,289,25098,300000,2.115653713225997,0.08366,0,514,0.23,1,1,0.93,0,1,1
USR1684,62,1,46439,75,54571,500000,1.1751114365081075,0.109142,5,172,0.35,0,0,0.84,0,0,0
USR2911,50,1,49404,14,83299,100000,1.6860780503602948,0.83299,3,626,0.15,1,0,0.56,2,1,0
USR8151,35,1,14727,272,10964,200000,0.7444829225232567,0.05482,14,594,0.4,0,1,0.17,0,0,0
USR6861,31,5,25554,248,19486,200000,0.7625420677780387,0.09743,9,275,0.22,1,1,0.31,2,0,0
USR9847,38,2,33055,228,54623,200000,1.6524882771139011,0.273115,28,306,0.45,0,0,0.95,1,1,1
USR6327,32,1,35654,245,1000,300000,0.028047343916531103,0.0033333333333333335,7,637,0.31,2,0,0.47,0,0,0
USR2869,53,4,30632,247,27276,500000,0.8904413685035257,0.054552,18,638,0.92,3,1,0.79,2,0,0
USR3961,39,3,48951,262,8352,200000,0.17061959919102776,0.04176,14,466,0.08,1,0,0.71,0,0,0
USR8726,58,2,35771,75,19125,200000,0.5346509742528864,0.095625,14,360,0.38,3,0,0.49,1,0,0
USR2631,32,1,17685,56,24815,500000,1.4031665253039298,0.04963,3,340,0.78,0,1,0.68,1,0,0
USR7009,32,3,11581,32,9576,100000,0.8268716000345393,0.09576,10,433,0.01,1,1,0.03,1,0,0
USR3028,35,0,20095,42,9979,500000,0.4965911918387659,0.019958,3,112,0.2,1,0,0.76,0,0,0
USR5653,29,5,8440,145,9576,300000,1.1345971563981043,0.03192,15,23,0.38,1,0,0.18,2,0,0
USR2516,41,1,26531,351,22273,200000,0.8395084994911612,0.111365,5,12,0.09,0,0,0.28,1,0,0
USR3974,40,0,51416,168,36060,200000,0.7013381048700793,0.1803,10,314,0.92,3,0,0.67,2,1,0
USR6908,34,6,6395,227,9207,200000,1.439718530101642,0.046035,22,250,0.82,3,1,0.82,2,0,0
USR9658,57,1,31726,287,41600,300000,1.3112273844796067,0.13866666666666666,5,42,0.58,0,0,0.29,0,0,0
USR2542,22,3,12539,80,13860,300000,1.105351303931733,0.0462,1,219,0.95,1,0,0.54,1,1,0
USR6248,23,3,49082,106,52091,200000,1.0613055702701601,0.260455,7,581,0.84,0,0,0.49,0,1,0
USR2394,30,2,47644,201,66994,300000,1.4061371841155235,0.22331333333333334,0,648,0.05,3,0,0.29,0,0,0
USR4243,66,2,31696,119,41496,100000,1.3091872791519434,0.41496,11,401,0.72,0,0,0.36,0,0,0
USR7386,63,4,31783,342,37105,500000,1.167448006796086,0.07421,11,11,0.94,0,0,0.74,2,1,0
USR9651,32,1,6243,242,7176,300000,1.149447381066795,0.02392,20,330,0.33,0,0,0.19,2,0,0
USR6294,62,3,32219,285,30671,300000,0.9519538160712623,0.10223666666666667,2,587,0.79,0,0,0.97,1,0,0
USR3435,42,1,59875,42,1000,300000,0.016701461377870562,0.0033333333333333335,10,353,0.96,1,0,0.66,2,0,0
USR6698,48,1,55087,89,71374,100000,1.2956595930074246,0.71374,0,672,0.44,1,1,0.55,0,0,0
USR9910,54,3,57604,341,64743,200000,1.12393236580793,0.323715,5,674,0.77,2,0,0.02,0,1,0
USR1090,68,2,57964,232,53167,300000,0.9172417362500863,0.17722333333333334,3,358,0.21,0,0,0.58,1,0,0
USR3971,63,3,33777,143,32339,100000,0.9574266512715753,0.32339,0,638,0.71,0,0,0.58,0,1,0
USR1143,41,2,24046,316,38244,100000,1.5904516343674624,0.38244,6,558,0.82,1,1,0.25,0,0,0
USR8345,58,2,9471,265,21228,200000,2.241368387709851,0.10614,0,643,0.21,0,0,0.93,1,0,0
USR5648,24,4,27303,238,5387,200000,0.1973043255319928,0.026935,15,357,0.29,0,1,0.96,0,0,0
USR1666,56,2,20685,12,20664,500000,0.9989847715736041,0.041328,4,189,0.74,2,0,0.78,2,0,0
USR7652,69,1,24678,88,4187,300000,0.16966528892130642,0.013956666666666666,3,134,0.59,3,0,0.52,1,1,0
USR1458,39,3,23834,106,38004,300000,1.5945288243685491,0.12668,13,654,0.06,1,0,0.53,0,0,0
USR5157,50,1,51138,218,33421,100000,0.6535453087723415,0.33421,3,548,0.37,1,0,0.75,0,0,0
USR8770,52,4,31056,144,50265,200000,1.6185278207109737,0.251325,10,158,0.79,0,0,0.15,0,0,0
USR8653,50,1,12959,175,12941,200000,0.9986110039354889,0.064705,8,209,0.86,3,0,0.19,2,0,0
USR5994,39,3,13216,119,8789,100000,0.6650272397094431,0.08789,15,396,0.06,0,0,0.64,0,0,0
USR6258,29,3,37823,333,38527,100000,1.0186130132459086,0.38527,18,134,0.46,0,1,0.16,2,0,0
USR2518,38,1,19272,304,23360,200000,1.2121212121212122,0.1168,4,566,0.15,0,0,0.88,2,1,0
USR2506,30,1,24658,325,1000,500000,0.04055478952064239,0.002,10,240,0.91,3,0,0.8,2,0,0
USR1297,61,3,40783,241,63482,300000,1.556579947527156,0.21160666666666667,6,623,0.88,0,0,0.15,1,0,0
USR4190,52,0,30944,219,24661,500000,0.796955791106515,0.049322,5,623,0.25,3,0,0.58,0,0,0
USR4835,70,2,42943,121,20324,200000,0.4732785320075449,0.10162,4,456,0.07,1,0,0.09,1,1,0
USR2219,24,2,40318,56,1000,100000,0.02480281760007937,0.01,15,220,0.17,0,0,0.7,0,1,0
USR8895,39,2,51254,2,69506,300000,1.3561087915089554,0.23168666666666668,8,446,0.14,0,0,0.18,1,0,0
USR4288,43,1,54307,137,16264,100000,0.2994825713075662,0.16264,15,363,0.88,0,0,0.18,0,1,0
USR7840,25,0,47436,338,47791,200000,1.0074837676026647,0.238955,8,99,0.43,1,1,0.37,0,0,0
USR9015,44,1,39110,129,37036,300000,0.946970084377397,0.12345333333333333,6,427,0.69,2,0,0.5,0,0,0
USR1695,56,5,34546,15,69331,500000,2.006918311816129,0.138662,7,358,0.27,1,1,0.94,0,0,0
USR3753,25,1,7016,238,7370,200000,1.0504561003420751,0.03685,0,576,0.86,2,0,0.02,1,0,0
USR1690,39,4,33375,202,39657,500000,1.1882247191011237,0.079314,5,502,0.06,0,0,0.63,0,0,0
USR9607,28,1,10959,345,19447,300000,1.7745232229217995,0.06482333333333333,10,268,0.53,1,0,0.6,0,0,0
USR4223,23,0,50242,91,69149,300000,1.3763186178894153,0.23049666666666666,10,406,0.24,2,0,0.66,0,0,0
USR2965,42,0,20853,214,17087,200000,0.819402484055052,0.085435,3,349,0.25,1,0,0.55,1,0,0
USR9852,66,3,42394,71,14670,100000,0.3460395338963061,0.1467,1,175,0.6,0,0,0.2,2,1,0
USR2990,68,2,6635,46,3524,100000,0.53112283345893,0.03524,12,149,0.68,0,0,0.29,1,0,0
USR3817,32,0,12445,111,11630,500000,0.9345118521494576,0.02326,3,678,0.47,1,0,0.57,1,1,0
USR8497,28,5,48005,50,30012,500000,0.6251848765753567,0.060024,8,597,0.19,0,0,0.51,0,0,0
USR1042,34,3,13095,139,4406,200000,0.3364642993508973,0.02203,17,419,0.32,1,1,0.46,2,0,0
USR6144,24,1,58822,202,20063,100000,0.34107986807657,0.20063,14,56,1.0,0,0,0.1,0,0,0
USR6130,54,2,55256,127,83253,100000,1.5066780078181554,0.83253,11,531,0.95,1,1,0.79,1,0,0
USR2893,25,4,36562,199,34841,100000,0.9529292708276352,0.34841,10,80,0.16,2,0,0.5,0,0,0
USR4659,43,2,36450,228,53126,200000,1.457503429355281,0.26563,18,681,0.72,0,0,0.9,1,0,0
USR5529,62,1,37515,170,1000,500000,0.026656004264960682,0.002,10,679,0.86,0,0,0.15,0,1,0
USR1900,63,1,48496,83,45639,500000,0.9410879247773012,0.091278,22,315,0.39,0,0,0.3,2,1,0
USR7995,60,6,29559,321,19195,500000,0.6493792076863223,0.03839,13,326,0.19,0,0,0.69,0,0,0
USR8015,30,1,16441,133,18820,200000,1.1446992275409038,0.0941,2,487,0.11,0,0,0.91,2,1,0
USR2671,67,2,37987,8,10779,200000,0.2837549688051175,0.053895,18,116,0.4,3,0,0.5,0,1,0
USR8469,34,1,14863,215,19109,100000,1.285675839332571,0.19109,4,250,0.54,0,0,0.16,0,1,0
USR2212,66,1,8679,115,2603,200000,0.29991934554672195,0.013015,15,484,0.34,1,1,0.13,1,0,0
USR8464,56,2,23879,174,7697,300000,0.32233343104820134,0.025656666666666668,2,82,0.0,0,0,0.27,1,0,0
USR8269,61,1,59150,148,78124,200000,1.320777683854607,0.39062,5,138,0.55,2,0,0.33,0,1,0
USR4555,42,0,21862,46,1275,300000,0.0583203732503888,0.00425,18,630,0.65,0,0,0.76,2,0,0
USR8320,67,2,25012,330,14917,100000,0.5963937310091156,0.14917,18,245,0.85,2,0,0.53,2,1,0
USR7457,64,0,34527,155,20952,100000,0.6068294378312625,0.20952,11,572,0.73,0,0,0.1,1,0,0
USR8328,40,1,49595,124,86403,100000,1.742171589878012,0.86403,9,271,0.7,0,1,0.18,2,1,0
USR8371,25,2,24233,148,24301,200000,1.002806090867825,0.121505,6,158,0.71,1,1,0.53,2,1,0
USR9533,36,5,16574,69,1369,100000,0.08259925184023169,0.01369,17,274,0.5,0,1,0.55,0,0,0
USR4483,50,2,36940,90,30347,500000,0.8215213860314022,0.060694,10,573,0.26,0,0,0.82,0,0,0
USR4601,38,3,45251,218,1000,500000,0.022098959139024554,0.002,6,146,0.56,2,0,0.3,0,0,0
USR5511,40,2,50976,301,80390,300000,1.577016635279347,0.2679666666666667,10,8,0.87,0,0,0.7,1,0,0
USR1814,56,1,37256,287,60248,500000,1.617135494953833,0.120496,2,552,0.07,0,0,0.54,0,0,0
USR9005,44,3,10321,300,17543,300000,1.6997383974421083,0.05847666666666667,13,259,0.36,0,0,0.78,1,0,0
USR5586,68,2,15086,150,12588,100000,0.8344160148482036,0.12588,4,397,0.26,1,0,0.12,1,1,0
USR8807,69,1,24509,220,1000,100000,0.04080133828389571,0.01,0,682,0.41,1,1,0.91,1,0,0
USR2410,40,1,25930,256,37944,300000,1.4633243347473968,0.12648,11,155,0.44,1,0,0.51,1,0,0
USR7665,37,2,18239,193,32318,200000,1.7719173200285103,0.16159,8,700,0.08,1,0,0.62,2,0,0
USR3234,40,2,30420,138,31418,100000,1.0328073635765944,0.31418,10,91,0.03,1,1,0.65,1,0,0
USR4161,60,2,14404,25,18124,300000,1.2582615940016662,0.06041333333333333,3,83,0.04,0,0,0.36,1,0,0
USR2538,68,4,53954,319,1000,500000,0.018534307002261184,0.002,12,380,0.64,3,0,0.69,1,1,0
USR6197,66,0,15582,268,5596,500000,0.35913233217815427,0.011192,21,399,0.43,2,1,0.55,0,0,0
USR5127,64,3,11332,190,11184,200000,0.9869396399576421,0.05592,6,488,0.92,1,0,0.91,2,1,0
USR8263,64,1,36724,5,93732,200000,2.5523363468031803,0.46866,16,336,0.19,0,1,0.35,0,0,0
USR7422,23,2,40399,46,1000,100000,0.024753087947721478,0.01,4,642,0.18,0,0,0.61,2,0,0
USR5979,47,1,18236,222,7901,100000,0.4332638736565036,0.07901,10,382,0.65,0,0,0.39,0,1,0
USR6674,50,2,48819,79,56152,500000,1.1502079108543806,0.112304,3,253,0.55,0,1,0.19,1,1,0
USR9279,30,5,38145,356,44208,500000,1.1589461266221,0.088416,6,554,0.37,0,0,0.69,0,0,0
USR8207,38,3,35928,6,46746,500000,1.3011022044088176,0.093492,16,694,0.06,1,0,0.84,0,0,0
USR6103,46,2,47216,281,41797,100000,0.8852295831921383,0.41797,2,363,0.65,2,0,0.21,1,0,0
USR6737,26,3,44157,254,102748,100000,2.3268790905179246,1.02748,6,131,0.83,0,0,0.22,1,0,0
USR2113,24,3,17832,279,28294,200000,1.5866980708838043,0.14147,1,281,0.51,1,0,0.27,2,1,0
USR3689,70,5,52101,16,28493,300000,0.5468800982706666,0.09497666666666667,21,642,0.86,1,0,0.14,0,0,0
USR6379,65,1,53577,304,37250,200000,0.6952610261866099,0.18625,16,694,0.91,3,1,0.55,1,1,0
USR4034,25,1,59145,341,172531,200000,2.91708512976583,0.862655,2,653,0.83,0,0,0.83,0,0,1
USR2272,56,1,52802,134,27847,200000,0.5273853263133972,0.139235,3,202,0.66,3,0,0.03,0,0,0
USR5813,63,1,54025,62,32775,500000,0.6066635816751504,0.06555,4,312,0.95,0,0,0.45,2,0,0
USR4800,67,4,40797,334,37372,300000,0.9160477486089663,0.12457333333333333,6,413,0.04,2,1,0.68,2,0,0
USR4059,49,2,44038,109,17174,200000,0.3899813797175167,0.08587,17,187,0.1,0,0,0.18,1,1,0
USR2254,41,3,46259,128,37049,200000,0.8009036079465618,0.185245,6,134,0.34,2,0,0.71,0,0,0
USR2367,36,3,18116,204,23041,100000,1.2718591300507838,0.23041,14,203,0.79,2,1,0.8,2,0,0
USR2984,48,3,34733,293,35130,500000,1.0114300521118245,0.07026,11,567,0.07,0,0,0.64,0,1,0
USR2874,37,1,32769,158,34456,100000,1.0514815832036375,0.34456,4,236,0.5,1,0,0.21,0,0,0
USR4455,29,1,5710,94,1000,100000,0.17513134851138354,0.01,5,126,0.55,0,0,0.76,1,0,0
USR9371,55,2,24088,304,21721,500000,0.9017353038857523,0.043442,7,506,0.68,2,0,0.14,2,1,0
USR7779,18,1,15385,280,5484,500000,0.3564510887227819,0.010968,3,139,0.24,2,0,0.42,0,0,0
USR6798,31,2,9237,319,3513,500000,0.3803182851575187,0.007026,4,17,0.09,2,1,0.62,0,0,0
USR8257,27,2,39321,359,34125,500000,0.867856870374609,0.06825,8,572,0.04,0,0,0.92,2,0,0
USR5406,67,2,22412,219,29123,500000,1.2994378011779404,0.058246,1,572,0.42,3,0,0.54,0,0,0
USR3537,47,0,58219,288,51066,200000,0.8771363300640684,0.25533,1,227,0.66,2,1,0.74,0,1,0
USR6494,40,1,19585,37,26216,100000,1.338575440388052,0.26216,21,648,0.95,2,0,0.51,0,0,0
USR6628,20,1,18307,142,9917,200000,0.5417053586059977,0.049585,1,21,0.43,0,0,0.35,2,0,0
USR7068,29,2,45091,48,23789,100000,0.5275775653678118,0.23789,11,333,0.62,1,0,0.7,1,0,0
USR7460,61,2,58201,225,36553,300000,0.628047628047628,0.12184333333333333,7,663,0.05,0,0,0.39,2,0,0
USR7940,27,0,5218,9,1000,500000,0.19164430816404754,0.002,2,569,0.11,2,0,0.88,2,0,0
USR9133,59,3,45879,306,67453,500000,1.4702369275703482,0.134906,0,557,0.38,0,1,0.47,0,0,0
USR3422,28,1,38128,66,56318,200000,1.4770772135963073,0.28159,16,667,0.75,0,0,0.08,0,0,0
USR9814,69,0,41617,179,35369,200000,0.8498690439003292,0.176845,2,639,0.16,0,0,0.85,1,0,0
USR2630,29,2,44164,8,41663,200000,0.9433701657458563,0.208315,10,409,0.41,0,0,0.88,1,1,0
USR6782,69,2,53640,9,48448,500000,0.9032065622669649,0.096896,6,302,0.92,0,0,0.3,0,0,0
USR7093,55,1,58024,296,65994,300000,1.1373569557424514,0.21998,10,271,0.99,1,1,0.74,0,0,0
USR7488,44,2,12406,87,13316,500000,1.0733516040625504,0.026632,6,638,0.72,1,1,0.69,1,1,0
USR1570,51,3,17349,330,27714,500000,1.59744077468442,0.055428,6,220,0.85,0,0,0.12,0,0,0
USR3567,32,2,15267,50,12264,100000,0.8033012379642366,0.12264,1,361,0.52,0,1,0.85,0,0,0
USR4619,52,1,50237,349,81087,200000,1.6140892171108943,0.405435,6,353,0.04,0,0,0.21,0,1,0
USR8998,68,4,28712,332,14918,200000,0.5195736974087489,0.07459,14,581,0.11,3,0,0.83,1,0,0
USR1170,32,3,22368,5,27168,500000,1.2145922746781115,0.054336,6,398,0.39,0,1,0.96,0,0,0
USR7396,54,2,25326,114,44466,200000,1.755745084103293,0.22233,5,560,0.55,3,1,0.1,1,0,0
USR9110,68,2,59018,278,11245,500000,0.19053509098918975,0.02249,18,191,0.55,2,0,0.87,2,1,0
USR6137,51,1,14644,171,16979,300000,1.1594509696804152,0.05659666666666667,21,284,0.88,1,0,0.5,2,1,0
USR9920,37,2,28949,24,8454,500000,0.2920308128087326,0.016908,12,241,0.97,3,1,0.31,0,1,0
USR7636,64,2,10883,68,9523,100000,0.8750344574106405,0.09523,9,330,0.39,1,0,0.14,0,0,0
USR3350,21,3,37837,106,39984,100000,1.0567433993181277,0.39984,6,195,0.09,3,1,0.85,1,0,0
USR2091,62,4,49436,279,103014,500000,2.083785095881544,0.206028,8,238,0.4,1,0,0.04,1,1,0
USR1246,19,2,54663,229,38814,100000,0.7100598210855606,0.38814,5,5,0.42,0,0,0.07,0,0,0
USR5728,67,3,31877,359,23343,500000,0.7322834645669292,0.046686,9,298,0.33,0,0,0.69,0,0,0
USR2603,19,1,20855,275,29934,500000,1.4353392471829298,0.059868,12,31,0.38,1,1,0.15,2,0,0
USR9954,63,2,45508,318,75653,500000,1.6624110046585217,0.151306,9,424,0.5,1,0,0.98,0,0,0
USR3606,47,2,41988,356,21421,500000,0.5101695722587406,0.042842,0,185,0.96,3,1,0.36,0,0,0
USR7171,46,0,26565,125,44398,500000,1.671296819122906,0.088796,3,473,0.98,0,0,0.05,0,1,0
USR3263,56,2,20698,119,1000,100000,0.04831384674847811,0.01,11,454,0.44,0,0,0.36,0,0,0
USR2772,56,1,38756,356,77977,300000,2.0119981422231397,0.25992333333333334,11,245,0.41,1,0,0.74,0,0,0
USR5480,66,0,18574,53,15874,200000,0.8546355120060299,0.07937,14,692,0.22,1,0,0.31,2,1,0
USR6196,67,4,13310,138,24622,500000,1.8498873027798648,0.049244,8,484,0.25,0,0,0.52,0,1,0
USR5224,32,1,33114,49,32098,300000,0.9693181131847557,0.10699333333333333,3,102,0.48,0,0,0.92,0,0,0
USR1287,52,0,45998,49,53430,300000,1.1615722422714032,0.1781,0,348,0.39,0,0,0.53,1,0,0
USR6288,57,1,17706,124,1000,100000,0.05647803004631199,0.01,3,551,0.05,3,1,0.09,2,0,0
USR1684,21,2,46383,307,10406,500000,0.22434943837181726,0.020812,8,406,0.68,0,1,0.09,0,0,0
USR3346,39,1,20307,152,27573,100000,1.3578076525336091,0.27573,5,315,0.46,2,0,0.53,0,0,0
USR4984,24,4,11025,225,1000,500000,0.09070294784580499,0.002,7,381,0.26,0,0,0.78,0,1,0
USR8707,29,3,26784,152,32192,500000,1.2019115890083631,0.064384,6,387,0.71,1,0,0.3,0,0,0
USR9828,40,0,17869,316,23799,300000,1.3318596451955902,0.07933,20,308,0.89,1,0,0.11,1,0,0
USR3794,23,1,57995,9,6650,300000,0.11466505733252867,0.022166666666666668,3,591,0.03,0,1,0.47,0,0,0
USR6007,59,1,45839,206,23938,200000,0.5222190710966644,0.11969,7,334,0.22,0,0,0.61,0,0,0
USR5904,43,3,22257,162,17527,100000,0.7874825897470459,0.17527,8,87,0.71,1,0,0.2,1,0,0
USR6110,61,2,26392,146,1000,200000,0.03789026977872082,0.005,4,44,0.16,3,0,0.19,0,0,0
USR1756,20,3,49036,357,101138,200000,2.0625254914756503,0.50569,7,462,0.64,2,1,0.45,2,0,0
USR6293,20,0,57390,43,84212,300000,1.4673636522042168,0.28070666666666666,15,601,0.17,0,0,0.11,0,1,0
USR8766,53,0,15634,16,19692,100000,1.2595624920046053,0.19692,8,323,0.39,0,0,0.51,1,0,0
USR4526,39,3,50628,127,11573,500000,0.2285889231255432,0.023146,7,436,0.31,0,0,0.51,0,0,0
USR2088,39,5,24841,218,3535,100000,0.14230506018276237,0.03535,2,287,0.68,1,0,0.19,0,0,0
USR6319,18,2,14422,92,24073,500000,1.6691859658854529,0.048146,0,16,0.66,0,1,0.56,0,0,0
USR5643,31,2,24476,323,22501,500000,0.9193087105736232,0.045002,5,354,0.52,3,0,0.99,1,0,0
USR4082,53,0,38267,238,13852,500000,0.36198290955653695,0.027704,8,184,0.33,0,0,0.8,0,1,0
USR9401,54,5,22008,316,33734,200000,1.532806252271901,0.16867,1,474,0.13,0,0,0.74,0,1,0
USR3863,35,2,8852,88,10945,300000,1.2364437415273384,0.03648333333333333,10,421,0.67,0,0,0.38,1,0,0
USR7628,68,0,48422,188,21912,200000,0.45252158109950025,0.10956,5,648,0.77,3,0,0.38,2,0,0
USR8471,20,1,16136,248,19043,300000,1.1801561725334655,0.06347666666666667,3,72,0.42,2,0,0.14,2,0,0
USR8197,39,3,58828,184,106749,500000,1.8145950907731012,0.213498,6,23,0.48,2,0,0.54,0,0,0
USR8630,26,2,35966,196,45194,200000,1.2565756547850748,0.22597,4,162,0.74,2,0,0.15,0,0,0
USR3496,20,1,22754,105,5477,200000,0.24070493100114265,0.027385,10,545,0.25,2,1,0.79,1,0,0
USR9218,25,3,40107,55,53249,100000,1.3276734734584985,0.53249,2,440,0.48,0,0,0.74,0,0,0
USR7312,33,2,44069,292,71749,200000,1.6281059247997458,0.358745,12,679,0.66,0,1,0.37,2,0,0
USR9925,70,4,49056,362,46111,100000,0.9399665688193085,0.46111,14,631,0.1,2,0,0.88,2,0,0
USR1568,29,2,42285,292,47760,500000,1.1294785384888257,0.09552,11,315,0.31,1,0,0.37,0,0,0
USR1193,49,4,48460,283,61740,500000,1.2740404457284358,0.12348,3,627,0.97,2,0,0.52,2,1,0
USR1930,33,1,14743,107,17348,300000,1.1766940242827104,0.057826666666666665,2,334,0.79,1,0,0.3,1,0,0
USR7374,27,0,12020,243,13288,300000,1.1054908485856905,0.04429333333333333,9,187,0.69,2,0,0.17,0,0,0
USR3359,39,2,10407,5,8541,200000,0.8206976073796484,0.042705,5,75,0.72,3,0,0.1,0,0,0
USR2298,57,2,26314,123,9903,100000,0.3763395910921943,0.09903,6,42,0.28,0,0,0.69,2,0,0
USR8624,54,0,26735,137,31141,200000,1.164802693098934,0.155705,4,377,0.31,1,0,0.07,1,1,0
USR9274,32,0,26557,213,27303,300000,1.0280905222728471,0.09101,11,642,0.1,1,0,0.45,0,0,0
USR8466,25,1,14376,105,1000,100000,0.06956037840845854,0.01,7,31,0.13,0,0,0.89,0,0,0
USR4187,68,1,33289,106,22653,100000,0.6804950584277089,0.22653,13,47,0.0,0,0,0.91,0,0,0
USR3362,57,1,30112,38,38296,100000,1.2717853347502657,0.38296,3,556,0.2,2,0,0.55,1,0,0
USR1194,20,1,10341,232,1000,200000,0.09670244657189826,0.005,2,292,0.28,1,1,0.22,2,0,0
USR4003,58,0,7094,236,1000,100000,0.14096419509444602,0.01,21,557,0.95,1,1,0.94,1,0,0
USR4830,61,2,51637,202,32176,500000,0.6231190812789279,0.064352,9,665,0.67,1,0,0.69,0,1,0
USR6518,59,2,37559,29,36199,100000,0.9637903032562102,0.36199,11,121,0.42,3,0,0.27,2,0,0
USR7306,31,3,54045,125,38646,300000,0.7150707743547045,0.12882,25,301,0.43,0,1,0.76,1,0,0
USR8746,18,2,25155,306,48013,500000,1.9086861458954483,0.096026,8,33,0.95,1,1,0.7,2,0,0
USR9160,20,0,23537,106,38524,300000,1.6367421506564133,0.12841333333333332,6,470,0.34,0,0,0.65,0,0,0
USR8662,35,3,8706,306,1000,500000,0.11486331265793706,0.002,11,93,0.11,1,0,0.57,0,0,0
USR1750,64,2,27093,271,24511,500000,0.9046986306426014,0.049022,4,294,0.44,1,0,0.87,1,0,0
USR1601,70,2,44034,97,24764,200000,0.5623836126629422,0.12382,8,499,0.87,1,0,0.83,1,0,0
USR5491,42,3,28596,205,37660,200000,1.316967408029095,0.1883,0,252,0.25,2,0,0.42,0,0,0
USR9969,56,1,54698,330,121592,300000,2.2229697612344146,0.40530666666666665,11,348,0.15,0,0,0.47,2,0,0
USR6241,53,0,17561,228,37137,100000,2.114742896190422,0.37137,1,668,0.49,3,0,0.35,1,1,0
USR2401,21,4,34225,320,51518,500000,1.50527392257122,0.103036,19,461,0.63,0,0,0.34,1,1,0
USR1119,65,4,47148,84,1000,300000,0.021209807414948673,0.0033333333333333335,8,402,0.35,1,1,0.71,0,0,0
USR5526,27,1,37081,94,76106,500000,2.0524257706102857,0.152212,10,322,0.95,1,0,0.91,0,1,1
USR9709,63,0,57197,8,47002,300000,0.8217563858244313,0.15667333333333333,6,654,0.96,1,0,0.7,2,0,0
USR8175,50,1,30450,355,24429,300000,0.8022660098522167,0.08143,0,633,0.03,3,0,0.78,1,0,0
USR9522,69,0,13457,133,8476,200000,0.6298580664338262,0.04238,8,528,0.27,1,1,0.82,1,1,0
USR8945,30,2,58887,16,105279,200000,1.7878139487492994,0.526395,3,686,0.3,1,0,0.27,2,0,0
USR6191,68,2,42230,108,104229,500000,2.4681269239876866,0.208458,9,243,0.75,0,1,0.1,0,0,0
USR2439,57,6,51794,183,71607,200000,1.3825346565239216,0.358035,10,565,0.59,1,1,0.58,0,0,0
USR6976,43,3,48518,277,87441,200000,1.8022383445319263,0.437205,6,435,0.04,0,0,0.35,2,0,0
USR7479,18,1,5514,244,1000,200000,0.18135654697134568,0.005,12,73,0.81,2,1,0.8,1,0,0
USR6431,23,1,28815,120,13154,500000,0.4564983515530106,0.026308,17,297,0.41,1,0,0.35,0,0,0
USR7682,19,4,41959,70,71094,300000,1.6943683119235444,0.23698,10,528,0.19,0,0,0.28,0,0,0
USR2932,61,2,50267,81,58238,500000,1.158573219010484,0.116476,3,265,0.65,2,0,0.53,0,0,0
USR8379,50,0,21999,70,1000,200000,0.045456611664166556,0.005,3,113,0.86,1,0,0.41,0,0,0
USR7960,47,2,7422,194,2770,500000,0.3732147669091889,0.00554,9,543,0.92,0,1,0.8,2,0,0
USR1262,66,1,11760,36,6220,200000,0.5289115646258503,0.0311,0,613,0.49,1,0,0.01,2,0,0
USR4080,23,5,57401,305,8185,100000,0.14259333461089527,0.08185,3,98,0.36,0,0,0.26,0,0,0
USR7016,65,0,27287,129,48346,500000,1.7717594458899844,0.096692,2,31,0.81,0,1,0.28,1,1,0
USR1853,58,4,27499,49,56486,300000,2.0541110585839486,0.18828666666666666,1,15,0.12,0,0,0.41,0,0,0
USR7719,44,1,56948,229,54358,500000,0.9545199129029992,0.108716,9,201,0.22,2,0,0.51,1,0,0
USR1889,39,3,57392,257,78938,200000,1.3754181767493727,0.39469,1,569,0.68,1,0,0.09,1,0,0
USR6702,26,2,42790,119,25673,100000,0.5999766300537509,0.25673,3,476,0.09,1,0,0.66,1,1,0
USR1326,48,3,16412,10,5558,300000,0.3386546429441872,0.018526666666666667,0,138,0.39,3,1,0.31,0,0,0
USR9393,69,2,29300,62,1561,200000,0.05327645051194539,0.007805,16,222,0.09,0,0,0.45,1,0,0
USR3207,26,2,26402,125,16787,200000,0.6358230437088099,0.083935,4,390,0.38,3,1,0.85,0,0,0
USR4278,67,0,54714,49,49524,200000,0.9051431077969075,0.24762,7,76,0.22,0,1,0.85,2,0,0
USR8168,37,2,36620,69,60668,300000,1.6566903331512834,0.20222666666666667,5,562,0.12,1,0,0.43,2,0,0
USR8092,60,1,6143,263,7131,300000,1.1608334689890933,0.02377,1,467,0.93,0,0,0.21,0,0,0
USR5751,18,2,17217,163,17800,300000,1.0338618806993087,0.059333333333333335,25,662,0.53,0,0,0.23,2,0,0
USR8166,64,2,22935,5,24959,100000,1.0882494004796164,0.24959,1,367,0.62,3,1,0.97,0,0,0
USR5440,62,1,57118,8,108094,200000,1.8924682236772996,0.54047,11,272,0.66,1,0,0.48,2,0,0
USR5834,53,0,36683,232,44002,300000,1.199520213722978,0.14667333333333332,0,85,0.68,0,1,0.32,0,0,0
USR3396,45,2,7455,329,14221,200000,1.9075788061703554,0.071105,18,244,0.73,2,0,0.01,0,0,0
USR5877,33,2,8763,141,4127,100000,0.47095743466849255,0.04127,18,221,0.1,0,0,0.61,0,0,0
USR9372,65,3,16997,106,10488,300000,0.6170500676589986,0.03496,4,141,0.62,2,1,0.34,1,0,0
USR2850,21,3,41777,316,34504,100000,0.8259089929865716,0.34504,0,308,0.18,2,0,0.33,1,0,0
USR6966,46,2,29166,332,45726,100000,1.56778440650072,0.45726,12,384,0.4,0,1,0.59,0,0,0
USR4883,54,1,55998,178,62408,300000,1.1144683738704955,0.20802666666666667,6,684,0.56,1,0,0.45,2,0,0
USR7888,62,1,52359,187,85248,300000,1.6281441585973757,0.28416,8,99,0.91,1,0,0.18,1,0,0
USR3246,48,2,7934,296,3623,100000,0.4566422989664734,0.03623,16,124,0.85,0,0,0.86,1,0,0
USR5074,64,1,23015,170,14347,100000,0.6233760590918966,0.14347,2,576,0.02,0,0,0.38,0,0,0
USR6644,21,1,45971,48,80638,300000,1.7541058493398012,0.26879333333333333,0,277,0.9,3,1,0.21,0,1,0
USR5126,69,1,19833,295,31731,200000,1.5999092421721373,0.158655,8,95,0.87,1,0,0.55,2,1,0
USR3449,64,6,18612,174,13087,100000,0.7031485063399957,0.13087,2,616,0.09,0,1,0.53,2,1,0
USR1558,62,2,18454,244,36000,300000,1.9507965752682346,0.12,6,466,0.75,0,0,0.17,1,0,0
USR8603,62,0,54599,136,14674,500000,0.26875950108976354,0.029348,16,187,0.71,1,0,0.58,0,0,0
USR1157,43,3,35267,232,19283,200000,0.546771769643009,0.096415,0,653,0.49,0,0,0.58,0,0,0
USR7166,42,0,59720,275,71293,200000,1.1937876758204957,0.356465,6,242,0.28,0,0,0.07,0,1,0
USR6651,60,2,17502,115,35108,200000,2.0059421780367956,0.17554,31,464,0.23,2,0,0.7,0,0,0
USR7044,37,0,15390,36,4671,200000,0.30350877192982456,0.023355,15,507,0.84,1,0,0.73,2,0,0
USR4940,48,2,45575,156,59423,200000,1.3038507953922107,0.297115,10,33,0.8,3,0,0.09,0,0,0
USR7925,58,2,52508,171,75814,300000,1.44385617429725,0.25271333333333335,1,322,0.65,0,1,0.84,2,0,0
USR5696,47,1,38074,204,75084,500000,1.972054420339339,0.150168,12,333,0.56,1,1,0.78,0,0,0
USR6671,19,5,5827,41,10868,300000,1.8651106916080316,0.036226666666666664,0,610,0.21,2,0,0.38,0,0,0
USR3340,24,1,41264,218,47033,200000,1.1398070957735555,0.235165,8,669,0.65,0,0,0.84,2,0,0
USR5953,68,2,59361,315,40512,300000,0.6824682872593116,0.13504,0,550,0.29,2,0,0.6,0,1,0
USR7980,51,3,28095,307,15960,300000,0.5680726107848372,0.0532,4,36,0.23,0,0,0.82,2,0,0
USR2194,35,1,42118,252,70322,200000,1.6696424331639679,0.35161,1,94,0.65,0,0,0.79,0,0,0
USR6380,30,2,10042,352,13190,300000,1.3134833698466442,0.04396666666666667,9,197,0.77,0,0,0.07,2,0,0
USR4371,32,1,14642,15,25341,100000,1.7307061876792789,0.25341,1,33,0.73,2,0,0.19,2,0,0
USR1289,68,1,47279,12,28591,200000,0.6047293724486559,0.142955,2,455,0.29,3,0,0.73,2,0,0
USR8776,63,2,17930,284,35566,200000,1.9836029001673174,0.17783,0,177,0.52,2,0,0.01,0,0,0
USR6764,65,1,37029,17,49815,500000,1.3452969294336872,0.09963,21,369,0.95,0,0,0.26,1,1,0
USR6273,23,2,5900,327,4059,200000,0.6879661016949152,0.020295,4,498,0.68,2,1,0.28,0,1,0
USR3205,26,0,21967,116,13774,100000,0.6270314562753221,0.13774,2,562,0.55,1,0,0.51,1,0,0
USR6835,67,2,35333,263,39080,200000,1.1060481702657572,0.1954,3,679,0.52,1,0,0.31,2,1,0
USR1245,53,1,45072,38,44852,200000,0.9951189208377706,0.22426,0,537,0.32,0,0,0.0,0,0,0
USR6096,50,1,41202,16,1000,500000,0.024270666472501336,0.002,4,175,0.12,1,0,0.78,1,0,0
USR3604,47,3,19476,211,32234,100000,1.655062641199425,0.32234,3,222,0.38,0,1,0.91,0,1,0
USR4409,54,1,24796,232,30475,500000,1.2290288756251009,0.06095,20,185,0.53,2,1,0.04,2,0,0
USR5445,33,3,44468,295,26347,500000,0.5924934784564181,0.052694,5,483,0.79,0,1,0.91,0,0,0
USR4746,62,2,48190,236,61765,500000,1.2816974476032372,0.12353,2,352,0.36,0,0,0.34,2,0,0
USR7024,48,0,57835,118,1000,200000,0.01729056799515864,0.005,0,607,0.71,0,0,0.32,0,0,0
USR4244,57,0,44498,352,36196,500000,0.8134298170704302,0.072392,1,681,0.25,2,0,0.07,1,0,0
USR3507,55,1,40521,72,25707,300000,0.6344117864810839,0.08569,16,10,0.02,1,1,0.01,0,0,0
USR6913,44,1,43548,80,30870,300000,0.7088729677597134,0.1029,7,626,0.86,1,0,0.91,1,0,0
USR1769,20,2,34445,33,15710,100000,0.4560894179126143,0.1571,6,304,0.96,2,0,0.22,1,0,0
USR7004,31,3,17161,204,7804,300000,0.4547520540761028,0.026013333333333333,10,54,0.4,0,0,0.93,2,0,0
USR6090,60,1,48031,281,101608,100000,2.1154670941683498,1.01608,7,689,0.37,1,0,0.53,0,1,0
USR9062,36,3,27615,340,17540,300000,0.6351620496107188,0.05846666666666667,13,572,0.13,1,1,0.35,0,0,0
USR2061,55,1,38330,148,26340,300000,0.6871901904513436,0.0878,5,383,0.27,1,1,0.6,0,0,0
USR1041,65,3,37361,201,89960,100000,2.4078584620326007,0.8996,3,468,0.33,3,0,0.58,0,1,0
USR5485,56,1,54894,177,114748,200000,2.0903559587568767,0.57374,15,307,0.16,0,1,0.76,0,0,0
USR2060,49,3,18374,95,39893,500000,2.1711657777294002,0.079786,7,669,0.32,1,1,0.15,0,0,0
USR1458,59,2,54151,126,1000,300000,0.018466879651345313,0.0033333333333333335,0,37,0.89,3,0,0.91,2,0,0
USR9315,67,3,37195,174,13073,500000,0.35147197203925257,0.026146,0,634,0.38,0,0,0.59,0,0,0
USR8216,44,3,57203,64,90109,100000,1.5752495498487842,0.90109,2,433,0.17,1,0,0.03,0,1,0
USR1605,53,3,58931,110,59186,300000,1.0043270943985338,0.19728666666666667,12,494,0.73,0,0,0.83,1,0,0
USR9206,39,1,8257,223,11274,100000,1.3653869444108029,0.11274,8,223,0.56,0,1,0.15,0,0,0
USR6214,70,2,55396,341,20578,500000,0.3714708643223337,0.041156,18,682,0.07,0,0,0.57,0,0,0
USR7006,42,1,51765,140,1000,200000,0.019318072056408772,0.005,0,311,0.09,1,0,0.3,0,1,0
USR9314,38,5,12421,186,9762,200000,0.7859270590129619,0.04881,1,410,0.26,0,1,0.57,1,0,0
USR3084,34,1,7353,162,11007,300000,1.4969400244798041,0.03669,3,405,0.4,0,1,0.87,0,1,0
USR7633,58,0,57115,269,24321,200000,0.425825089731244,0.121605,21,241,0.41,1,0,0.6,0,0,0
USR3626,68,1,57704,76,97615,100000,1.6916504921669209,0.97615,1,35,0.82,0,1,1.0,0,1,0
USR7558,19,2,34763,59,8497,300000,0.2444265454650059,0.028323333333333332,6,498,0.89,0,0,0.71,0,1,0
USR7607,32,0,38606,102,34923,500000,0.9046003211935969,0.069846,10,363,0.66,1,0,0.35,1,0,0
USR1787,32,4,37928,187,1000,500000,0.026365745623286228,0.002,0,591,0.31,2,0,0.45,2,0,0
USR1294,49,3,19880,66,22065,500000,1.1099094567404426,0.04413,7,458,0.69,0,0,0.66,1,1,0
USR6398,44,0,38345,251,37261,500000,0.9717303429391055,0.074522,3,636,0.41,2,1,0.95,1,1,0
USR3548,44,1,15827,146,36262,200000,2.2911480381626337,0.18131,1,271,0.37,0,0,0.64,1,0,0
USR1080,25,3,9595,332,7198,200000,0.7501823866597186,0.03599,14,293,0.28,0,1,0.77,1,0,0
USR2308,58,1,39985,177,42505,200000,1.0630236338626986,0.212525,10,603,0.46,2,0,0.79,0,0,0
USR5307,54,1,54083,169,68449,300000,1.2656287558012684,0.22816333333333333,3,13,0.34,3,0,0.73,2,1,0
USR9533,67,3,18777,288,19836,100000,1.0563987857485222,0.19836,0,389,0.61,3,0,0.87,2,0,0
USR2199,26,2,9426,78,7537,300000,0.7995968597496287,0.025123333333333334,4,597,0.85,1,0,0.0,0,0,0
USR1222,45,1,9856,238,5409,100000,0.5488027597402597,0.05409,24,172,0.26,0,0,0.59,0,1,0
USR1255,57,2,39651,36,20110,300000,0.507175102771683,0.06703333333333333,13,633,0.81,0,0,0.88,0,0,0
USR5877,53,1,44402,310,66906,300000,1.506824016936174,0.22302,16,457,0.89,0,1,0.52,1,0,0
USR3777,52,2,11206,118,1642,500000,0.14652864536855256,0.003284,0,680,0.48,3,0,0.83,0,0,0
USR2564,31,2,21732,239,34847,100000,1.6034879440456469,0.34847,7,218,0.47,0,0,0.51,1,0,0
USR7935,33,0,25392,204,1320,200000,0.05198487712665406,0.0066,3,283,0.89,0,1,0.06,0,0,0
USR7413,62,1,34467,70,44251,200000,1.2838657266370732,0.221255,1,494,0.75,2,0,0.92,2,1,0
USR6247,35,2,6908,358,3350,300000,0.48494499131441804,0.011166666666666667,2,585,0.11,0,1,0.68,1,0,0
USR4093,43,2,11354,122,14976,300000,1.3190065175268628,0.04992,13,540,0.99,0,0,0.02,2,0,0
USR3503,38,3,42599,332,14311,500000,0.3359468532125167,0.028622,4,192,0.6,1,0,0.48,0,0,0
USR6400,57,2,59252,21,113193,500000,1.9103658948221156,0.226386,1,541,0.67,1,0,0.51,1,0,0
USR5677,64,2,38791,345,78116,200000,2.013766079760769,0.39058,20,588,0.09,3,0,0.17,0,1,0
USR9012,26,2,47932,41,1833,100000,0.03824167570725194,0.01833,3,562,0.15,1,0,0.46,1,0,0
USR6185,68,2,8498,79,4202,500000,0.4944692868910332,0.008404,2,587,0.48,0,0,0.83,0,0,0
USR1322,65,5,30719,73,41186,200000,1.3407337478433543,0.20593,8,236,0.97,0,0,0.29,0,0,0
USR1105,64,4,18988,310,33784,200000,1.77922898672846,0.16892,4,11,0.93,0,0,0.23,1,0,0
USR4170,18,4,43151,354,87127,100000,2.0191189080206717,0.87127,4,148,0.86,0,0,0.22,0,0,0
USR7884,64,5,13679,247,4085,300000,0.2986329410044594,0.013616666666666666,0,34,0.51,0,0,0.58,0,1,0
USR7652,57,2,8486,3,17390,500000,2.049257600754183,0.03478,9,503,0.37,0,1,0.3,0,1,0
USR1226,30,2,27400,7,5474,100000,0.19978102189781022,0.05474,6,663,0.28,0,0,0.52,0,0,0
USR2889,55,2,39436,146,41145,200000,1.0433360381377421,0.205725,14,432,0.03,0,1,0.37,2,0,0
USR8303,54,2,42338,156,55535,500000,1.3117057962114413,0.11107,5,241,0.32,3,0,0.64,2,0,0
USR5253,19,1,21294,77,20074,500000,0.9427068657837888,0.040148,12,204,0.63,0,0,0.61,0,0,0
USR4433,54,2,11022,165,13684,500000,1.2415169660678642,0.027368,7,475,0.48,2,0,0.73,0,1,0
USR8085,22,1,18792,26,32755,200000,1.7430289484887187,0.163775,11,574,0.46,0,0,0.34,2,0,0
USR3651,31,1,52728,224,70179,300000,1.3309626763768776,0.23393,6,467,0.5,1,1,0.78,2,0,0
USR1730,37,2,42432,147,47718,200000,1.1245757918552035,0.23859,2,29,0.73,0,1,0.84,2,1,0
USR1804,49,2,43909,305,39928,100000,0.9093352160149399,0.39928,5,520,0.84,2,1,0.58,1,1,0
USR6065,26,0,29527,326,21438,100000,0.726047346496427,0.21438,3,664,0.3,0,0,0.48,0,1,0
USR4136,37,3,45506,101,70845,200000,1.5568276710763416,0.354225,9,581,0.65,0,0,0.88,2,1,0
USR8132,41,4,47202,226,41490,300000,0.8789881784670142,0.1383,4,14,0.42,2,0,0.13,0,1,0
USR5063,23,0,7871,362,1117,500000,0.1419133528141278,0.002234,0,644,0.6,1,1,0.88,0,0,0
USR2837,53,5,17815,268,16921,500000,0.9498175694639349,0.033842,4,234,0.02,0,1,0.93,0,0,0
USR3496,27,2,25561,124,23862,500000,0.93353155197371,0.047724,6,573,0.96,1,0,0.61,0,0,0
USR8706,58,3,31363,207,7598,100000,0.24225998788381214,0.07598,7,437,0.45,0,0,0.99,1,0,0
USR2749,36,1,46576,25,37027,500000,0.7949802473376847,0.074054,0,328,0.08,0,1,0.95,1,0,0
USR6169,48,2,15729,26,17215,100000,1.094475173246869,0.17215,1,158,0.81,0,0,0.54,0,1,0
USR3867,30,3,54864,159,37455,300000,0.6826881014873141,0.12485,9,256,0.07,0,0,0.82,0,0,0
USR5804,21,0,34230,47,52296,200000,1.5277826468010518,0.26148,11,447,0.74,0,0,0.29,2,0,0
USR6235,45,3,16163,338,1000,300000,0.061869702406731425,0.0033333333333333335,2,73,0.85,0,1,0.23,0,1,0
USR1986,65,5,12400,42,1000,200000,0.08064516129032258,0.005,13,158,0.91,0,0,0.38,2,0,0
USR5208,54,3,22608,352,16689,200000,0.7381900212314225,0.083445,2,232,0.03,2,0,0.99,2,0,0
USR7126,38,2,59005,336,81534,100000,1.381815100415219,0.81534,0,689,0.02,2,0,0.8,2,0,0
USR2180,38,0,36272,273,14101,100000,0.38875716806352006,0.14101,9,290,0.55,1,0,0.13,0,0,0
USR1085,30,2,16107,171,11723,300000,0.7278202023964736,0.03907666666666667,5,267,0.12,1,0,0.76,2,0,0
USR5064,24,2,17748,189,6417,100000,0.36156186612576063,0.06417,4,417,0.57,3,0,0.72,0,0,0
USR9278,38,1,28836,150,44036,100000,1.5271188791788042,0.44036,6,155,0.01,1,0,0.17,0,0,0
USR6646,38,4,34910,17,25205,200000,0.7219994270982526,0.126025,2,286,0.96,0,0,0.27,2,0,0
USR9138,67,3,26927,146,36690,200000,1.3625728822371597,0.18345,1,289,0.22,0,0,0.01,2,0,0
USR7785,58,2,46618,61,72519,500000,1.5556008408769144,0.145038,15,488,0.8,3,0,0.87,0,0,0
USR3919,31,2,16928,75,7964,100000,0.4704631379962193,0.07964,3,348,0.59,0,1,0.58,1,1,0
USR2950,53,2,43513,321,20887,200000,0.48001746604463036,0.104435,5,427,0.33,2,1,0.37,2,0,0
USR1103,40,1,49641,324,36652,500000,0.7383412904655426,0.073304,0,499,0.26,1,0,0.58,2,0,0
USR4196,20,3,59428,364,82039,500000,1.3804772161270782,0.164078,3,447,0.92,0,1,0.85,0,0,0
USR2194,18,2,41104,134,64891,100000,1.5787028026469443,0.64891,1,383,0.29,0,0,0.11,0,0,0
USR9976,37,1,54268,346,54247,300000,0.9996130316208447,0.18082333333333334,5,160,0.99,0,1,0.68,0,0,0
USR5508,48,1,39459,208,12380,200000,0.31374337920373047,0.0619,6,504,0.39,0,0,0.62,0,0,0
USR7222,49,2,30505,238,43502,300000,1.4260613014259957,0.14500666666666667,5,165,0.46,1,0,0.2,0,1,0
USR2701,25,2,20402,260,16524,500000,0.809920596019998,0.033048,15,51,0.41,0,0,0.72,0,0,0
USR7153,25,3,56238,193,63066,300000,1.1214125680145097,0.21022,2,294,0.66,0,0,0.19,2,0,0
USR8450,40,1,49895,346,40971,300000,0.8211444032468184,0.13657,9,550,0.07,0,1,0.11,2,0,0
USR9064,62,2,24093,329,51247,300000,2.1270493504337358,0.17082333333333333,10,24,0.69,0,1,0.79,0,0,0
USR9452,55,0,6637,253,8107,200000,1.2214856109688113,0.040535,1,482,0.33,0,0,0.19,2,1,0
USR8644,18,1,45785,303,23185,100000,0.5063885552036693,0.23185,7,201,0.42,1,0,0.33,1,0,0
USR5972,51,1,13998,96,27416,100000,1.9585655093584797,0.27416,7,189,0.21,1,1,0.61,2,0,0
USR7580,31,1,19789,61,6434,300000,0.32513012279549247,0.021446666666666666,13,496,0.96,0,0,0.21,1,0,0
USR6680,49,3,23038,38,25732,500000,1.1169372341349075,0.051464,9,686,0.03,0,0,0.08,2,1,0
USR9399,70,2,18866,83,45636,500000,2.418954733382805,0.091272,17,253,1.0,2,0,0.1,0,0,0
USR5868,68,2,59235,310,46127,100000,0.7787119101882333,0.46127,8,329,0.2,1,0,0.18,2,0,0
USR1718,34,0,17115,269,1000,300000,0.05842827928717499,0.0033333333333333335,3,466,0.43,2,0,0.4,1,1,0
USR1123,19,3,25767,276,39294,300000,1.52497380370241,0.13098,2,611,0.9,0,0,0.28,0,0,0
USR3639,56,0,50013,22,76332,500000,1.5262431767740388,0.152664,1,694,0.94,3,0,0.62,0,0,0
USR7996,55,2,10721,272,3314,300000,0.30911295588098125,0.011046666666666666,11,319,0.05,2,1,0.1,2,1,0
USR4127,18,3,18513,56,8487,100000,0.4584346135148274,0.08487,3,427,0.89,2,1,0.77,0,0,0
USR6487,55,1,9633,306,7885,100000,0.8185404339250493,0.07885,24,270,0.58,1,1,0.75,1,0,0
USR5007,27,1,20641,26,35998,100000,1.7440046509374545,0.35998,1,319,0.69,0,0,0.97,0,0,0
USR5374,27,0,49649,343,55224,500000,1.112288263610546,0.110448,4,660,0.56,3,1,0.8,1,0,0
USR2252,18,1,37008,365,39954,300000,1.079604409857328,0.13318,2,666,0.09,0,0,0.14,0,0,0
USR1854,51,2,31225,168,39450,500000,1.2634107285828662,0.0789,6,643,0.88,3,1,0.42,0,0,0
USR2997,48,1,6794,336,15412,100000,2.2684721813364734,0.15412,19,585,0.02,3,0,0.87,0,0,0
USR5318,48,0,26009,294,17774,100000,0.6833788304048598,0.17774,2,9,0.39,3,0,0.92,0,0,0
USR9687,38,1,44552,224,54038,300000,1.2129197342431317,0.18012666666666666,13,40,0.02,1,0,0.17,2,0,0
USR9818,23,2,29640,302,22049,500000,0.74389338731444,0.044098,0,29,0.13,0,0,0.49,0,1,0
USR3819,31,1,45692,217,55573,300000,1.2162522979952728,0.18524333333333334,5,526,0.79,1,0,0.12,1,1,0
USR2167,34,2,10198,242,15702,100000,1.5397136693469309,0.15702,13,624,0.53,3,0,0.49,1,0,0
USR2504,42,3,37225,296,55640,100000,1.4946944257891202,0.5564,8,655,0.34,0,0,0.22,0,0,0
USR7959,31,2,6616,85,6784,300000,1.0253929866989118,0.022613333333333333,9,596,0.7,0,0,0.02,0,0,0
USR9864,32,1,21308,220,37779,500000,1.7729960578186597,0.075558,2,290,0.25,1,1,0.28,2,1,0
USR7639,58,1,25891,321,33824,100000,1.3063999073036963,0.33824,2,300,0.79,1,0,0.85,1,1,0
USR9813,40,3,48704,183,79559,100000,1.6335208607095926,0.79559,23,273,0.25,0,0,0.76,1,0,0
USR8695,58,0,25983,141,26070,300000,1.0033483431474426,0.0869,0,695,0.18,3,0,0.16,2,0,0
USR8031,60,2,8423,124,15022,100000,1.7834500771696544,0.15022,5,687,0.89,1,0,0.64,0,0,0
USR6641,57,3,43824,226,24182,100000,0.5517981014968967,0.24182,0,332,0.75,0,0,0.12,1,1,0
USR6738,51,4,7812,247,1707,500000,0.21850998463901689,0.003414,2,343,0.26,0,0,0.24,2,0,0
USR6931,70,4,57313,270,58275,500000,1.0167850225952226,0.11655,10,619,0.18,2,0,0.11,2,0,0
USR6048,52,2,50653,237,111004,100000,2.191459538428129,1.11004,16,686,0.14,0,0,0.6,1,0,0
USR8796,66,5,10656,45,14682,200000,1.3778153153153154,0.07341,2,539,0.23,2,0,0.36,0,0,0
USR1966,59,1,7402,341,11545,500000,1.5597135909213726,0.02309,4,662,0.96,0,0,0.86,2,0,0
USR6118,67,2,38370,311,23350,100000,0.6085483450612458,0.2335,0,574,0.0,1,0,0.57,0,1,0
USR3158,26,2,16475,138,23460,300000,1.4239757207890744,0.0782,0,555,0.14,0,1,0.27,2,0,0
USR3616,42,1,20164,104,35528,200000,1.7619519936520531,0.17764,3,555,0.51,1,0,0.9,1,0,0
USR5075,67,0,38260,192,41507,200000,1.0848667015159434,0.207535,4,35,0.09,3,0,0.74,0,0,0
USR6075,19,3,54938,220,31237,100000,0.5685864064945939,0.31237,12,199,0.43,0,0,0.15,0,0,0
USR2754,21,4,22887,263,55807,200000,2.438371127714423,0.279035,20,666,0.5,0,0,0.32,2,0,0
USR6555,29,2,47083,78,1000,300000,0.021239088418325086,0.0033333333333333335,0,378,0.65,3,0,0.93,2,0,0
USR5396,32,0,43575,234,40764,300000,0.9354905335628227,0.13588,2,563,0.72,1,0,0.37,0,0,0
USR6430,21,1,55707,271,22572,300000,0.40519144811244545,0.07524,7,309,0.15,0,0,0.77,1,0,0
USR9324,38,2,45814,194,64149,100000,1.4002051774566726,0.64149,16,79,0.53,0,1,0.34,1,0,0
USR8522,63,2,31430,117,67885,100000,2.1598790964047088,0.67885,13,175,0.34,2,0,0.77,2,1,1
USR4622,25,0,23993,353,18616,100000,0.7758929687825615,0.18616,23,329,0.29,0,0,0.95,2,0,0
USR5628,48,1,26468,88,14070,100000,0.5315853105636995,0.1407,10,18,0.3,1,0,0.5,0,0,0
USR2567,36,2,56596,284,110177,300000,1.9467276839352605,0.3672566666666667,6,349,0.55,0,0,0.44,0,1,0
USR4124,27,3,59115,180,101412,200000,1.715503679269221,0.50706,3,667,0.05,2,0,0.08,0,1,0
USR1055,39,0,58846,240,17867,200000,0.303623016007885,0.089335,0,243,0.2,2,0,0.59,1,0,0
USR7442,65,2,42177,195,54516,100000,1.292552813144605,0.54516,1,265,0.95,1,0,0.36,0,1,0
USR6380,44,2,33337,72,22049,100000,0.6613972463029066,0.22049,5,278,0.89,2,0,0.29,0,0,0
USR6841,41,2,16311,239,2425,500000,0.1486726748819815,0.00485,5,397,0.83,1,0,0.31,2,0,0
USR3903,44,1,17823,126,31387,500000,1.7610391067721483,0.062774,10,295,0.64,1,1,0.07,2,0,0
USR4403,37,3,35592,82,20453,100000,0.5746516071027197,0.20453,0,635,0.17,0,0,0.06,1,1,0
USR1644,27,2,28276,91,30522,100000,1.0794313198472203,0.30522,21,412,0.14,1,0,0.38,0,1,0
USR8657,28,2,8916,139,3510,500000,0.3936742934051144,0.00702,3,463,0.49,0,0,0.07,0,1,0
USR6532,37,1,23311,106,30879,500000,1.3246535970142852,0.061758,8,205,0.58,2,0,0.54,1,1,0
USR8788,53,1,21768,125,28016,100000,1.2870268283719222,0.28016,3,503,0.28,1,0,0.66,0,0,0
USR8507,28,3,27535,117,23891,200000,0.8676593426548029,0.119455,1,384,0.51,1,0,0.13,2,1,0
USR5391,38,1,58450,217,1000,100000,0.01710863986313088,0.01,13,157,0.54,0,0,0.65,1,0,0
USR5046,46,3,8875,328,6078,500000,0.6848450704225352,0.012156,5,430,0.65,0,0,0.63,0,1,0
USR8654,56,0,40322,186,1000,100000,0.024800357125142603,0.01,3,484,0.75,0,0,0.39,0,0,0
USR6979,51,5,11897,250,17311,100000,1.4550727074052283,0.17311,9,286,0.14,0,1,0.39,0,0,0
USR8037,42,1,29463,5,57564,100000,1.9537725282557785,0.57564,19,97,0.48,1,1,0.54,0,0,0
USR7155,54,0,51762,221,42527,100000,0.8215872647888413,0.42527,4,404,0.7,0,0,0.37,0,0,0
USR5970,25,2,16308,34,9961,200000,0.6108045131223939,0.049805,14,190,0.57,0,0,0.3,0,0,0
USR9923,56,3,23299,161,42812,300000,1.8375037555259883,0.14270666666666668,23,418,0.27,0,0,0.69,0,1,0
USR7499,54,1,31123,348,34913,300000,1.121774893165826,0.11637666666666667,7,670,0.64,0,0,0.89,2,0,0
USR7643,60,3,48337,365,12708,100000,0.2629041934749778,0.12708,3,100,0.82,0,0,0.19,1,1,0
USR8382,68,4,16831,258,18967,200000,1.1269086804111461,0.094835,5,427,0.59,2,0,0.25,0,1,0
USR4393,61,4,28443,245,24874,300000,0.8745209717680976,0.08291333333333334,6,100,0.31,2,0,0.55,2,1,0
USR3998,69,3,34797,130,45838,300000,1.3172974681725436,0.15279333333333334,7,21,0.55,3,0,0.57,2,0,0
USR1850,39,4,19822,234,36614,300000,1.8471395419231158,0.12204666666666666,14,590,0.26,3,1,0.99,2,0,0
USR9864,26,0,40894,263,25394,100000,0.6209712916320242,0.25394,8,457,0.98,0,1,0.18,0,0,0
USR3572,35,2,17768,218,1000,200000,0.05628095452498874,0.005,7,51,0.45,0,0,0.42,0,0,0
USR2840,66,1,34099,69,16614,500000,0.4872283644681662,0.033228,18,403,0.26,1,0,0.14,0,0,0
USR8084,55,2,35980,219,28188,200000,0.7834352418010005,0.14094,2,21,0.73,0,0,0.22,2,0,0
USR2337,63,1,5837,232,3446,300000,0.5903717663183142,0.011486666666666666,5,90,0.17,0,0,0.73,1,0,0
USR5824,31,3,10850,18,5098,200000,0.46986175115207374,0.02549,2,464,0.36,3,0,0.5,0,1,0
USR6990,61,3,31924,152,34348,500000,1.0759303345445432,0.068696,16,152,0.91,0,0,0.47,2,1,0
USR8417,38,1,9504,103,7935,300000,0.8349116161616161,0.02645,2,332,1.0,1,0,0.01,2,0,0
USR5305,26,1,16292,353,11095,200000,0.6810090842131107,0.055475,14,28,0.8,1,1,0.81,0,0,0
USR6939,53,2,9360,264,19415,200000,2.0742521367521367,0.097075,8,126,0.66,3,1,0.57,0,1,0
USR8162,29,2,33539,315,40159,500000,1.197382152121411,0.080318,9,150,0.84,0,0,0.18,0,0,0
USR4033,21,1,56223,274,47510,500000,0.8450278355833022,0.09502,2,418,0.0,1,0,0.81,0,0,0
USR8468,33,1,42993,47,84173,500000,1.9578303444746818,0.168346,1,409,0.27,2,0,0.31,2,0,0
USR3843,39,1,14250,317,10014,100000,0.7027368421052631,0.10014,4,232,0.7,1,0,0.73,0,0,0
USR5575,33,5,24244,140,31983,100000,1.319213001154925,0.31983,19,215,0.94,2,0,0.59,2,0,0
USR8656,25,4,58146,115,82659,100000,1.4215767206686616,0.82659,7,224,0.24,0,0,0.98,2,0,0
USR2667,66,1,53532,160,53902,100000,1.0069117537174026,0.53902,12,123,0.79,1,0,0.03,0,0,0
USR9594,30,3,11227,340,18350,100000,1.634452658769039,0.1835,7,120,0.68,0,0,0.42,1,0,0
USR6485,46,5,22791,198,38416,300000,1.6855776402966083,0.12805333333333332,12,481,0.33,2,0,0.16,0,1,0
USR2528,67,2,14108,284,5404,200000,0.3830450808052169,0.02702,13,139,0.15,0,1,0.08,1,0,0
USR5464,23,1,48117,246,38969,100000,0.8098800839620093,0.38969,13,550,0.59,1,0,0.79,1,0,0
USR1146,54,1,46464,27,87163,200000,1.8759254476584022,0.435815,13,643,0.37,0,1,0.01,0,1,0
USR5127,18,1,55476,357,42667,200000,0.7691073617420146,0.213335,25,225,0.95,2,0,0.3,2,0,0
USR2715,49,2,53445,236,38995,500000,0.7296285901393956,0.07799,1,364,0.76,0,0,0.53,0,1,0
USR6792,52,2,16498,347,20152,300000,1.2214813916838405,0.06717333333333333,5,620,0.79,1,0,0.01,0,0,0
USR8957,40,0,58401,206,96629,500000,1.65457783257136,0.193258,1,233,0.9,3,0,0.24,2,1,0
USR7151,43,3,12420,149,13389,100000,1.0780193236714977,0.13389,0,159,0.3,0,1,0.49,0,1,0
USR4119,28,2,46353,142,117705,100000,2.5393178435052746,1.17705,4,532,0.56,1,1,0.1,0,0,0
USR1658,18,4,53809,321,86540,500000,1.608281142559795,0.17308,2,512,0.25,1,0,0.5,0,1,0
USR2526,54,0,40153,142,24510,200000,0.6104151620053296,0.12255,7,201,0.82,3,0,0.94,0,0,0
USR2907,38,2,59066,138,63172,100000,1.069515457285071,0.63172,0,385,0.05,1,0,0.59,1,0,0
USR9565,65,2,27009,172,18561,200000,0.6872153726535599,0.092805,16,373,0.95,2,0,0.94,2,0,0
USR9037,23,2,37146,279,22113,500000,0.5952996284929737,0.044226,2,542,0.93,0,0,0.43,2,0,0
USR9180,66,2,32450,275,22706,300000,0.6997226502311248,0.07568666666666667,8,56,0.24,2,0,0.8,2,0,0
USR6272,56,1,30168,168,22202,100000,0.7359453725802174,0.22202,4,644,0.9,0,0,0.95,2,0,0
USR2399,39,2,56539,104,57527,200000,1.017474663506606,0.287635,1,574,0.81,0,0,0.34,0,0,0
USR9019,68,2,43403,122,5832,500000,0.1343685920328088,0.011664,3,12,0.17,1,0,0.74,1,0,0
USR4461,33,2,12565,13,14240,200000,1.1333068046159969,0.0712,7,389,0.91,0,0,0.49,1,0,0
USR2988,70,1,21998,99,1156,300000,0.05255023183925812,0.003853333333333333,5,594,0.29,1,0,1.0,1,0,0
USR7033,65,0,34234,3,30970,300000,0.9046561897528772,0.10323333333333333,2,456,0.44,2,0,0.01,2,1,0
USR8743,26,4,19659,330,21919,200000,1.1149600691795107,0.109595,7,565,0.34,2,0,0.16,1,0,0
USR1567,66,1,55459,123,32456,500000,0.5852251212607512,0.064912,5,617,0.13,3,0,0.51,1,0,0
USR2063,30,2,54588,91,49944,300000,0.9149263574411959,0.16648,8,431,0.14,1,0,0.32,2,0,0
USR5797,37,2,6914,66,11140,200000,1.6112236042811687,0.0557,20,99,0.27,2,0,0.07,1,0,0
USR3564,46,3,24036,302,18854,300000,0.7844067232484606,0.06284666666666666,0,298,0.66,1,1,0.83,1,1,0
USR1887,24,3,41021,269,26115,200000,0.6366251432193267,0.130575,12,193,0.71,0,0,0.64,2,1,0
USR3069,36,2,35439,227,35875,200000,1.0123028302152994,0.179375,6,207,0.37,1,0,0.19,2,0,0
USR6481,40,1,17552,322,36646,200000,2.0878532360984505,0.18323,7,268,0.17,0,1,0.46,2,1,0
USR1644,69,1,36066,196,28265,100000,0.7837021017024344,0.28265,9,109,0.64,0,0,0.0,1,1,0
USR8572,65,3,39996,127,26883,100000,0.6721422142214222,0.26883,11,161,0.6,0,1,0.67,2,0,0
USR3074,30,4,53555,192,80181,300000,1.4971711324806274,0.26727,4,201,0.96,0,0,0.17,0,0,0
USR1244,25,1,52974,252,106828,300000,2.0166119228300676,0.3560933333333333,6,295,0.23,1,1,0.2,0,0,0
USR9917,60,2,47290,2,20042,500000,0.42381053076760417,0.040084,5,590,0.09,1,1,0.28,0,1,0
USR8872,46,3,23445,331,13109,300000,0.5591384090424397,0.04369666666666667,3,209,0.34,0,1,0.07,0,0,0
USR4590,65,3,41949,251,7853,100000,0.1872035090228611,0.07853,8,102,0.6,1,0,0.06,2,0,0
USR8574,34,1,46042,185,14916,200000,0.3239650753659702,0.07458,7,617,0.01,1,1,0.1,2,1,0
USR6117,20,2,13838,7,22092,300000,1.59647347882642,0.07364,17,354,0.36,2,1,0.38,0,0,0
USR5300,38,3,42462,72,18260,200000,0.4300315576279968,0.0913,2,218,0.4,3,1,0.4,2,0,0
USR6790,46,1,50175,101,86804,500000,1.730024912805182,0.173608,15,655,0.03,2,1,0.94,1,0,0
USR3475,22,4,56752,259,47047,300000,0.8289928108260501,0.15682333333333334,10,518,0.7,0,0,0.35,1,0,0
USR7856,21,1,49180,319,46061,100000,0.9365799105327369,0.46061,6,655,1.0,3,0,0.33,1,0,0
USR8151,58,0,9342,349,17025,100000,1.8224149004495824,0.17025,5,162,0.14,1,1,0.65,2,0,0
USR5626,45,2,13980,97,24039,300000,1.7195278969957082,0.08013,7,277,0.68,2,0,0.88,1,0,0
USR5089,52,2,22675,181,11502,500000,0.5072546857772877,0.023004,1,339,0.56,1,0,0.11,2,0,0
USR8201,22,1,59422,311,91775,300000,1.5444616472013732,0.30591666666666667,19,664,0.86,0,0,0.08,2,0,0
USR5349,39,0,17747,302,22698,300000,1.2789767284611484,0.07566,3,389,0.63,0,0,0.49,1,1,0
USR8787,66,3,49550,306,58839,200000,1.1874672048435924,0.294195,13,366,0.23,0,0,0.52,0,0,0
USR8119,20,2,5289,207,1902,300000,0.35961429381735677,0.00634,0,113,0.06,1,0,0.13,2,1,0
USR8495,57,5,36033,216,22162,200000,0.6150473177365193,0.11081,14,266,0.11,0,0,0.11,1,1,0
USR5126,59,5,13679,104,9019,500000,0.6593318225016449,0.018038,9,558,0.05,0,0,0.62,1,0,0
USR2434,64,1,33697,338,36455,100000,1.0818470486986973,0.36455,7,528,0.33,0,1,0.22,0,0,0
USR1524,52,3,50355,357,85576,200000,1.6994538774699632,0.42788,14,75,0.21,2,0,0.8,1,1,0
USR8913,24,1,56398,324,37063,300000,0.6571686939253165,0.12354333333333334,18,343,0.89,0,0,0.35,1,0,0
USR3355,66,2,7816,245,7261,200000,0.9289918116683725,0.036305,9,471,0.2,3,1,0.29,0,0,0
USR6373,29,4,14345,159,15731,500000,1.0966190310212618,0.031462,5,678,0.07,1,0,0.58,2,0,0
USR9323,60,3,8703,149,5564,100000,0.6393197747903022,0.05564,1,256,0.95,1,1,0.82,1,1,0
USR1627,23,0,22546,358,16779,200000,0.7442118335846714,0.083895,1,599,0.37,1,1,0.75,0,0,0
USR3030,38,5,28453,320,19441,200000,0.6832671423048536,0.097205,2,244,0.28,0,1,0.04,2,1,0
USR2381,52,3,58246,334,29134,500000,0.5001888541702435,0.058268,2,32,0.62,1,0,0.56,0,1,0
USR3992,64,3,12443,348,9391,500000,0.7547215301776099,0.018782,8,430,0.12,1,0,0.37,1,0,0
USR3710,65,1,45707,137,101481,500000,2.220250727459689,0.202962,11,604,0.78,0,0,0.09,0,1,1
USR8245,27,1,40817,294,63775,100000,1.5624617193816301,0.63775,3,210,0.76,0,0,0.34,2,0,0
USR3393,28,0,22458,211,24912,300000,1.109270638525247,0.08304,5,607,0.36,1,0,0.62,0,1,0
USR3927,45,1,45657,253,12363,300000,0.27077994611998163,0.04121,14,76,0.69,1,0,0.44,0,0,0
USR4051,63,3,53883,9,50419,500000,0.9357125624037266,0.100838,10,121,0.55,1,1,0.58,0,0,0
USR1519,34,1,38460,210,32019,100000,0.8325273010920436,0.32019,0,22,0.55,0,1,0.42,2,1,0
USR8872,61,1,5946,58,1195,100000,0.20097544567776657,0.01195,0,354,0.96,1,0,0.26,0,0,0
USR5070,59,3,54739,189,102758,100000,1.8772356089807998,1.02758,7,690,0.94,1,0,0.22,1,1,1
USR6272,49,3,52336,269,49150,500000,0.9391241210638949,0.0983,7,329,0.47,0,0,0.3,1,0,0
USR7995,30,4,29720,127,23281,100000,0.7833445491251683,0.23281,6,445,0.37,2,1,0.26,1,0,0
USR3355,59,1,5082,301,5570,300000,1.0960251869342779,0.018566666666666665,9,441,0.43,2,1,0.06,0,0,0
USR1563,34,1,39830,158,1000,300000,0.025106703489831784,0.0033333333333333335,19,146,0.36,0,0,0.37,2,0,0
USR9833,28,1,21811,90,32626,100000,1.4958507175278528,0.32626,11,131,0.36,0,0,0.94,2,0,0
USR4358,49,3,38266,114,28657,100000,0.7488893534730571,0.28657,0,665,0.31,1,0,0.8,0,0,0
USR7555,18,2,35971,222,39382,500000,1.094826387923605,0.078764,16,272,0.53,0,0,0.9,1,0,0
USR1692,51,3,58079,189,57362,200000,0.9876547461216618,0.28681,0,518,0.16,3,0,0.74,2,1,0
USR5840,32,3,8571,67,1000,100000,0.11667250029168125,0.01,16,564,0.13,0,0,0.41,2,1,0
USR8472,42,2,57480,335,58704,500000,1.021294363256785,0.117408,9,338,0.29,0,0,0.91,0,0,0
USR8012,64,2,23870,343,1807,200000,0.0757017176372015,0.009035,8,578,0.05,0,0,0.93,0,1,0
USR6545,38,0,5610,203,6367,200000,1.1349376114081997,0.031835,2,292,0.49,3,0,0.36,1,0,0
USR9114,35,3,16018,59,1000,300000,0.06242976651267324,0.0033333333333333335,12,305,0.47,2,0,0.3,2,1,0
USR7624,51,2,54623,214,45545,200000,0.8338062720831884,0.227725,13,646,0.81,0,0,0.26,0,0,0
USR5771,29,1,51963,260,36798,200000,0.7081577276138791,0.18399,10,395,0.71,1,0,0.42,0,0,0
USR9824,36,0,24177,261,17727,200000,0.7332175207842164,0.088635,4,303,0.38,2,0,0.13,2,1,0
USR7751,59,3,41190,86,61560,300000,1.4945375091041515,0.2052,4,695,0.34,0,0,0.01,2,0,0
USR3725,53,2,42529,89,65964,100000,1.5510357638317382,0.65964,3,99,0.24,0,1,0.03,0,0,0
USR3674,46,0,16441,17,25160,300000,1.530320540113132,0.08386666666666667,5,503,0.13,0,0,0.17,1,1,0
USR5916,22,5,21542,65,24098,200000,1.118651935753412,0.12049,0,288,0.24,0,1,0.34,0,0,0
USR7512,22,4,54643,37,143391,100000,2.6241421591054666,1.43391,10,74,0.67,3,0,0.5,2,0,0
USR9390,42,2,34774,14,51894,500000,1.4923218496577904,0.103788,8,654,0.94,2,0,0.68,1,0,0
USR9321,51,3,23004,284,18650,500000,0.8107285689445314,0.0373,4,458,0.85,1,1,0.84,1,0,0
USR3140,28,1,8866,289,15683,300000,1.768892397924656,0.052276666666666666,2,603,0.61,0,0,0.83,0,0,0
USR6943,57,2,8582,179,7326,500000,0.8536471684921929,0.014652,2,593,0.32,1,0,0.24,0,0,0
USR6933,62,3,34966,253,6057,500000,0.17322541897843619,0.012114,4,593,0.55,0,0,0.1,0,0,0
USR9368,37,1,9273,133,8746,500000,0.9431683381861318,0.017492,24,268,0.47,0,0,0.83,1,0,0
USR8449,66,0,31359,23,11838,100000,0.3774992825026308,0.11838,4,282,0.09,2,0,0.18,0,0,0
USR2042,56,2,24780,88,46022,500000,1.8572235673930588,0.092044,9,285,0.95,1,0,0.6,2,0,0
USR3530,43,1,7116,128,8031,500000,1.12858347386172,0.016062,8,238,0.62,1,0,0.4,0,0,0
USR5110,48,2,22267,23,10832,500000,0.4864597835361746,0.021664,18,430,0.98,2,1,0.67,0,0,0
USR8746,52,3,11542,245,8987,500000,0.7786345520706983,0.017974,13,162,0.43,2,0,0.42,1,0,0
USR4537,61,2,47980,139,53382,200000,1.112588578574406,0.26691,15,618,0.49,1,1,0.99,0,0,0
USR1400,57,2,57885,225,74281,300000,1.2832512740779132,0.24760333333333334,2,137,0.99,0,0,0.87,1,0,0
USR1977,26,3,28070,155,9251,300000,0.32956893480584254,0.030836666666666665,3,164,0.41,3,1,0.63,0,0,0
USR1705,41,1,21092,240,41790,100000,1.9813199317276693,0.4179,2,563,0.62,3,0,0.09,0,1,0
USR3835,20,2,40813,62,23081,500000,0.5655305907431456,0.046162,4,129,0.68,0,1,0.32,0,0,0
USR1529,62,2,55071,48,61197,500000,1.1112382197526829,0.122394,6,187,1.0,3,0,0.95,0,1,0
USR1423,46,6,33300,71,56515,300000,1.697147147147147,0.18838333333333335,11,203,0.87,0,0,0.46,0,0,0
USR1987,32,2,25246,173,6635,500000,0.26281391111463204,0.01327,8,9,0.03,1,0,0.49,2,0,0
USR1185,37,2,24607,257,4105,300000,0.16682244889665543,0.013683333333333334,4,426,0.77,1,0,0.31,0,0,0
USR9809,61,1,9746,12,22088,500000,2.2663656884875847,0.044176,4,159,0.11,3,0,0.49,1,0,0
USR2368,35,0,17949,125,19113,200000,1.0648504094935651,0.095565,2,32,0.09,2,0,0.71,0,0,0
USR9322,42,3,41926,16,9261,200000,0.22088918570815247,0.046305,9,397,0.93,1,0,0.43,0,0,0
USR4611,59,1,24945,145,10784,200000,0.4323110843856484,0.05392,0,624,0.13,0,0,0.53,1,0,0
USR9705,58,0,14713,144,14151,200000,0.9618024875960035,0.070755,2,93,0.36,1,1,0.97,0,0,0
USR6280,45,0,5583,197,7745,300000,1.3872469998208847,0.02581666666666667,0,520,0.2,1,0,0.61,2,1,0
USR4654,24,3,26949,218,26133,100000,0.9697205833240565,0.26133,5,184,0.16,1,0,0.69,1,0,0
USR4597,68,4,41024,313,21898,500000,0.5337851014040562,0.043796,2,39,0.38,0,0,0.2,1,0,0
USR4612,55,1,6365,120,1996,100000,0.31358994501178317,0.01996,5,541,0.18,1,0,0.38,2,1,0
USR2440,33,1,49649,38,63946,300000,1.287961489657395,0.21315333333333333,8,68,0.28,3,1,0.12,1,0,0
USR8551,48,2,48630,166,36074,500000,0.741805469874563,0.072148,23,682,0.49,0,0,0.74,0,0,0
USR6612,59,1,26137,365,30090,100000,1.1512415349887133,0.3009,2,172,0.03,0,0,0.31,1,0,0
USR8487,58,2,43055,95,48361,300000,1.1232377191963767,0.16120333333333334,12,162,0.59,0,0,0.05,1,1,0
USR8496,52,4,17696,68,10456,200000,0.590867992766727,0.05228,9,282,0.17,0,0,0.58,0,0,0
USR4494,59,1,37958,320,17856,300000,0.47041466884451233,0.05952,4,187,0.21,2,0,0.46,0,0,0
USR6088,44,4,23796,82,21957,200000,0.9227181038830056,0.109785,5,185,0.61,0,0,0.23,1,0,0
USR3850,61,1,47020,126,65753,100000,1.3984049340706082,0.65753,2,557,0.55,2,0,0.61,0,0,0
USR6762,27,1,35899,221,75931,500000,2.115128555112956,0.151862,15,462,0.09,1,0,0.86,0,0,0
USR2599,50,3,56026,249,25350,100000,0.4524684967693571,0.2535,2,318,0.88,2,0,0.65,0,1,0
USR8964,46,3,38368,121,10056,300000,0.26209341117598,0.03352,1,447,0.9,0,0,0.75,1,0,0
USR9719,52,1,24766,268,28664,500000,1.1573932003553258,0.057328,9,476,0.77,0,0,0.06,1,0,0
USR8502,49,2,18065,275,23869,100000,1.321284251314697,0.23869,11,181,0.86,3,1,0.51,0,0,0
USR9570,19,2,27214,53,1000,200000,0.03674579260674653,0.005,5,483,0.32,0,0,0.48,1,0,0
USR8737,52,2,16206,115,3625,100000,0.22368258669628532,0.03625,11,646,0.86,0,0,0.63,1,0,0
USR6647,41,1,13759,219,1000,300000,0.0726797005596337,0.0033333333333333335,11,371,0.64,3,0,0.31,1,0,0
USR2615,55,2,48518,247,10871,300000,0.22406117317284308,0.03623666666666667,5,114,0.81,0,0,0.54,0,0,0
USR3064,39,1,6680,53,8548,100000,1.2796407185628742,0.08548,5,512,0.08,0,0,0.12,0,0,0
USR7075,27,3,23975,183,16535,200000,0.6896767466110532,0.082675,3,541,0.27,1,1,0.99,0,0,0
USR2133,52,3,32111,93,51951,500000,1.6178568091931114,0.103902,9,348,0.49,0,0,0.97,0,1,0
USR4137,25,2,13806,138,1000,100000,0.07243227582210633,0.01,9,309,0.19,0,0,0.66,1,0,0
USR8518,65,0,22253,208,21670,200000,0.9738012852199703,0.10835,3,468,0.76,2,1,0.16,1,0,0
USR9026,61,0,5376,152,3815,200000,0.7096354166666666,0.019075,9,466,0.5,1,0,0.57,0,0,0
USR4240,32,1,25804,131,30122,500000,1.1673383971477291,0.060244,3,405,0.51,2,0,0.56,0,1,0
USR1556,58,1,20737,238,51518,500000,2.4843516419925735,0.103036,1,146,0.62,0,0,0.73,1,0,0
USR1496,22,1,36180,177,17805,500000,0.49212271973466004,0.03561,4,564,1.0,1,0,0.76,2,0,0
USR7682,57,3,52275,56,84436,300000,1.6152271640363463,0.28145333333333333,8,674,0.83,0,1,0.43,0,0,0
USR7935,55,2,55200,31,61630,300000,1.1164855072463769,0.20543333333333333,1,203,0.85,2,0,0.95,2,1,0
USR1969,41,2,26031,351,17130,200000,0.6580615420076064,0.08565,5,169,0.39,1,0,0.21,0,1,0
USR3786,57,2,15355,154,23568,100000,1.5348746336698145,0.23568,5,175,0.28,1,0,0.39,0,0,0
USR3829,68,4,54990,241,37632,500000,0.6843426077468631,0.075264,7,515,0.59,0,0,0.18,0,0,0
USR8113,19,0,26008,217,39219,100000,1.5079590895109196,0.39219,0,537,0.37,0,0,0.73,1,0,0
USR2996,47,0,52687,312,62310,100000,1.1826446751570596,0.6231,11,371,0.67,0,0,0.81,0,0,0
USR5465,54,3,16989,153,20106,300000,1.1834716581317324,0.06702,10,365,0.79,0,0,0.12,0,0,0
USR8796,34,0,15128,3,17883,100000,1.1821126388154415,0.17883,2,450,0.39,3,0,0.02,0,1,0
USR9370,56,1,15158,302,11330,100000,0.7474600870827286,0.1133,6,17,0.99,0,0,0.03,2,0,0
USR6248,26,0,11129,317,3000,300000,0.26956599874202536,0.01,14,15,0.55,0,1,0.64,0,1,0
USR8014,31,2,26940,243,37459,100000,1.3904602821083891,0.37459,5,690,0.77,0,0,0.12,2,1,0
USR3859,24,4,5661,40,1298,200000,0.2292881116410528,0.00649,11,214,0.49,3,0,0.72,0,0,0
USR7692,60,1,41993,79,5939,200000,0.14142833329364418,0.029695,18,598,0.22,0,0,0.93,0,0,0
USR9174,19,3,59730,41,45959,100000,0.7694458396115854,0.45959,10,393,0.09,0,0,0.98,0,0,0
USR8261,35,1,46461,147,53894,500000,1.1599836421945287,0.107788,9,67,0.3,1,0,0.74,0,0,0
USR1844,64,3,19065,117,25060,200000,1.3144505638604773,0.1253,1,218,0.42,1,0,0.92,0,0,0
USR7695,32,0,52379,82,91422,500000,1.7453941465090972,0.182844,1,620,0.81,3,0,0.71,1,0,0
USR8752,46,0,16502,218,18235,100000,1.105017573627439,0.18235,9,645,0.29,0,0,0.17,0,0,0
USR1972,34,2,54349,192,1000,300000,0.018399602568584517,0.0033333333333333335,7,35,0.45,1,0,0.11,0,1,0
USR5956,33,5,40330,195,17958,100000,0.44527646912968016,0.17958,18,147,0.24,0,0,0.07,2,0,0
USR4931,49,2,28999,11,32205,200000,1.1105555363978068,0.161025,16,446,0.73,0,0,0.35,0,1,0
USR4629,31,1,31745,363,39321,300000,1.238651756182076,0.13107,13,579,0.22,0,0,0.73,0,0,0
USR2750,57,2,48748,2,68470,300000,1.404570443915648,0.22823333333333334,1,409,0.59,2,0,0.61,2,0,0
USR1868,30,1,32011,313,51695,200000,1.614913623441942,0.258475,5,664,0.87,1,0,0.79,0,0,0
USR4043,39,2,44539,86,45047,500000,1.0114057343002762,0.090094,15,380,0.53,2,0,0.2,0,0,0
USR6685,68,3,56284,262,90788,500000,1.6130338995096298,0.181576,0,91,0.99,1,0,0.65,1,0,0
USR8424,23,2,5263,100,2326,500000,0.4419532585977579,0.004652,9,240,0.98,0,0,0.16,1,0,0
USR9855,19,4,32957,198,32358,500000,0.9818248020147465,0.064716,0,319,0.52,3,0,0.93,0,0,0
USR6098,37,2,58283,3,34087,200000,0.5848532162036958,0.170435,10,603,0.07,0,0,0.35,1,1,0
USR5102,70,1,20706,302,22360,300000,1.0798802279532502,0.07453333333333333,2,78,0.59,0,1,0.66,1,0,0
USR1966,38,4,44735,227,19103,200000,0.4270258187101822,0.095515,7,30,0.5,1,1,0.58,0,1,0
USR4123,19,1,6264,73,1000,500000,0.15964240102171137,0.002,3,572,0.91,2,0,0.37,0,0,0
USR7726,54,1,33959,17,69617,200000,2.0500309196383877,0.348085,6,543,0.96,3,0,0.42,0,0,0
USR8456,29,4,24938,4,1000,100000,0.04009944662763654,0.01,6,352,0.97,2,0,0.45,1,0,0
USR3850,22,2,59113,317,26439,100000,0.4472620235819532,0.26439,10,457,0.97,1,0,0.66,0,1,0
USR9129,44,0,50937,298,31250,200000,0.6135029546302295,0.15625,12,559,0.04,0,0,0.81,1,0,0
USR2865,44,1,16809,11,15239,200000,0.9065976560176097,0.076195,3,272,0.31,2,1,0.9,0,1,0
USR7665,70,2,20556,11,7130,200000,0.34685736524615685,0.03565,6,59,0.46,0,0,0.95,0,1,0
USR4931,49,2,27298,201,20540,100000,0.7524360759029965,0.2054,2,181,0.94,0,0,0.89,0,0,0
USR5372,64,1,35361,296,71927,200000,2.0340770905800176,0.359635,3,135,0.39,1,0,0.1,0,0,0
USR8524,28,1,8866,48,4910,200000,0.5538010376720054,0.02455,21,283,0.15,3,1,0.52,0,0,0
USR5344,47,2,27789,44,33671,300000,1.2116664867393574,0.11223666666666667,7,562,0.37,3,0,0.31,0,1,0
USR8316,42,1,8658,294,6026,500000,0.696003696003696,0.012052,12,160,0.16,0,1,0.27,1,0,0
USR8551,33,0,24432,197,21121,300000,0.864481008513425,0.07040333333333333,0,270,0.5,2,0,0.43,2,1,0
USR5129,39,1,37629,285,34189,500000,0.9085811475192006,0.068378,6,283,0.22,1,0,0.92,2,0,0
USR3083,34,0,23794,65,32443,200000,1.363494998739178,0.162215,2,174,0.03,0,0,0.59,2,1,0
USR6129,32,2,24605,283,22881,100000,0.9299329404592562,0.22881,10,692,0.71,0,0,0.78,0,0,0
USR8609,31,3,33301,98,35736,100000,1.0731209272994804,0.35736,2,450,0.06,2,0,0.51,1,0,0
USR4680,23,2,35825,34,55516,300000,1.5496441032798325,0.18505333333333332,5,20,0.38,0,0,0.53,2,1,0
USR6710,43,0,36651,269,28730,100000,0.7838803852555183,0.2873,16,536,0.18,0,1,0.94,0,0,0
USR1746,57,4,12028,284,22650,100000,1.8831060857998005,0.2265,9,463,0.75,3,1,0.19,0,0,0
USR3697,51,1,55590,40,60580,300000,1.0897643461054147,0.20193333333333333,3,537,0.56,0,0,0.25,0,0,0
USR7011,34,1,26577,353,13997,300000,0.5266583888324491,0.046656666666666666,16,187,0.47,0,0,0.06,0,1,0
USR4997,22,2,41312,31,44773,300000,1.0837771107668475,0.14924333333333334,6,615,0.5,2,1,0.71,1,1,0
USR8715,29,2,23560,233,26574,200000,1.1279286926994907,0.13287,6,692,0.24,0,1,0.03,0,0,0
USR4638,40,1,59462,197,93341,300000,1.5697588375769398,0.3111366666666667,4,568,0.72,1,0,0.63,1,0,0
USR7155,61,0,56290,115,33300,500000,0.5915793213714692,0.0666,9,460,0.22,0,1,0.75,0,0,0
USR1582,41,3,50134,173,15079,100000,0.3007739258786452,0.15079,1,637,0.33,0,1,0.77,2,0,0
USR1260,30,1,48015,292,44224,200000,0.9210455066125169,0.22112,20,675,0.7,1,0,0.45,0,0,0
USR4126,36,2,27385,88,24882,100000,0.9085995983202483,0.24882,16,441,0.1,0,0,0.85,0,0,0
USR4715,53,4,49568,219,41419,500000,0.8355995803744352,0.082838,1,318,0.81,1,0,0.32,0,0,0
USR3808,62,1,12353,152,27203,300000,2.2021371326803205,0.09067666666666667,3,552,0.37,1,0,0.17,0,0,0
USR7975,60,2,51238,199,29223,100000,0.5703384207033843,0.29223,9,120,0.97,3,0,0.78,1,1,0
USR6705,39,1,50018,275,40857,500000,0.8168459354632333,0.081714,4,96,0.92,3,0,0.26,0,0,0
USR5939,25,1,49949,258,1000,200000,0.020020420829245832,0.005,3,423,0.26,0,0,0.4,1,0,0
USR8603,21,0,51315,27,51366,300000,1.0009938614440221,0.17122,0,22,0.92,1,0,0.61,2,0,0
USR5852,63,2,22673,23,25078,300000,1.106073303047678,0.08359333333333334,1,246,0.82,0,1,0.91,1,0,0
USR5693,41,2,6779,37,8716,300000,1.2857353591975218,0.029053333333333334,5,422,0.4,2,1,0.68,1,0,0
USR5368,51,1,19581,78,25711,200000,1.3130585771921761,0.128555,4,639,0.21,0,1,0.12,0,1,0
USR1056,23,4,37570,200,6967,100000,0.1854405110460474,0.06967,17,627,0.22,3,0,0.2,2,1,0
USR9972,42,5,54752,348,80596,500000,1.4720192869666862,0.161192,19,541,0.81,3,0,0.04,2,1,0
USR5687,33,3,42963,294,46721,100000,1.0874706142494706,0.46721,7,339,0.1,1,0,0.57,1,0,0
USR6240,28,1,32073,328,26116,100000,0.8142674523742712,0.26116,4,117,0.29,3,0,0.29,1,0,0
USR4833,37,1,38108,179,53280,200000,1.3981316259053218,0.2664,0,666,0.63,3,1,0.22,0,0,0
USR1949,46,1,17929,49,27481,300000,1.5327681410006135,0.09160333333333333,9,307,0.1,2,0,0.73,1,0,0
USR8344,25,2,11646,198,16585,100000,1.424094109565516,0.16585,7,360,0.26,0,0,0.4,1,1,0
USR5287,23,3,41020,106,35806,100000,0.8728912725499757,0.35806,19,481,0.02,1,0,0.54,2,0,0
USR1072,53,2,56544,332,49826,500000,0.88118986983588,0.099652,3,560,0.39,0,1,0.38,2,0,0
USR4030,64,1,54480,166,53389,300000,0.9799743024963289,0.17796333333333333,6,235,0.0,2,0,0.86,0,0,0
USR7449,66,0,31232,49,37661,500000,1.2058465676229508,0.075322,15,12,0.86,3,0,0.57,2,0,0
USR7102,47,1,11480,212,4731,300000,0.41210801393728225,0.01577,4,31,0.15,0,0,0.57,2,0,0
USR9165,53,0,24318,71,13268,200000,0.5456040792828357,0.06634,1,467,0.34,3,0,0.88,0,1,0
USR8798,19,0,20861,188,14610,200000,0.7003499352859403,0.07305,13,112,0.13,0,0,0.04,1,1,0
USR3874,54,2,6497,237,2970,300000,0.4571340618747114,0.0099,13,114,0.75,0,0,0.24,0,0,0
USR1907,44,1,44695,307,39275,100000,0.8787336391095201,0.39275,0,348,0.31,1,1,0.16,0,1,0
USR2234,47,2,54920,69,60020,500000,1.0928623452294246,0.12004,2,186,0.98,0,0,0.66,1,1,0
USR2486,31,1,20716,114,36070,200000,1.7411662483104846,0.18035,17,507,0.91,0,0,0.95,1,1,0
USR3077,40,1,13616,72,2657,500000,0.19513807285546417,0.005314,1,99,0.1,0,0,0.6,1,1,0
USR6775,60,2,34080,36,36764,500000,1.078755868544601,0.073528,16,575,0.53,0,0,0.75,1,0,0
USR7875,42,2,41359,211,88038,300000,2.128629802461375,0.29346,3,241,0.3,2,0,0.82,0,0,0
USR6456,53,1,26280,47,1000,500000,0.0380517503805175,0.002,11,76,0.24,3,0,0.03,2,0,0
USR4000,23,2,57250,75,57097,200000,0.9973275109170305,0.285485,18,437,0.16,2,0,0.32,1,0,0
USR4252,21,3,16329,327,9811,100000,0.6008328740278033,0.09811,10,371,0.65,0,0,0.37,2,1,0
USR1070,67,4,48828,184,70386,200000,1.4415089702629638,0.35193,2,398,0.77,2,0,0.49,0,1,0
USR9308,63,0,32341,349,38564,200000,1.192418292569803,0.19282,24,507,0.89,0,1,0.42,1,1,0
USR6494,31,4,18066,148,26303,100000,1.4559393335547437,0.26303,2,468,0.52,3,0,0.33,2,1,0
USR5920,65,3,53562,340,33161,300000,0.6191142974496845,0.11053666666666667,4,430,0.92,1,0,0.48,0,1,0
USR4115,51,2,50304,64,25026,500000,0.4974952290076336,0.050052,17,389,0.5,0,0,0.73,1,0,0
USR7886,54,4,55507,156,99419,300000,1.7911074278919776,0.3313966666666667,5,286,0.81,0,0,0.15,0,0,0
USR4575,59,1,38724,4,11206,100000,0.2893812622662948,0.11206,7,228,0.58,3,0,0.6,0,1,0
USR9299,65,2,26266,244,22393,300000,0.8525470189598721,0.07464333333333334,9,517,0.02,1,1,0.07,1,1,0
USR6567,69,1,19770,272,23989,300000,1.213404147698533,0.07996333333333333,5,331,0.69,3,0,0.86,1,0,0
USR7854,62,1,45271,106,10952,500000,0.2419208764993042,0.021904,14,441,0.08,1,0,0.37,1,0,0
USR3040,26,1,8305,279,9095,500000,1.095123419626731,0.01819,6,605,0.44,2,0,0.55,0,0,0
USR2515,18,2,59119,212,32677,500000,0.5527326240294999,0.065354,6,168,0.69,0,0,0.94,0,0,0
USR3710,46,3,41576,194,8155,100000,0.19614681547046373,0.08155,12,180,0.95,0,1,0.32,2,0,0
USR8133,22,2,36004,328,18084,300000,0.5022775247194756,0.06028,13,267,0.91,1,1,0.09,0,0,0
USR8670,57,1,27425,64,18766,300000,0.6842661804922516,0.06255333333333334,1,86,0.51,0,1,0.6,0,0,0
USR1144,58,0,38756,157,48302,500000,1.2463102487356796,0.096604,3,17,0.09,2,0,0.99,2,0,0
USR3505,60,3,30638,139,2308,300000,0.07533128794307722,0.007693333333333333,6,285,0.52,0,0,0.48,2,0,0
USR2881,70,4,5797,194,5808,200000,1.0018975332068312,0.02904,1,55,0.77,0,0,0.96,2,1,0
USR4785,68,1,52922,14,22600,500000,0.4270435735610899,0.0452,14,698,0.61,1,0,0.25,0,0,0
USR8679,18,4,44414,75,69408,100000,1.562750484081596,0.69408,10,153,0.66,1,1,0.98,0,0,0
USR1227,37,4,47075,74,18326,100000,0.38929368029739775,0.18326,4,647,0.94,1,1,0.94,2,0,0
USR7521,28,2,16807,134,29546,300000,1.757957993693104,0.09848666666666667,0,547,0.56,2,0,0.95,1,0,0
USR7047,28,2,27812,364,14731,100000,0.5296634546239033,0.14731,5,376,0.38,0,0,0.36,2,0,0
USR2832,62,2,12904,21,23902,300000,1.8522938623682579,0.07967333333333333,8,603,0.49,0,0,0.33,0,0,0
USR3305,28,1,53556,144,41374,300000,0.7725371573679887,0.13791333333333333,6,362,0.48,0,0,0.88,1,0,0
USR7795,52,3,23645,270,24317,100000,1.0284203848593783,0.24317,5,412,0.26,0,0,0.38,2,1,0
USR3191,60,2,27423,364,1000,100000,0.03646574043685957,0.01,7,407,0.35,3,0,0.64,2,0,0
USR8195,30,4,9501,320,1000,300000,0.1052520787285549,0.0033333333333333335,1,136,0.92,0,1,0.83,1,0,0
USR9238,40,4,23297,341,2841,200000,0.12194703180667038,0.014205,8,554,0.95,0,0,0.83,2,0,0
USR8784,69,3,49268,235,66508,500000,1.3499228708289357,0.133016,0,675,0.55,0,0,0.56,0,0,0
USR8213,23,3,29636,21,46021,500000,1.5528748819003915,0.092042,15,551,0.11,1,0,0.99,2,0,0
USR3318,64,1,14867,89,12881,100000,0.8664155512208247,0.12881,5,224,0.05,1,0,0.67,0,0,0
USR1586,46,2,49628,295,80677,100000,1.6256347223341663,0.80677,2,373,0.08,1,1,0.36,1,1,0
USR2752,67,2,48874,204,83781,300000,1.714224331955641,0.27927,4,442,0.59,0,1,0.15,0,0,0
USR3210,45,2,16020,95,28253,200000,1.7636079900124844,0.141265,3,192,0.76,1,0,0.78,0,0,0
USR4104,44,3,28961,246,12927,300000,0.4463588964469459,0.04309,15,94,0.65,0,1,0.69,2,0,0
USR7125,54,2,49962,52,55043,500000,1.1016972899403548,0.110086,4,379,0.82,1,0,0.39,1,0,0
USR1547,48,0,15814,11,11171,100000,0.706399392942962,0.11171,4,569,0.64,0,0,0.45,1,1,0
USR5459,32,3,6487,92,1000,500000,0.15415446277169725,0.002,7,574,0.26,3,0,0.63,0,0,0
USR2870,67,2,28089,335,6912,300000,0.24607497596924063,0.02304,13,198,0.4,2,0,0.59,0,0,0
USR4982,34,0,9518,332,9587,200000,1.00724942214751,0.047935,5,403,0.33,3,0,0.44,0,0,0
USR3694,63,0,53819,164,34232,500000,0.6360578977684461,0.068464,10,269,0.15,0,1,0.66,0,0,0
USR6871,56,2,57669,311,80053,500000,1.388146144375661,0.160106,10,593,0.03,1,0,0.06,0,1,0
USR7881,64,2,40455,10,63771,200000,1.5763440860215054,0.318855,8,428,0.59,1,0,0.37,0,0,0
USR2654,35,1,57972,281,93131,200000,1.6064824397985233,0.465655,12,559,0.03,0,0,0.38,0,0,0
USR4562,21,2,42997,37,1000,100000,0.02325743656534177,0.01,10,555,0.47,0,0,0.24,1,0,0
USR6792,57,1,26103,205,27137,100000,1.0396123050990307,0.27137,6,615,0.68,2,1,0.46,2,0,0
USR2865,27,0,40987,28,24083,300000,0.5875765486617708,0.08027666666666666,1,489,0.05,1,0,0.94,2,0,0
USR7887,40,1,17483,37,16482,300000,0.942744380255105,0.05494,16,5,0.18,1,0,0.27,0,0,0
USR8985,68,2,16184,9,3949,500000,0.2440064260998517,0.007898,3,612,0.79,0,0,0.85,0,0,0
USR7498,58,2,7421,210,11881,100000,1.6009971701926964,0.11881,4,434,0.55,0,0,0.75,0,0,0
USR5591,30,1,48930,8,42802,300000,0.8747598610259555,0.14267333333333335,1,508,0.6,2,1,0.12,2,1,0
USR2813,53,4,32591,98,56315,200000,1.7279310239023042,0.281575,10,539,0.08,1,0,0.71,1,0,0
USR7271,34,2,5078,167,3319,200000,0.6536037810161481,0.016595,3,246,0.32,0,1,0.88,0,0,0
USR8462,19,3,10649,359,5759,200000,0.5408019532350455,0.028795,0,398,0.74,0,0,0.82,0,0,0
USR2722,53,1,38051,114,46122,300000,1.2121100628104386,0.15374,10,366,0.26,0,0,0.58,1,1,0
USR8333,35,0,12586,135,11053,100000,0.8781979977753059,0.11053,9,135,0.54,0,0,0.46,2,1,0
USR6248,42,1,10708,59,7918,300000,0.7394471423234964,0.026393333333333335,6,40,0.71,0,1,0.3,0,0,0
USR3881,27,2,58200,189,105331,100000,1.8098109965635738,1.05331,4,89,0.69,1,0,0.06,1,0,0
USR7805,62,3,44227,317,30975,100000,0.700364031021774,0.30975,1,391,0.68,3,0,0.5,0,0,0
USR1166,41,2,19307,115,36640,200000,1.8977572901020354,0.1832,2,539,0.15,1,0,0.93,0,0,0
USR9017,22,2,19135,160,18170,100000,0.9495688528873791,0.1817,9,277,0.25,0,0,0.62,2,0,0
USR7432,25,0,13647,34,24263,500000,1.7778999047409687,0.048526,6,204,0.86,2,0,0.54,1,0,0
USR2414,59,1,47750,301,91044,500000,1.9066806282722513,0.182088,6,101,0.12,0,0,0.06,0,0,0
USR1933,49,1,35534,94,49873,300000,1.4035290144650194,0.16624333333333333,12,271,0.3,0,0,0.52,2,0,0
USR3347,52,4,52652,43,1000,500000,0.01899263085922662,0.002,8,140,0.23,1,0,0.97,0,1,0
USR3725,57,2,13718,56,27501,500000,2.004738300043738,0.055002,2,666,0.03,0,0,0.93,2,1,1
USR7999,32,6,43885,18,66440,100000,1.513956932892788,0.6644,0,457,0.93,0,1,0.16,2,0,0
USR5676,51,2,53625,63,90202,100000,1.6820885780885781,0.90202,6,110,0.05,3,1,0.76,1,1,0
USR9152,60,2,20178,208,1000,300000,0.049558925562493805,0.0033333333333333335,1,587,0.43,1,1,0.25,0,0,0
USR3969,21,3,8823,299,11204,300000,1.269862858438173,0.03734666666666667,4,62,0.53,0,1,0.57,0,0,0
USR7155,66,4,6790,322,9664,300000,1.4232695139911635,0.03221333333333333,7,48,0.11,2,0,0.09,1,0,0
USR2133,24,3,44604,269,53396,200000,1.197112366603892,0.26698,11,512,0.26,0,0,0.26,2,0,0
USR4685,54,4,48791,79,62089,100000,1.2725502654178025,0.62089,1,452,0.7,0,0,0.09,1,0,0
USR7549,19,4,55654,306,81556,200000,1.4654112911920079,0.40778,3,499,0.88,0,0,0.31,0,0,0
USR4533,22,3,41008,231,99784,200000,2.4332813109637144,0.49892,12,392,0.84,2,0,0.05,0,0,0
USR7544,56,2,49881,254,1000,500000,0.02004771355826868,0.002,8,463,0.49,3,0,0.56,0,0,0
USR1062,46,0,49164,116,8920,300000,0.18143356927833373,0.029733333333333334,6,575,0.36,1,0,0.75,0,0,0
USR4748,63,4,18591,170,21824,500000,1.1739013501156474,0.043648,3,199,0.23,1,1,0.93,2,0,0
USR9556,34,2,43274,59,1000,100000,0.023108564033830936,0.01,6,259,0.0,1,0,0.06,0,0,0
USR9167,30,2,31263,50,35702,500000,1.1419889326040367,0.071404,2,639,0.73,0,0,0.28,2,1,0
USR3805,52,1,31914,138,24638,500000,0.772012283010591,0.049276,3,101,0.36,3,0,0.57,0,0,0
USR1811,41,3,6564,158,5301,500000,0.8075868372943327,0.010602,6,600,0.79,0,1,0.25,1,0,0
USR1354,27,1,17652,354,13178,100000,0.7465443009290732,0.13178,8,148,0.21,1,1,0.99,1,0,0
USR2950,47,1,31807,40,24997,100000,0.7858961863740686,0.24997,1,239,0.51,3,0,0.87,0,0,0
USR8389,52,4,6827,54,5661,100000,0.829207558224696,0.05661,15,379,0.88,1,0,0.65,1,0,0
USR9574,51,2,21016,354,63315,100000,3.012704606014465,0.63315,2,235,0.8,0,1,0.27,2,0,0
USR4801,19,0,37605,165,66312,100000,1.7633825289190268,0.66312,12,179,0.04,1,0,0.1,1,0,0
USR5315,32,3,35949,167,44043,200000,1.225152299090378,0.220215,3,410,0.62,0,0,0.99,0,1,0
USR9227,53,0,20138,78,33252,300000,1.6512066739497469,0.11084,15,589,0.29,2,0,0.89,1,1,0
USR1948,63,0,41271,91,23405,100000,0.5671052312761988,0.23405,12,421,0.07,0,0,0.44,1,0,0
USR1727,57,1,34455,177,13627,500000,0.39550137860978085,0.027254,1,437,0.98,3,0,0.06,0,0,0
USR2587,38,2,11161,317,17754,100000,1.5907176776274528,0.17754,11,598,0.83,0,0,0.27,0,1,0
USR7165,49,1,23882,327,22846,300000,0.9566200485721463,0.07615333333333334,11,296,0.09,0,1,0.94,0,0,0
USR9943,55,0,31670,132,33230,200000,1.0492579728449636,0.16615,13,342,0.75,3,0,0.17,1,0,0
USR1087,66,0,41898,159,62817,100000,1.4992839753687526,0.62817,2,29,0.68,0,0,0.27,0,0,0
USR8502,51,1,48701,136,44822,200000,0.9203507114843638,0.22411,21,64,0.19,0,0,0.59,0,0,0
USR2727,21,1,11003,210,10452,500000,0.9499227483413615,0.020904,5,527,0.55,1,0,0.08,0,0,0
USR4556,31,1,18365,291,37396,500000,2.0362646338143207,0.074792,10,463,0.04,3,0,0.2,1,0,0
USR3912,59,1,45521,191,64173,100000,1.409744952878891,0.64173,1,423,0.67,0,0,0.07,2,0,0
USR4934,55,2,40628,206,1000,200000,0.024613566998129367,0.005,6,270,0.42,0,0,0.38,2,0,0
USR4761,26,1,49216,360,69404,500000,1.4101918075422626,0.138808,7,385,0.69,1,0,0.91,0,1,0
USR6513,34,1,30429,190,30749,200000,1.0105162838082093,0.153745,2,127,0.32,0,1,0.04,0,0,0
USR2917,32,5,8110,19,3889,300000,0.47953144266337855,0.012963333333333334,4,314,0.94,0,0,0.29,0,0,0
USR8751,60,1,10375,113,9566,300000,0.9220240963855422,0.03188666666666667,2,692,0.1,0,0,0.77,0,1,0
USR2713,28,1,58322,335,22712,300000,0.38942423099345014,0.07570666666666667,7,202,0.16,0,1,0.53,0,0,0
USR5229,32,4,43822,268,34815,500000,0.7944639678700196,0.06963,6,413,0.56,1,0,0.92,0,0,0
USR8211,45,3,51651,342,25696,100000,0.4974927881357573,0.25696,7,451,0.41,3,0,0.63,0,0,0
USR6353,47,3,11580,320,1000,200000,0.08635578583765112,0.005,1,494,0.08,0,0,0.1,2,0,0
USR4229,59,5,24146,155,34243,100000,1.4181644992959497,0.34243,1,40,0.3,1,0,0.27,0,0,0
USR4035,26,1,44474,193,1000,200000,0.022485047443450104,0.005,7,126,0.06,1,0,0.45,0,1,0
USR8307,23,1,8884,330,8849,500000,0.9960603331832508,0.017698,9,219,0.66,0,0,0.02,0,0,0
USR9746,50,3,29513,141,1000,100000,0.033883373428658554,0.01,14,662,0.62,1,0,0.32,0,1,0
USR3263,40,2,5959,242,9756,300000,1.6371874475583152,0.03252,1,168,0.3,0,0,0.15,1,0,0
USR4768,36,0,24923,251,47574,500000,1.9088392248124222,0.095148,10,525,0.98,0,0,0.62,2,0,0
USR4813,34,0,39398,180,34242,500000,0.8691304127113051,0.068484,17,302,0.17,0,0,0.19,0,1,0
USR9647,52,3,54485,172,96688,500000,1.7745801596769752,0.193376,10,283,0.89,1,1,0.74,2,0,0
USR5955,62,3,25704,93,54752,100000,2.1300964830376596,0.54752,6,573,0.43,0,0,0.88,1,0,0
USR8690,45,1,13122,71,18123,500000,1.3811156835848193,0.036246,4,217,0.29,1,1,1.0,1,0,0
USR1131,35,0,14160,26,1000,500000,0.07062146892655367,0.002,6,375,0.95,3,0,0.62,1,0,0
USR4478,60,1,37246,117,34973,100000,0.9389733125704773,0.34973,1,298,0.98,0,0,0.17,0,0,0
USR8780,63,2,36994,345,21607,500000,0.5840676866518895,0.043214,0,104,0.62,1,1,0.75,0,0,0
USR9977,59,1,49010,255,72944,500000,1.4883493164660273,0.145888,7,420,0.29,2,0,0.55,0,0,0
USR7170,33,1,10481,110,6827,100000,0.6513691441656331,0.06827,8,68,0.21,2,0,0.61,0,0,0
USR1185,22,5,57572,7,58998,500000,1.0247689849232267,0.117996,5,571,0.8,1,1,0.88,0,0,0
USR9009,32,2,6871,97,11472,500000,1.6696259641973512,0.022944,5,640,0.36,2,0,0.77,2,0,0
USR5928,63,3,32668,313,39071,300000,1.1960022039916738,0.13023666666666667,8,652,0.2,2,0,0.32,1,1,0
USR1329,62,1,51297,204,75692,100000,1.4755638731309824,0.75692,3,489,0.81,3,0,0.35,0,0,0
USR7326,70,3,29988,109,48875,100000,1.6298185941043084,0.48875,20,266,0.73,2,0,0.84,2,0,0
USR6537,56,2,37022,174,31208,300000,0.8429582410458646,0.10402666666666667,4,353,0.65,2,0,0.91,0,0,0
USR9872,53,0,27804,22,75550,300000,2.717234930225867,0.25183333333333335,0,318,0.11,2,0,0.78,0,1,1
USR3376,18,2,7874,127,5187,300000,0.658750317500635,0.01729,0,31,0.76,1,0,0.44,1,0,0
USR1341,29,0,32474,231,32152,300000,0.9900843751924616,0.10717333333333333,7,288,0.51,1,0,0.08,2,1,0
USR7998,54,3,15177,183,3437,100000,0.2264610924425117,0.03437,12,270,0.81,0,0,0.92,1,0,0
USR1660,33,1,6605,195,8678,100000,1.3138531415594248,0.08678,3,173,0.22,1,1,0.86,0,1,0
USR7780,21,0,11306,97,1336,300000,0.11816734477268707,0.0044533333333333334,5,643,0.67,3,1,0.52,0,1,0
USR2728,56,2,22162,147,40768,300000,1.839545167403664,0.13589333333333334,13,153,0.88,0,0,0.54,1,1,1
USR1419,21,2,57342,182,66955,200000,1.1676432632276517,0.334775,9,570,0.63,0,0,0.16,1,0,0
USR4470,61,0,55843,186,123270,500000,2.207438712103576,0.24654,7,183,0.53,0,0,0.43,0,1,0
USR1090,57,2,7943,130,7154,500000,0.9006672541860757,0.014308,9,600,0.97,0,0,0.88,0,0,0
USR6499,34,2,10283,150,17968,300000,1.7473499951376057,0.05989333333333333,0,295,0.31,2,0,0.8,1,0,0
USR4449,30,3,21087,215,36491,500000,1.730497462891829,0.072982,20,110,0.78,3,1,0.05,2,1,0
USR2672,22,2,10701,175,10763,300000,1.0057938510419586,0.03587666666666667,20,684,0.77,0,0,0.86,2,0,0
USR8641,47,2,41693,249,26312,300000,0.6310891516561533,0.08770666666666667,3,299,0.36,0,1,0.45,2,0,0
USR2501,29,2,11546,307,6407,300000,0.5549107916161441,0.021356666666666666,14,276,0.24,2,0,0.65,0,0,0
USR1907,21,0,20448,267,20339,300000,0.9946694053208138,0.06779666666666667,2,179,0.22,0,0,0.58,2,0,0
USR3713,62,5,32406,129,48878,300000,1.5083009319261864,0.16292666666666666,3,134,0.71,0,0,0.76,0,1,0
USR3456,41,1,19040,91,29654,300000,1.5574579831932773,0.09884666666666667,6,552,0.73,1,1,0.66,0,0,0
USR4300,34,4,42140,306,34703,300000,0.823516848599905,0.11567666666666666,6,106,0.67,0,0,0.88,1,0,0
USR4477,69,2,8421,219,4875,500000,0.5789098681866761,0.00975,3,654,0.56,0,0,0.41,2,0,0
USR2755,50,2,25253,333,8467,500000,0.3352868966063438,0.016934,2,301,0.78,0,1,0.99,1,1,0
USR6629,34,2,56738,46,54022,500000,0.9521308470513589,0.108044,2,156,0.43,1,0,0.07,1,0,0
USR1750,45,2,34994,141,51296,100000,1.4658512887923645,0.51296,6,376,0.59,0,0,0.85,0,0,0
USR4136,19,2,18494,122,1583,200000,0.08559532821455607,0.007915,6,567,0.2,1,0,0.3,1,0,0
USR6296,51,1,17948,289,26421,300000,1.4720860262981947,0.08807,3,438,0.12,0,0,0.19,0,1,0
USR3904,24,1,23872,151,34943,100000,1.4637650804289544,0.34943,5,61,0.46,2,1,0.67,0,0,0
USR8218,67,4,40176,324,36802,500000,0.9160195141377937,0.073604,9,282,0.44,2,0,0.67,0,1,0
USR5252,64,4,30654,147,22847,100000,0.7453187186011614,0.22847,5,287,0.6,2,0,0.43,0,0,0
USR8815,25,1,36709,235,43326,300000,1.1802555231687053,0.14442,0,84,0.45,0,0,0.65,2,1,0
USR3520,66,2,59916,324,72148,500000,1.204152480138861,0.144296,5,256,0.54,0,1,0.02,1,0,0
USR4860,69,1,32487,227,4319,200000,0.13294548588666236,0.021595,14,304,0.78,0,0,0.5,2,0,0
USR5406,61,2,34926,147,57557,100000,1.6479699937009678,0.57557,2,555,0.07,1,0,0.24,0,1,0
USR4201,36,4,15107,247,18078,100000,1.1966637982392268,0.18078,1,452,0.69,1,0,0.31,1,0,0
USR3347,34,3,45899,151,51000,300000,1.1111353188522626,0.17,8,12,0.73,1,0,0.19,0,0,0
USR3404,37,1,33935,339,45779,100000,1.349020185649035,0.45779,7,175,0.6,0,0,0.8,1,0,0
USR3390,22,4,34317,181,76226,200000,2.2212314596264244,0.38113,0,317,0.53,1,0,0.35,0,1,0
USR2577,26,1,17204,75,16457,300000,0.95657986514764,0.054856666666666665,11,464,0.1,2,0,0.67,0,0,0
USR3738,58,4,5005,18,3150,100000,0.6293706293706294,0.0315,7,260,0.28,0,0,0.45,0,1,0
USR9055,70,0,16008,17,21621,500000,1.3506371814092955,0.043242,21,651,0.01,0,0,0.84,0,0,0
USR6262,57,2,17040,58,19908,100000,1.1683098591549297,0.19908,5,221,0.75,0,0,0.01,1,0,0
USR9318,56,2,50213,205,64618,200000,1.2868779001453807,0.32309,0,632,0.31,1,0,0.77,0,0,0
USR9006,57,0,35312,66,47123,500000,1.3344755323969189,0.094246,3,205,0.03,1,1,0.59,0,0,0
USR2727,33,3,35319,49,57698,100000,1.633624961069113,0.57698,12,641,0.12,0,0,0.3,0,1,0
USR4708,30,3,12371,115,6425,100000,0.5193597930644248,0.06425,10,7,0.9,0,1,0.18,1,0,0
USR4131,36,1,44727,69,11923,300000,0.26657276365506294,0.03974333333333333,2,88,0.08,1,0,0.32,1,0,0
USR4888,18,3,56691,39,153680,500000,2.710835935157256,0.30736,7,192,0.45,0,0,0.46,1,0,0
USR2361,68,2,18408,34,11397,300000,0.6191329856584094,0.03799,20,323,0.88,1,0,0.91,0,0,0
USR1587,49,0,8704,170,12475,300000,1.433249080882353,0.04158333333333333,8,17,0.07,0,0,0.74,2,0,0
USR6486,43,5,50772,135,1000,200000,0.019695895375403765,0.005,14,491,0.94,0,0,0.34,0,1,0
USR3914,31,4,57254,187,36325,300000,0.6344534879659063,0.12108333333333333,13,363,0.93,3,1,0.96,0,0,0
USR2800,23,5,57592,18,28645,300000,0.4973781080705654,0.09548333333333334,1,518,0.34,1,0,0.15,0,0,0
USR5294,31,1,36435,253,12005,300000,0.32949087415946204,0.040016666666666666,5,181,0.79,1,0,0.03,0,0,0
USR8836,56,5,48935,5,56674,200000,1.1581485644221927,0.28337,5,60,0.35,2,0,0.44,0,0,0
USR2199,25,2,23736,23,1000,100000,0.04213009774182676,0.01,8,246,0.26,0,0,0.76,0,0,0
USR7588,51,1,20372,220,31616,200000,1.5519340270960142,0.15808,5,462,0.07,1,1,0.86,2,0,0
USR1789,63,2,8454,144,9367,300000,1.1079962148095577,0.031223333333333332,24,195,0.68,0,0,0.24,0,0,0
USR5117,64,1,50203,272,61647,500000,1.2279545047108738,0.123294,3,551,0.05,3,1,0.55,1,0,0
USR2190,38,0,21268,123,1690,300000,0.07946210268948656,0.005633333333333333,2,334,0.24,1,0,0.93,0,1,0
USR7446,39,2,32631,84,10476,500000,0.32104440562655145,0.020952,14,15,0.6,0,0,0.78,0,0,0
USR3572,69,2,51952,348,65670,500000,1.264051432091161,0.13134,17,652,0.56,2,0,0.01,2,0,0
USR7757,40,3,23172,115,1000,100000,0.043155532539271534,0.01,0,428,0.07,2,0,0.41,2,1,0
USR4378,70,1,20238,98,36603,300000,1.8086273347168693,0.12201,27,603,0.31,0,0,0.99,0,0,1
USR5300,35,0,9521,256,18792,500000,1.9737422539649196,0.037584,12,8,0.86,0,1,0.84,2,0,1
USR1914,20,2,18878,279,29638,300000,1.5699756330119716,0.09879333333333333,5,546,0.37,0,1,0.41,1,0,0
USR7403,28,1,23171,331,18742,500000,0.8088558974580294,0.037484,10,114,0.69,1,0,0.08,0,0,0
USR6455,67,4,54424,157,10318,500000,0.18958547699544318,0.020636,15,547,0.99,0,0,0.88,2,1,0
USR5506,47,2,39687,224,22488,100000,0.5666339103484769,0.22488,14,177,0.47,0,0,0.67,1,0,0
USR1734,67,4,32562,28,62523,300000,1.920121614151465,0.20841,25,671,0.85,0,0,1.0,1,1,1
USR9323,61,2,23006,126,17042,200000,0.740763279144571,0.08521,3,93,0.51,0,0,0.87,1,0,0
USR8919,50,5,44972,146,2664,200000,0.05923685848972694,0.01332,8,560,0.74,0,0,0.88,1,0,0
USR4029,66,1,31777,289,55032,100000,1.731818610945023,0.55032,17,158,0.11,0,0,0.58,0,0,0
USR2686,51,1,14926,115,28226,500000,1.8910625753718344,0.056452,5,318,0.31,0,0,0.51,0,0,0
USR2086,60,2,7509,316,11713,200000,1.5598614995338926,0.058565,1,190,0.6,0,0,0.72,2,1,0
USR1348,48,3,43848,284,81802,300000,1.865581098339719,0.2726733333333333,13,359,0.99,0,1,0.59,1,0,0
USR4090,52,0,9379,321,21552,300000,2.2978995628531824,0.07184,2,364,0.03,0,0,0.5,0,0,0
USR3414,55,0,30893,161,65534,100000,2.1213219823260934,0.65534,20,681,0.94,3,0,0.93,0,1,1
USR9571,29,3,28638,52,50443,100000,1.7614009358195404,0.50443,6,85,0.81,2,0,0.01,0,0,0
USR6421,36,1,55687,215,77989,500000,1.40048844434069,0.155978,7,202,0.81,1,0,0.22,0,0,0
USR1617,58,2,11553,208,11697,100000,1.0124642949883147,0.11697,2,90,0.77,1,0,0.79,0,0,0
USR2216,27,4,58101,187,47833,100000,0.8232732655203869,0.47833,11,271,0.89,0,1,0.72,0,0,0
USR6815,43,1,22829,101,22618,200000,0.9907573700118271,0.11309,2,424,0.42,0,0,0.43,0,0,0
USR2504,35,2,26140,315,36414,100000,1.3930374904361131,0.36414,8,444,0.39,3,0,0.58,0,0,0
USR2063,32,2,51379,135,94641,100000,1.8420171665466436,0.94641,4,101,0.92,2,0,0.08,1,0,0
USR3002,48,1,5649,32,2492,100000,0.44114002478314746,0.02492,4,390,0.22,3,0,0.79,1,1,0
USR2867,31,2,39942,183,20602,100000,0.5157979069650994,0.20602,19,501,0.03,1,0,0.41,2,1,0
USR8471,53,1,29107,296,1000,500000,0.03435599683924829,0.002,2,659,0.44,0,0,0.46,2,0,0
USR4398,68,1,29070,31,32055,300000,1.1026831785345717,0.10685,16,553,0.16,0,0,0.26,1,1,0
USR6761,39,2,7766,252,1000,200000,0.12876641771825909,0.005,0,132,0.36,0,0,0.92,0,0,0
USR3642,68,2,49349,275,9930,100000,0.20121988287503292,0.0993,1,136,0.43,0,1,0.47,0,0,0
USR6189,56,0,44998,276,26677,300000,0.5928485710476021,0.08892333333333333,5,184,0.58,0,0,0.73,1,0,0
USR1454,69,5,9383,6,4634,100000,0.4938718959820953,0.04634,9,575,0.99,0,0,0.77,0,0,0
USR8636,70,3,16837,41,10416,500000,0.618637524499614,0.020832,18,118,0.1,2,0,0.97,2,1,0
USR4237,59,5,37284,336,44985,100000,1.2065497264242033,0.44985,3,186,0.02,0,0,0.53,1,0,0
USR9213,61,2,57008,25,111041,300000,1.9478143418467584,0.37013666666666667,15,487,0.03,2,1,0.54,1,0,0
USR3415,23,1,50672,346,26518,100000,0.523326491948216,0.26518,0,195,0.39,1,1,0.07,2,0,0
USR6381,50,2,6759,32,8598,300000,1.2720816688859298,0.02866,14,468,0.06,1,0,0.07,1,0,0
USR8236,58,2,14339,359,9467,500000,0.6602273519771253,0.018934,12,566,0.8,1,0,0.35,1,0,0
USR3515,24,1,52814,281,65309,500000,1.236584996402469,0.130618,1,345,0.94,0,0,0.33,1,0,0
USR6351,68,1,31943,290,40137,300000,1.2565194252261842,0.13379,3,13,0.29,1,0,0.14,0,0,0
USR3981,45,0,56060,277,112175,200000,2.0009810916874775,0.560875,2,23,0.62,1,0,0.37,0,0,0
USR2814,59,0,37028,108,39507,300000,1.0669493356378956,0.13169,11,368,0.08,0,0,0.03,2,0,0
USR9255,31,0,58568,29,48390,200000,0.8262190957519464,0.24195,4,458,0.11,0,0,0.32,2,0,0
USR6443,27,0,20899,281,27307,500000,1.3066175415091632,0.054614,12,187,0.52,1,0,0.39,2,1,0
USR3888,29,5,53437,257,12145,500000,0.22727698036940697,0.02429,2,132,0.37,2,0,0.52,0,0,0
USR1578,66,0,28479,248,41065,100000,1.4419396748481337,0.41065,4,343,0.05,0,0,0.99,1,0,0
USR5894,18,1,36636,183,52144,100000,1.4232994868435418,0.52144,2,52,0.08,0,0,0.44,0,0,0
USR9156,45,2,46555,145,18621,300000,0.39997852003007195,0.06207,6,583,0.44,3,0,0.79,0,0,0
USR9814,48,1,7855,26,1000,100000,0.1273074474856779,0.01,10,688,0.34,1,0,0.75,0,0,0
USR3326,49,2,12245,78,5177,100000,0.42278481012658226,0.05177,14,520,0.22,2,0,0.21,0,0,0
USR2982,29,1,39456,351,31046,500000,0.7868511759935117,0.062092,9,639,0.33,2,1,0.59,2,0,0
USR4142,61,2,46746,359,50038,500000,1.0704231378085824,0.100076,3,376,0.12,0,0,0.06,0,0,0
USR4163,68,4,8667,264,5517,300000,0.6365524402907581,0.01839,9,361,0.84,0,0,0.5,0,1,0
USR4573,31,0,37091,338,33543,300000,0.9043433717074223,0.11181,25,174,0.94,0,0,0.51,1,0,0
USR9843,49,2,20839,210,22602,100000,1.0846009885311196,0.22602,12,412,0.51,2,1,0.75,0,0,0
USR2350,30,1,58742,193,1000,500000,0.017023594702257328,0.002,0,522,0.62,1,0,0.41,0,0,0
USR8874,26,1,19111,168,23859,100000,1.2484433049029355,0.23859,5,694,0.26,1,1,0.54,0,0,0
USR6215,68,1,41553,177,48529,300000,1.1678819820470243,0.16176333333333334,3,658,0.76,3,0,0.1,2,1,0
USR6721,31,4,54661,220,13297,500000,0.24326302116682827,0.026594,1,492,0.41,0,0,0.76,2,0,0
USR2362,28,2,31559,173,36524,100000,1.15732437656453,0.36524,20,479,0.85,1,0,0.62,2,1,0
USR2805,68,2,51373,137,9607,300000,0.18700484690401573,0.032023333333333334,12,614,0.46,1,0,0.39,0,1,0
USR7812,57,1,57363,2,10118,500000,0.17638547495772536,0.020236,11,254,0.21,2,0,0.81,1,0,0
USR5133,48,2,48368,1,48193,300000,0.9963819053919947,0.16064333333333333,13,126,0.22,1,1,0.52,1,0,0
USR9715,26,0,30637,53,28447,200000,0.9285178052681399,0.142235,0,376,0.54,0,1,0.23,1,0,0
USR2751,43,5,9638,21,16019,500000,1.6620668188420835,0.032038,3,259,0.38,0,1,0.65,2,1,0
USR6961,46,1,52141,61,49948,200000,0.9579409677604955,0.24974,6,213,0.45,0,1,0.95,0,0,0
USR2711,29,1,49626,176,66465,500000,1.3393180993833878,0.13293,3,195,1.0,1,0,0.29,2,0,0
USR2070,26,2,53513,322,28860,100000,0.5393082054827799,0.2886,6,291,0.35,1,1,0.52,0,1,0
USR5464,69,2,37864,203,47611,200000,1.2574212972744558,0.238055,4,452,0.76,2,0,0.5,0,0,0
USR3202,31,1,55105,179,68904,200000,1.250412848198893,0.34452,8,584,0.55,2,0,0.86,1,0,0
USR1777,18,3,30420,198,61351,300000,2.0167981591058513,0.20450333333333334,0,290,0.86,0,0,0.31,2,0,0
USR7584,54,2,26279,214,36991,300000,1.4076258609536132,0.12330333333333333,5,547,0.32,0,0,0.59,0,0,0
USR5286,54,2,40654,30,20111,200000,0.49468686968072023,0.100555,3,683,0.91,0,1,0.33,0,0,0
USR9949,58,4,59879,328,26900,300000,0.44923929925349454,0.08966666666666667,19,538,0.49,0,0,0.34,2,0,0
USR7824,52,1,20191,108,1000,200000,0.04952701698776683,0.005,10,282,0.93,2,1,0.62,0,0,0
USR7813,58,1,14519,142,19699,100000,1.3567738824987947,0.19699,19,66,0.81,3,0,0.24,2,0,0
USR7435,66,2,42917,327,60868,300000,1.418272479437053,0.20289333333333334,2,689,0.24,0,1,0.6,1,0,0
USR1212,22,1,55648,256,54891,200000,0.9863966359976998,0.274455,13,416,0.26,2,0,0.39,0,0,0
USR9104,46,2,33062,220,32327,200000,0.9777690399854818,0.161635,6,571,0.87,0,0,0.89,0,0,0
USR8622,51,1,53353,107,63400,500000,1.1883118100200551,0.1268,1,522,0.11,1,1,0.57,2,0,0
USR7021,36,4,31093,142,26631,300000,0.8564950310359245,0.08877,11,83,0.43,1,0,0.38,0,0,0
USR9298,45,3,55530,65,48573,100000,0.8747163695299838,0.48573,3,296,0.34,0,1,0.39,0,0,0
USR1847,65,3,14441,250,24931,200000,1.7264039886434457,0.124655,8,438,0.3,3,0,0.26,0,1,0
USR5990,49,2,58168,5,65156,100000,1.1201347820107275,0.65156,15,133,0.66,2,0,0.65,0,1,0
USR7313,31,1,59727,343,1000,500000,0.016742846618782125,0.002,20,245,0.5,1,0,0.8,2,0,0
USR7023,29,1,50666,152,77103,300000,1.5217897603915842,0.25701,10,324,0.16,0,0,0.94,2,0,0
USR8372,56,2,34016,150,46773,200000,1.3750293979303858,0.233865,8,541,0.34,3,0,0.61,0,0,0
USR4455,37,1,20860,182,25773,500000,1.235522531160115,0.051546,5,500,0.51,2,0,0.35,1,0,0
USR9729,47,0,17708,50,23335,500000,1.3177659814772984,0.04667,14,322,0.73,0,0,0.49,1,0,0
USR5091,67,1,25375,348,1000,300000,0.03940886699507389,0.0033333333333333335,5,88,0.92,0,0,0.61,0,0,0
USR3632,28,4,58801,184,63976,200000,1.0880087073349092,0.31988,8,419,0.08,0,0,0.36,0,0,0
USR3251,21,0,56117,27,14855,200000,0.264714792308926,0.074275,14,549,0.67,1,0,0.91,1,0,0
USR3496,68,4,55535,222,57429,500000,1.0341046187089222,0.114858,2,356,0.25,1,0,0.14,2,1,0
USR9648,31,1,15328,188,19345,200000,1.2620694154488519,0.096725,14,260,0.35,1,1,0.17,0,1,0
USR4201,65,2,29556,180,28246,300000,0.9556773582352145,0.09415333333333334,5,40,0.62,3,1,0.1,0,0,0
USR4265,69,3,58741,119,44628,500000,0.7597419179108289,0.089256,14,381,0.17,0,0,0.46,0,0,0
USR4000,70,3,9632,231,11614,500000,1.2057724252491695,0.023228,7,356,0.87,0,0,0.47,2,0,0
USR3148,29,4,50935,196,51331,500000,1.0077746147050162,0.102662,2,635,0.39,0,1,0.77,1,0,0
USR8686,22,3,39076,44,50353,100000,1.2885914627904596,0.50353,12,418,0.6,2,0,0.69,0,0,0
USR6479,42,0,53130,310,19740,300000,0.3715415019762846,0.0658,14,147,0.95,0,1,0.88,0,0,0
USR2332,63,1,15988,160,31016,200000,1.9399549662246685,0.15508,12,55,0.62,0,0,0.18,1,0,0
USR1049,40,2,5016,108,2195,100000,0.43759968102073366,0.02195,5,646,0.08,3,0,0.59,1,0,0
USR2684,23,2,47771,362,44264,500000,0.9265872600531704,0.088528,8,422,0.07,0,0,0.17,2,0,0
USR4155,28,0,6624,143,4419,200000,0.6671195652173914,0.022095,16,309,0.13,2,1,0.42,2,0,0
USR3005,39,1,47387,268,33640,200000,0.7098993394812924,0.1682,9,78,0.18,3,1,0.46,2,0,0
USR8288,40,2,11163,223,6773,100000,0.606736540356535,0.06773,7,132,0.73,3,0,0.47,0,1,0
USR8724,19,3,19327,172,2511,200000,0.12992187095772753,0.012555,2,200,0.07,1,0,0.18,0,0,0
USR5269,29,1,55723,307,35920,500000,0.6446171239882993,0.07184,4,457,0.04,0,0,0.67,1,0,0
USR4167,49,3,50572,39,2726,300000,0.05390334572490706,0.009086666666666667,0,659,0.45,2,1,0.07,0,0,0
USR8959,61,1,17831,12,26430,200000,1.4822500140205261,0.13215,4,427,0.44,1,1,0.01,2,0,0
USR3767,69,2,35868,168,54860,200000,1.529497044719527,0.2743,7,524,0.93,1,0,0.73,2,0,0
USR7389,54,3,27292,279,18741,500000,0.6866847427817675,0.037482,14,663,0.14,0,0,0.6,0,0,0
USR1356,65,4,44907,35,57191,100000,1.2735431001848265,0.57191,7,280,0.05,3,1,0.22,2,0,0
USR4569,52,3,57801,229,82971,300000,1.435459594124669,0.27657,4,689,0.16,0,1,0.2,1,0,0
USR3965,60,2,21004,235,1000,500000,0.04760997905160922,0.002,6,122,0.03,0,1,0.89,1,0,0
USR9672,68,5,59956,174,115743,300000,1.9304656748282074,0.38581,26,391,0.96,2,0,0.61,1,0,1
USR3856,43,2,12505,253,22572,300000,1.8050379848060776,0.07524,4,78,0.16,2,0,0.55,2,0,0
USR8580,53,3,13097,213,19424,300000,1.483087730014507,0.06474666666666666,13,305,0.84,2,0,0.93,0,0,0
USR6819,34,4,17566,344,19656,100000,1.11897984743254,0.19656,7,590,0.74,0,0,0.41,0,1,0
USR6030,29,3,27636,348,22460,200000,0.8127080619481836,0.1123,6,685,0.66,1,0,0.48,0,0,0
USR3571,53,4,48497,26,44005,200000,0.9073757139616884,0.220025,0,303,0.73,2,0,0.84,1,0,0
USR5107,44,3,31802,169,36324,500000,1.1421923149487454,0.072648,14,672,0.06,3,0,0.3,2,0,0
USR2633,56,2,10290,190,16601,300000,1.6133138969873664,0.055336666666666666,1,241,0.32,1,0,0.08,0,0,0
USR9714,67,3,24580,281,18321,300000,0.7453620829943043,0.06107,13,505,0.43,2,1,0.93,2,1,0
USR1826,27,1,11337,48,16544,500000,1.4592925818117668,0.033088,14,166,0.91,2,0,0.49,0,0,0
USR3734,52,0,31108,234,20118,500000,0.6467146714671467,0.040236,18,315,0.23,0,1,0.1,1,0,0
USR2358,47,1,11044,236,2235,500000,0.20237232886635276,0.00447,3,610,0.99,3,1,0.72,0,0,0
USR7340,37,3,19422,254,21584,100000,1.1113170631242921,0.21584,9,267,0.04,3,1,0.14,0,0,0
USR6910,66,0,32427,277,83206,500000,2.565948129645049,0.166412,12,432,0.44,1,0,0.47,0,0,0
USR2094,41,2,7894,50,1000,500000,0.12667848999239928,0.002,3,547,0.96,3,1,0.49,0,0,0
USR4255,32,0,54165,64,50812,100000,0.9380965568171329,0.50812,5,591,0.75,0,0,0.8,1,1,0
USR1658,25,4,25462,19,22777,100000,0.8945487392977771,0.22777,0,227,0.66,1,0,0.95,0,1,0
USR7476,30,2,50196,105,53057,100000,1.056996573432146,0.53057,0,435,0.63,2,1,0.92,1,1,0
USR8822,43,2,23583,307,18414,300000,0.780816689988551,0.06138,0,218,0.23,0,0,0.29,0,0,0
USR9702,36,1,16262,43,16965,300000,1.043229615053499,0.05655,18,374,0.33,0,1,0.81,2,0,0
USR7411,31,1,25968,60,30531,100000,1.1757162661737524,0.30531,13,215,0.5,1,0,0.96,0,0,0
USR7374,27,2,29548,209,13637,300000,0.4615202382563964,0.045456666666666666,12,449,0.12,0,0,0.51,0,0,0
USR8278,33,5,20308,184,26660,200000,1.3127831396493992,0.1333,0,400,0.64,1,0,0.32,0,0,0
USR4653,30,2,21114,42,36622,300000,1.7344889646679928,0.12207333333333334,14,584,0.29,0,1,0.9,0,0,0
USR6297,51,3,15147,243,22834,500000,1.507493232983429,0.045668,20,61,0.92,1,0,0.28,0,0,0
USR6275,60,0,45316,256,62522,200000,1.3796892929649571,0.31261,20,461,0.51,3,0,0.23,0,1,0
USR5671,24,2,47583,113,49147,200000,1.03286888174348,0.245735,12,490,0.31,0,0,0.22,0,0,0
USR2552,45,4,26965,118,16914,500000,0.6272575560912294,0.033828,12,132,0.42,1,0,0.55,0,0,0
USR9289,56,1,29592,89,12149,200000,0.4105501486888348,0.060745,16,100,0.49,1,0,0.71,2,1,0
USR5795,28,0,49269,74,83540,300000,1.6955895187643346,0.27846666666666664,5,700,0.16,0,0,0.23,0,0,0
USR3667,61,2,12650,145,3772,200000,0.29818181818181816,0.01886,3,700,0.95,1,1,0.46,1,1,0
USR7652,20,1,18137,234,33142,300000,1.8273143298230137,0.11047333333333334,4,537,0.51,0,0,0.12,1,1,0
USR3948,26,3,46144,317,84138,500000,1.823378987517337,0.168276,2,462,0.99,3,1,0.09,1,0,0
USR3734,50,2,42080,22,46297,500000,1.1002138783269961,0.092594,3,241,0.97,0,0,0.63,2,1,0
USR3351,21,2,24462,26,16373,500000,0.669323849235549,0.032746,2,491,1.0,3,0,0.37,1,0,0
USR3297,42,1,57403,72,38534,200000,0.671288957023152,0.19267,4,300,0.53,3,1,0.98,0,0,0
USR4311,18,4,37503,360,11760,500000,0.3135749140068794,0.02352,1,368,0.83,3,1,0.38,0,0,0
USR6321,59,5,33612,194,43196,300000,1.285136260859217,0.14398666666666668,13,487,0.45,3,0,0.83,1,0,0
USR6356,29,2,14034,1,16293,300000,1.1609662248824284,0.05431,0,13,0.54,1,1,0.78,2,0,0
USR9737,70,1,27837,166,39114,500000,1.4051083090850307,0.078228,8,69,0.15,2,0,0.43,2,1,0
USR3656,51,3,12630,21,9935,100000,0.7866191607284244,0.09935,6,314,0.29,1,0,0.79,0,0,0
USR4980,27,4,10291,186,13123,100000,1.2751919152657663,0.13123,16,552,0.91,0,0,0.6,0,0,0
USR7502,60,3,36064,114,1000,300000,0.027728482697426796,0.0033333333333333335,6,485,0.72,0,0,0.95,0,0,0
USR2535,43,2,12802,168,9458,200000,0.7387908139353226,0.04729,11,693,0.64,1,1,0.71,0,0,0
USR9388,25,2,48307,348,45893,300000,0.9500279462603763,0.15297666666666668,0,234,0.81,1,0,0.66,1,0,0
USR2849,42,2,42682,297,70364,300000,1.6485637973853147,0.23454666666666665,9,574,0.48,3,0,0.32,1,0,0
USR9606,53,2,30552,92,28051,200000,0.9181395653312385,0.140255,16,119,0.4,3,1,0.96,2,1,0
USR2885,67,2,53509,327,39750,100000,0.7428656861462558,0.3975,3,687,0.27,0,1,0.63,0,0,0
USR6684,52,4,54008,36,64349,300000,1.1914716338320248,0.21449666666666667,4,683,0.48,1,0,0.43,2,0,0
USR3445,22,3,11174,265,21047,100000,1.8835689994630391,0.21047,7,485,0.05,0,0,0.08,0,0,0
USR2906,42,0,44503,235,39387,200000,0.885041457879244,0.196935,10,614,0.34,1,0,0.33,2,0,0
USR3500,42,4,46620,319,20690,500000,0.4438009438009438,0.04138,6,13,0.39,0,1,0.73,0,0,0
USR8948,53,1,33240,40,35863,100000,1.0789109506618533,0.35863,8,311,0.85,3,0,0.48,0,1,0
USR3009,28,0,30616,119,31786,200000,1.03821531225503,0.15893,22,338,0.65,2,0,0.87,0,1,0
USR7193,29,3,30180,233,46737,200000,1.5486083499005965,0.233685,4,56,0.86,0,0,0.36,1,0,0
USR6542,58,1,33602,357,31148,500000,0.9269686328194751,0.062296,22,498,0.38,1,1,0.34,0,0,0
USR7400,35,1,5085,200,7732,300000,1.52055063913471,0.025773333333333332,1,291,0.15,1,0,0.52,0,0,0
USR8720,25,1,52972,306,57577,300000,1.086932719172393,0.19192333333333333,0,113,0.96,0,0,0.75,2,1,0
USR4955,68,1,10921,101,22796,100000,2.0873546378536765,0.22796,9,104,0.8,1,0,0.92,0,0,1
USR4364,42,3,51075,69,20633,200000,0.40397454723445914,0.103165,1,643,0.09,1,0,0.95,0,1,0
USR3739,28,1,55889,22,70777,300000,1.2663851562919357,0.23592333333333335,4,668,0.34,3,0,0.33,0,0,0
USR8418,37,1,21788,259,37411,500000,1.7170460804112355,0.074822,9,358,0.95,0,0,0.6,1,0,0
USR8886,50,1,27295,229,69938,500000,2.562300787690053,0.139876,11,460,0.82,0,0,0.06,2,0,0
USR1187,54,1,29110,95,5851,200000,0.20099622122981795,0.029255,4,643,0.31,0,1,0.76,0,0,0
USR5125,68,2,6446,134,7359,300000,1.1416382252559727,0.02453,5,418,0.0,1,0,0.31,2,0,0
USR8491,38,2,10298,152,14764,300000,1.4336764420275783,0.04921333333333333,1,627,0.62,0,0,0.41,0,1,0
USR3913,51,5,28194,137,27619,300000,0.9796055898418103,0.09206333333333333,12,580,0.43,0,1,0.54,0,0,0
USR3682,39,1,46942,146,71848,300000,1.5305696391291381,0.23949333333333334,4,448,0.81,0,0,0.16,0,0,0
USR2766,32,3,7852,196,15608,100000,1.987773815588385,0.15608,15,546,0.3,0,0,0.99,1,0,0
USR9799,39,1,51724,138,68387,300000,1.3221521924058464,0.22795666666666667,4,324,0.44,0,0,0.41,0,0,0
USR2818,35,1,21404,185,1000,500000,0.04672023920762474,0.002,9,156,0.19,0,1,0.31,1,0,0
USR3295,37,1,45862,292,44926,300000,0.9795909467533034,0.14975333333333332,10,584,0.34,1,1,0.52,0,0,0
USR3726,28,1,25148,228,9321,300000,0.37064577700015905,0.03107,11,542,0.82,2,0,0.95,1,1,0
USR6860,48,3,21151,36,32931,100000,1.5569476620490756,0.32931,1,488,0.8,0,0,1.0,1,0,0
USR9500,67,1,48377,38,32021,300000,0.6619054509374289,0.10673666666666666,8,497,0.2,1,0,0.91,2,0,0
USR3499,30,3,5138,118,3077,300000,0.5988711560918646,0.010256666666666667,2,134,0.12,1,0,0.88,0,0,0
USR2773,61,2,44606,337,36150,500000,0.8104290902569161,0.0723,9,283,0.97,0,0,0.85,0,0,0
USR4953,33,7,55333,168,59631,200000,1.077675166717872,0.298155,14,302,0.07,0,0,0.51,1,0,0
USR7688,68,2,18870,133,21537,200000,1.141335453100159,0.107685,1,386,0.38,2,0,0.34,0,0,0
USR1751,31,1,33519,265,45892,100000,1.36913392404308,0.45892,0,260,0.16,0,1,0.31,0,0,0
USR2099,70,1,6082,115,5606,200000,0.9217362709634989,0.02803,11,529,0.37,1,0,0.28,0,0,0
USR2026,48,2,45159,72,74796,100000,1.6562811399720987,0.74796,23,111,0.61,0,0,0.62,1,0,0
USR5275,26,3,30292,273,9025,500000,0.2979334477749901,0.01805,11,351,0.29,1,0,0.03,0,0,0
USR4485,68,0,42011,340,1000,300000,0.023803289614624742,0.0033333333333333335,15,527,0.72,1,0,0.02,0,0,0
USR9242,64,2,10373,228,1000,300000,0.09640412609659693,0.0033333333333333335,4,670,0.29,1,0,0.24,1,0,0
USR7591,48,1,55701,55,77045,200000,1.383188811690993,0.385225,1,541,0.5,3,0,0.9,0,0,0
USR1184,28,4,47969,277,33219,300000,0.6925097458775459,0.11073,7,598,0.91,3,0,0.12,0,0,0
USR7283,62,2,30864,310,38249,100000,1.2392755313634007,0.38249,4,474,0.93,0,0,0.31,0,0,0
USR7066,26,3,56114,227,93925,500000,1.6738247139751221,0.18785,8,221,0.86,2,0,0.48,2,1,0
USR6530,61,3,33008,123,1000,100000,0.03029568589432865,0.01,8,313,0.39,2,0,0.04,0,0,0
USR7852,65,1,40582,284,26624,200000,0.6560544083583855,0.13312,4,38,0.61,3,0,0.93,1,0,0
USR1112,55,1,18961,14,12091,300000,0.6376773376931596,0.04030333333333333,10,556,0.56,0,0,0.2,0,0,0
USR2999,60,1,6709,187,1017,300000,0.15158741988373825,0.00339,6,664,0.57,0,0,0.45,0,0,0
USR7341,32,4,7597,317,2336,500000,0.30748979860471237,0.004672,9,218,0.6,1,0,0.71,2,0,0
USR6247,66,1,58421,258,67238,200000,1.150921757587169,0.33619,12,163,0.03,1,0,0.75,2,1,0
USR6199,20,2,19189,254,35549,500000,1.852571785919016,0.071098,0,675,0.56,1,0,0.71,0,1,1
USR7400,18,1,51299,347,56885,500000,1.1088910115206925,0.11377,0,6,0.61,0,0,0.38,1,0,0
USR2877,59,1,25372,361,27966,100000,1.1022386883178308,0.27966,7,188,0.5,1,1,0.81,1,0,0
USR7444,30,2,9191,112,15662,300000,1.704058317919704,0.052206666666666665,5,277,0.74,1,1,0.04,1,0,0
USR3429,63,4,25508,57,16365,300000,0.6415634310804453,0.05455,5,498,0.62,0,0,0.29,2,0,0
USR4632,26,4,45407,53,45684,300000,1.0061003809985245,0.15228,1,469,0.49,0,0,0.76,0,0,0
USR3597,28,3,27901,153,29483,300000,1.0567004766854236,0.09827666666666666,14,373,0.3,0,0,0.71,2,0,0
USR6799,21,2,59017,79,16409,300000,0.2780385312706508,0.054696666666666664,0,520,0.66,1,1,0.66,0,0,0
USR3822,23,0,30826,103,13411,300000,0.4350548238499968,0.04470333333333333,6,549,0.5,1,0,0.6,2,0,0
USR8821,24,5,21927,91,33257,500000,1.516714552834405,0.066514,15,631,0.31,1,0,0.54,2,0,0
USR8733,43,3,33632,220,23030,300000,0.6847645099904852,0.07676666666666666,3,276,0.72,1,1,0.02,2,0,0
USR3450,37,3,57923,118,80502,300000,1.389810610638261,0.26834,4,293,0.54,0,0,0.39,0,0,0
USR4003,39,0,29584,166,23328,100000,0.7885343428880476,0.23328,12,432,0.36,1,0,0.34,0,0,0
USR4725,32,2,55403,343,31101,500000,0.56135949316824,0.062202,1,454,0.34,0,0,0.63,0,0,0
USR4498,63,0,54074,70,81777,500000,1.5123164552280208,0.163554,4,112,0.59,2,0,0.74,0,0,0
USR8506,21,4,10113,25,12208,300000,1.207159102145753,0.04069333333333333,6,468,0.83,0,0,0.49,0,1,0
USR4254,29,2,20545,236,3415,500000,0.16622049160379654,0.00683,1,582,0.98,0,0,0.55,1,0,0
USR1019,66,4,17737,299,35533,500000,2.0033263798838585,0.071066,17,306,0.6,0,0,0.36,0,0,0
USR4425,29,2,18681,186,22080,500000,1.1819495744339168,0.04416,10,509,0.83,0,0,0.77,2,1,0
USR9143,37,1,59683,311,22522,300000,0.37736038737999095,0.07507333333333334,2,296,0.47,0,0,0.25,0,0,0
USR2539,45,0,35737,74,10713,200000,0.2997733441531186,0.053565,1,470,0.2,3,0,0.6,1,1,0
USR6408,38,1,18539,241,12359,500000,0.6666486865526727,0.024718,8,646,0.03,3,0,0.59,2,0,0
USR6016,50,0,33552,320,16990,100000,0.506378159275155,0.1699,1,617,0.22,1,1,0.71,0,0,0
USR2774,56,1,29491,305,48624,500000,1.6487742022990064,0.097248,10,475,0.61,1,1,0.76,0,0,0
USR5426,48,3,24531,298,19996,100000,0.8151318739554033,0.19996,1,393,0.78,0,0,0.49,0,0,0
USR6496,67,1,23449,295,15542,100000,0.6628001194080771,0.15542,0,492,0.12,2,0,0.26,2,1,0
USR1645,29,3,23788,177,9208,300000,0.3870859256768118,0.030693333333333333,1,291,0.82,0,0,0.55,2,0,0
USR2687,68,1,58335,150,35670,500000,0.6114682437644638,0.07134,10,470,0.59,1,0,0.45,0,0,0
USR3819,64,1,35467,106,43901,300000,1.2377985169312318,0.14633666666666667,7,82,0.78,0,0,0.47,2,0,0
USR2978,31,0,33892,129,38231,500000,1.1280243125221292,0.076462,4,363,0.8,1,1,0.58,2,1,0
USR7809,41,1,17210,359,28582,200000,1.6607786170830912,0.14291,4,571,0.55,2,0,0.25,0,0,0
USR6588,52,2,37235,74,50290,100000,1.3506109842889755,0.5029,26,232,0.27,2,0,0.4,1,0,0
USR9386,22,4,32447,293,40737,100000,1.2554935741362838,0.40737,1,15,0.49,2,0,0.75,2,0,0
USR1102,40,1,42707,244,26036,300000,0.6096424473739668,0.08678666666666666,7,342,0.01,0,0,0.84,1,0,0
USR8963,20,1,36371,348,38671,300000,1.0632371944681203,0.12890333333333334,12,60,0.11,3,0,0.21,0,0,0
USR7145,36,3,59202,206,94184,500000,1.5908921995878518,0.188368,13,157,0.57,3,1,0.88,2,0,0
USR9399,26,1,47376,303,18253,300000,0.3852794663964877,0.06084333333333333,5,407,0.45,1,0,0.85,0,0,0
USR5026,31,0,55276,47,72200,100000,1.306172660829293,0.722,7,331,0.43,2,0,0.06,0,0,0
USR9909,65,2,47229,206,7554,300000,0.15994410214063393,0.02518,6,139,0.97,2,0,0.72,2,0,0
USR2231,51,2,47824,351,92494,500000,1.9340498494479759,0.184988,3,361,0.96,0,0,0.42,0,0,0
USR3025,66,3,11954,34,16873,300000,1.411494060565501,0.05624333333333333,5,597,0.02,3,1,0.79,0,1,0
USR8742,44,1,9753,112,7451,300000,0.7639700604942069,0.024836666666666667,0,117,0.24,0,0,0.06,0,0,0
USR2713,69,2,39837,84,17716,300000,0.44471220222406305,0.05905333333333333,17,154,0.23,2,0,0.51,2,0,0
USR7847,41,1,23703,92,27532,500000,1.161540733240518,0.055064,15,182,0.89,3,0,0.38,2,0,0
USR5453,42,2,41777,61,52800,300000,1.2638533164181247,0.176,12,367,0.29,0,0,0.02,2,0,0
USR2406,45,2,25598,124,16994,200000,0.6638799906242675,0.08497,11,226,0.7,0,0,0.82,0,0,0
USR7169,40,0,37295,225,6687,500000,0.17930017428609732,0.013374,10,336,0.65,0,1,0.23,2,1,0
USR7139,64,3,54326,227,91352,200000,1.6815521113279093,0.45676,17,233,0.37,0,0,0.63,2,0,0
USR7101,26,0,57449,71,56097,300000,0.9764660829605389,0.18699,6,381,0.37,3,1,0.73,0,1,0
USR8470,44,2,19176,77,21633,300000,1.1281289111389237,0.07211,4,176,0.78,0,0,0.04,2,0,0
USR2628,36,1,20229,52,48282,500000,2.3867714667062137,0.096564,1,659,0.6,3,1,0.37,0,0,0
USR5284,70,3,40120,121,61072,500000,1.5222333000997008,0.122144,0,647,0.91,2,0,0.76,1,1,0
USR6014,66,2,11986,119,15229,300000,1.2705656599365927,0.050763333333333334,5,194,0.97,2,0,0.19,0,1,0
USR4141,51,2,25609,228,13880,500000,0.5419969541957905,0.02776,2,553,0.52,0,0,0.73,1,0,0
USR2508,61,1,10751,49,14961,200000,1.3915914798623383,0.074805,8,325,0.8,1,0,0.49,2,0,0
USR1938,46,1,31881,38,53952,100000,1.6922932153947492,0.53952,12,338,0.5,0,0,0.22,2,0,0
USR3641,26,3,27446,93,32012,100000,1.1663630401515703,0.32012,3,484,0.69,0,1,0.77,0,1,0
USR3706,36,2,53699,8,1000,500000,0.01862232071360733,0.002,1,326,0.22,0,1,0.84,0,0,0
USR8168,51,2,37872,102,5318,500000,0.14042036332910857,0.010636,16,254,0.99,1,1,0.19,0,0,0
USR1382,57,2,12006,261,8656,500000,0.7209728469098784,0.017312,6,631,0.1,1,1,0.9,2,0,0
USR1127,54,0,36613,36,29169,100000,0.796684237839019,0.29169,3,312,0.36,0,0,0.59,2,1,0
USR3603,36,4,39317,129,1000,300000,0.02543429051046621,0.0033333333333333335,3,358,0.52,1,0,0.51,0,0,0
USR1847,41,2,19563,88,18617,100000,0.9516434084751827,0.18617,14,201,0.36,0,0,0.35,0,0,0
USR3823,47,3,41147,132,55950,500000,1.3597589131649939,0.1119,15,92,0.35,1,0,0.92,1,0,0
USR3950,38,1,43287,139,34459,300000,0.7960588629380645,0.11486333333333333,4,251,0.48,0,0,0.82,0,0,0
USR3886,32,3,5541,333,2394,200000,0.4320519761775853,0.01197,8,659,0.63,1,0,0.89,0,0,0
USR6498,39,5,41548,25,28387,500000,0.6832338500048137,0.056774,2,573,0.48,1,0,0.3,2,0,0
USR4076,67,2,56009,272,47578,200000,0.8494706207930868,0.23789,12,216,0.18,1,1,0.76,0,1,0
USR9135,54,3,49437,184,99094,500000,2.0044501082185406,0.198188,10,681,0.86,0,0,0.65,2,0,0
USR5912,38,3,39662,252,28396,500000,0.7159497756038525,0.056792,1,606,0.74,3,0,0.38,2,1,0
USR1063,51,3,19399,249,22241,200000,1.1465023970307748,0.111205,11,612,0.2,0,0,0.09,1,0,0
USR8950,36,1,34540,301,38728,500000,1.1212507237984946,0.077456,6,672,0.79,1,0,0.86,2,1,0
USR1498,68,3,7889,69,2276,500000,0.28850297883128406,0.004552,11,540,0.5,2,0,0.26,1,0,0
USR3627,41,1,7005,172,1000,300000,0.14275517487508924,0.0033333333333333335,5,217,0.57,0,1,0.11,0,0,0
USR9558,49,3,38534,126,73749,300000,1.9138682721752218,0.24583,2,300,0.24,1,1,0.73,1,0,0
USR1367,63,2,51546,227,26469,200000,0.5135025026190199,0.132345,0,304,0.03,3,0,0.9,2,1,0
USR8919,64,3,44129,67,53647,300000,1.2156858301797004,0.17882333333333333,2,307,0.42,1,0,0.19,0,0,0
USR9823,60,1,36430,326,25349,300000,0.6958276146033489,0.08449666666666666,12,558,0.25,3,0,0.55,2,0,0
USR8186,26,1,29192,52,52720,300000,1.805974239517676,0.17573333333333332,20,448,0.22,1,0,0.06,2,0,0
USR2536,24,4,10714,208,14414,100000,1.3453425424677992,0.14414,3,619,0.82,3,0,0.82,2,0,0
USR8913,56,2,34246,260,46206,300000,1.349237867196169,0.15402,4,363,0.97,3,1,0.65,1,1,0
USR3234,38,1,10282,168,6285,100000,0.6112624003112235,0.06285,14,545,0.38,0,0,0.06,1,0,0
USR7515,51,1,25744,13,35305,500000,1.3713875077688005,0.07061,3,464,0.11,1,0,0.11,1,0,0
USR5367,69,0,6147,358,7963,200000,1.2954286643891328,0.039815,8,697,0.7,2,0,0.57,2,1,0
USR4267,62,2,6194,176,4356,200000,0.7032612205360026,0.02178,3,417,0.66,1,1,0.25,1,0,0
USR1448,62,2,54277,89,28153,100000,0.5186911583175194,0.28153,1,256,0.5,2,0,0.98,0,1,0
USR1529,57,0,41748,101,68910,500000,1.6506179936763439,0.13782,5,176,0.67,2,1,0.19,0,0,0
USR3080,31,1,37754,312,53998,100000,1.430259045399163,0.53998,23,222,0.37,0,0,0.21,1,0,0
USR1457,28,0,34606,209,57290,200000,1.655493267063515,0.28645,8,430,0.25,1,0,0.47,1,0,0
USR4673,36,1,6863,177,7384,100000,1.0759143231822819,0.07384,3,587,0.77,0,0,0.24,1,1,0
USR7586,28,2,33434,227,63662,300000,1.904109589041096,0.21220666666666665,8,535,0.66,3,0,0.29,0,0,0
USR6130,21,4,49984,104,53690,500000,1.0741437259923174,0.10738,5,347,0.99,3,0,0.16,2,0,0
USR3062,64,3,29019,179,22830,100000,0.7867259381784348,0.2283,0,158,0.67,3,0,0.05,2,0,0
USR3702,52,1,22459,215,20167,500000,0.8979473707645043,0.040334,4,374,0.2,0,1,0.24,0,1,0
USR7288,45,1,30464,226,31899,300000,1.0471047794117647,0.10633,12,99,0.1,0,0,0.93,1,1,0
USR5427,43,0,46125,59,39052,500000,0.8466558265582655,0.078104,3,66,0.43,1,0,0.35,2,0,0
USR8743,18,0,40923,82,84109,500000,2.055298976125895,0.168218,0,222,0.12,0,0,0.62,2,0,0
USR1494,26,1,17292,198,8162,100000,0.4720101781170484,0.08162,0,661,0.83,3,0,0.38,1,0,0
USR1295,50,2,36635,191,1000,100000,0.027296301351166917,0.01,20,245,0.83,0,0,0.94,2,0,0
USR6763,39,2,48037,327,1000,300000,0.020817286674854798,0.0033333333333333335,2,667,0.6,2,0,0.52,0,1,0
USR5550,51,1,10045,7,6833,300000,0.680238924838228,0.022776666666666667,13,607,0.64,3,0,0.11,0,0,0
USR6817,19,1,19113,165,3644,300000,0.19065557473970596,0.012146666666666667,4,218,0.74,1,0,0.92,1,0,0
USR7975,31,3,16264,27,18704,100000,1.1500245941957699,0.18704,12,257,0.33,2,0,0.43,1,0,0
USR1480,44,9,35141,248,14258,200000,0.40573688853476,0.07129,9,24,0.72,1,0,0.35,1,0,0
USR6295,31,3,18232,135,37402,500000,2.0514480035103118,0.074804,3,148,0.3,2,0,0.46,1,1,0
USR8102,68,2,47267,296,34624,100000,0.7325195167876108,0.34624,5,489,0.85,0,0,0.49,1,0,0
USR7557,59,5,33894,196,51771,200000,1.5274384846875553,0.258855,3,643,0.44,0,0,0.42,0,0,0
USR8836,38,0,57601,63,45606,500000,0.7917570875505634,0.091212,7,5,0.42,3,0,0.7,1,0,0
USR5293,32,2,53276,25,87111,500000,1.6350889706434417,0.174222,1,670,0.64,3,0,0.06,2,1,0
USR1178,37,2,19360,277,23857,100000,1.2322830578512396,0.23857,15,247,0.96,0,0,0.96,0,0,0
USR8045,49,0,41213,48,67120,300000,1.6286123310605878,0.22373333333333334,5,122,0.81,0,1,0.96,2,0,0
USR8601,25,2,51573,293,45673,200000,0.8855990537684447,0.228365,0,405,0.29,1,0,0.13,0,1,0
USR3703,24,3,56096,40,53873,200000,0.9603715059897319,0.269365,12,669,0.28,1,0,0.84,0,0,0
USR8824,47,3,52466,95,51337,100000,0.9784813021766477,0.51337,1,316,0.7,1,1,0.85,0,0,0
USR6464,61,1,5403,55,8141,100000,1.506755506200259,0.08141,4,296,0.53,0,0,0.37,2,0,0
USR3941,63,2,17801,358,28861,500000,1.6213134093590247,0.057722,7,290,0.2,0,0,0.81,0,0,0
USR6751,68,1,34621,180,24331,200000,0.7027815487709772,0.121655,9,286,0.32,1,0,0.45,0,0,0
USR4107,39,0,28936,93,40739,300000,1.4079001935305502,0.13579666666666668,6,157,0.59,0,1,0.52,1,0,0
USR3155,54,0,39959,277,34886,500000,0.8730448709927676,0.069772,10,509,0.64,0,0,0.68,0,0,0
USR1270,51,5,55082,317,31832,100000,0.5779020369630732,0.31832,7,670,0.74,2,1,0.71,0,1,0
USR6762,39,2,25742,287,16023,100000,0.6224458084064952,0.16023,7,162,0.31,1,0,0.09,2,0,0
USR4693,21,2,23330,12,23452,200000,1.0052293184740677,0.11726,6,334,0.24,1,0,0.91,0,0,0
USR6847,66,3,17348,22,29585,100000,1.7053839059257552,0.29585,8,563,0.46,1,0,0.11,0,0,0
USR4556,29,4,7965,242,6835,200000,0.8581293157564344,0.034175,7,195,0.19,1,1,0.68,1,0,0
USR8770,66,2,22724,100,24481,200000,1.0773191339552897,0.122405,15,334,0.66,1,0,0.13,2,0,0
USR8861,52,3,46311,122,49832,200000,1.0760294530457126,0.24916,0,327,0.09,1,1,0.68,2,0,0
USR6764,56,4,47054,148,39951,200000,0.8490457771921622,0.199755,7,311,0.42,0,0,0.39,2,0,0
USR5340,69,3,22786,361,22156,100000,0.9723514438690424,0.22156,2,448,0.56,0,0,0.01,0,0,0
USR7262,21,1,45373,321,29373,500000,0.6473673770744716,0.058746,2,320,0.22,1,0,0.68,2,1,0
USR5969,62,3,19539,214,11233,500000,0.5749014790930959,0.022466,8,94,0.09,1,0,0.81,1,0,0
USR4750,39,1,53788,60,79945,200000,1.4862980590466275,0.399725,7,93,0.6,2,0,0.68,1,0,0
USR2864,50,2,32331,27,33979,200000,1.0509727506108688,0.169895,10,353,0.56,2,1,0.31,0,0,0
USR4200,24,1,31496,37,27139,100000,0.8616649733299466,0.27139,18,666,0.44,0,0,0.29,0,0,0
USR8997,19,1,25321,253,30558,200000,1.206824375024683,0.15279,11,519,0.93,2,1,0.91,2,0,0
USR7277,29,3,16886,142,18776,100000,1.1119270401516048,0.18776,2,80,0.3,1,0,0.22,2,0,0
USR7291,49,6,8128,14,6598,200000,0.811761811023622,0.03299,0,477,0.97,1,0,0.96,1,0,0
USR6194,25,4,30503,291,17835,200000,0.5846965872209291,0.089175,10,429,0.76,1,0,0.31,0,0,0
USR6362,66,3,33149,167,55405,300000,1.6713928021961446,0.18468333333333334,1,675,0.51,1,0,0.38,2,1,0
USR9998,66,4,47755,146,43421,200000,0.9092451052245838,0.217105,13,670,0.5,1,1,0.63,1,0,0
USR8045,22,2,54512,345,83031,500000,1.5231692104490755,0.166062,3,9,0.23,0,1,0.62,1,1,0
USR8519,32,1,54105,144,88464,200000,1.635042971998891,0.44232,11,162,0.75,2,0,0.82,0,0,0
USR6023,33,2,30818,179,33266,300000,1.0794340969563243,0.11088666666666666,5,419,0.9,1,0,0.57,1,0,0
USR8637,40,3,54827,187,60772,500000,1.1084319769456654,0.121544,12,352,0.74,0,0,0.44,2,1,0
USR8950,57,2,6490,232,6629,300000,1.0214175654853621,0.022096666666666667,1,620,0.67,0,0,0.13,1,1,0
USR9398,45,2,42622,186,69167,200000,1.622800431701938,0.345835,3,46,0.11,0,0,0.88,0,0,0
USR9276,59,3,14581,234,13692,500000,0.9390302448391743,0.027384,10,128,0.64,0,0,0.07,1,0,0
USR5184,22,4,9444,191,3990,200000,0.42249047013977126,0.01995,18,211,0.76,3,0,0.07,2,0,0
USR6925,18,1,6036,337,5185,500000,0.859012591119947,0.01037,6,689,0.82,3,0,0.92,0,0,0
USR4497,28,3,43321,7,22796,200000,0.5262113062948686,0.11398,6,447,0.98,1,0,0.76,1,0,0
USR3580,27,3,24503,89,8970,300000,0.3660776231481859,0.0299,2,149,0.97,0,1,0.09,1,0,0
USR4482,64,3,15088,255,29796,500000,1.974814422057264,0.059592,0,133,0.03,0,1,0.24,1,1,0
USR4738,45,1,58349,362,18732,200000,0.3210337794992202,0.09366,3,379,0.9,0,0,0.68,0,1,0
USR4104,59,2,17792,250,31952,100000,1.795863309352518,0.31952,4,372,0.92,0,0,0.36,0,0,0
USR9396,20,2,45555,36,48549,500000,1.0657227527164965,0.097098,4,596,0.63,3,1,0.39,1,0,0
USR3239,55,2,13077,4,17181,300000,1.313833448038541,0.05727,12,508,0.33,0,0,0.59,1,0,0
USR5244,42,1,27488,161,59631,100000,2.1693466239813737,0.59631,3,203,0.79,0,0,0.58,0,0,0
USR1155,19,3,21449,312,25466,300000,1.1872814583430462,0.08488666666666667,12,413,0.6,0,0,0.47,0,1,0
USR7676,24,1,46892,116,31667,300000,0.6753177514288151,0.10555666666666666,3,697,0.11,1,0,0.39,0,0,0
USR7104,25,1,36973,33,21401,200000,0.5788277932545371,0.107005,1,480,0.5,1,0,0.48,1,0,0
USR3741,49,2,5608,281,5502,500000,0.9810984308131241,0.011004,11,485,0.96,1,1,0.03,1,0,0
USR5918,69,0,40584,31,20794,500000,0.5123694066627242,0.041588,5,525,0.59,0,0,0.42,0,0,0
USR1253,51,0,12740,190,9200,500000,0.7221350078492935,0.0184,4,119,0.75,2,0,0.65,0,0,0
USR8232,26,4,58012,239,132678,200000,2.287078535475419,0.66339,1,204,0.4,1,1,0.15,0,0,0
USR3422,18,0,59197,274,54339,500000,0.91793503049141,0.108678,2,165,0.57,0,0,0.51,2,0,0
USR6540,54,0,7015,39,6591,100000,0.9395580898075553,0.06591,0,430,0.41,0,1,0.56,1,0,0
USR1918,69,0,54943,307,1000,300000,0.018200680705458383,0.0033333333333333335,4,162,0.52,3,0,0.36,1,0,0
USR9441,61,1,14204,327,4827,300000,0.3398338496198254,0.01609,11,60,0.48,1,0,0.08,0,1,0
USR3019,46,0,28704,83,3509,100000,0.12224777034559643,0.03509,3,591,0.42,1,0,0.33,1,0,0
USR2327,44,3,42156,348,16335,300000,0.3874893253629377,0.05445,10,234,0.59,0,1,0.91,2,1,0
USR3364,30,2,48573,328,39067,300000,0.8042945669404813,0.13022333333333333,0,572,0.83,0,0,0.25,2,1,0
USR4669,31,2,25310,214,26422,200000,1.0439352034768865,0.13211,12,609,0.99,1,0,0.71,2,1,0
USR8244,48,4,31143,321,26228,200000,0.8421796230292522,0.13114,1,175,0.85,1,1,0.14,2,0,0
USR4354,36,4,45135,314,23280,500000,0.515785975407112,0.04656,5,67,0.92,1,1,0.37,0,0,0
USR4209,18,1,53475,330,59670,100000,1.1158485273492287,0.5967,12,115,0.54,1,1,0.4,0,0,0
USR5902,41,3,19216,13,10008,300000,0.5208159866777685,0.03336,4,617,0.99,0,0,0.17,1,0,0
USR9344,56,1,8792,32,6379,300000,0.7255459508644222,0.021263333333333332,0,634,0.1,1,0,0.18,2,1,0
USR6296,43,0,22192,174,34103,100000,1.53672494592646,0.34103,8,537,0.18,0,1,0.34,1,0,0
USR5894,66,2,51131,221,42833,300000,0.8377109776847705,0.14277666666666666,9,226,0.41,0,0,0.82,2,0,0
USR1275,18,1,22377,346,34511,200000,1.5422532064173036,0.172555,0,186,0.31,0,0,0.31,0,0,0
USR6563,58,0,26730,273,10101,500000,0.37789001122334454,0.020202,9,367,0.23,0,1,0.75,2,0,0
USR6214,46,0,11786,26,6883,500000,0.5839979636857289,0.013766,4,665,0.54,1,0,0.79,2,1,0
USR9862,37,2,7564,21,11972,100000,1.582760444209413,0.11972,9,634,0.96,1,0,0.62,0,0,0
USR7926,58,0,49723,311,59855,500000,1.2037688795929449,0.11971,4,329,0.54,1,0,0.58,1,1,0
USR1914,24,2,17049,12,16619,500000,0.9747785793888205,0.033238,5,166,0.15,0,0,0.5,0,0,0
USR9626,49,1,21555,63,29832,300000,1.3839944328462073,0.09944,10,66,0.5,1,1,0.69,1,1,0
USR6189,20,0,51837,265,53901,300000,1.039817119046241,0.17967,7,685,0.35,0,0,0.49,0,0,0
USR9301,42,3,18966,294,27844,300000,1.4681008119793315,0.09281333333333333,11,15,0.29,3,0,0.76,0,1,0
USR2677,59,0,23115,327,41635,200000,1.8012113346311918,0.208175,3,288,0.8,3,1,0.06,0,0,0
USR2247,58,2,10301,218,1000,200000,0.09707795359673818,0.005,0,18,0.35,0,0,0.47,2,1,0
USR8608,30,5,14106,105,12481,200000,0.8848007939883737,0.062405,11,177,0.15,0,0,0.76,2,1,0
USR1504,63,2,57132,143,48636,300000,0.851291745431632,0.16212,1,368,0.93,1,0,0.45,1,0,0
USR2196,62,1,5571,209,5145,300000,0.9235325794291869,0.01715,14,401,0.19,3,0,0.75,2,0,0
USR2738,21,1,15691,162,1000,300000,0.06373080109616978,0.0033333333333333335,1,547,0.31,1,0,0.14,1,1,0
USR9266,36,1,16495,80,27124,300000,1.6443770839648377,0.09041333333333333,9,449,0.46,1,0,0.18,0,0,0
USR9011,24,1,57341,35,18558,100000,0.32364276869953434,0.18558,3,522,0.26,1,0,0.66,1,0,0
USR9833,29,2,35351,300,25771,500000,0.7290034228168935,0.051542,6,300,0.82,2,0,0.19,1,0,0
USR3144,22,1,13899,150,18476,200000,1.3293042664939925,0.09238,1,535,0.59,2,1,0.46,0,0,0
USR7754,69,2,32357,332,39715,100000,1.2274005624748896,0.39715,3,223,0.75,1,1,0.35,0,0,0
USR8334,63,2,45629,295,19522,500000,0.42784194262420827,0.039044,0,280,0.25,1,0,0.94,0,0,0
USR1268,41,2,52666,354,26898,100000,0.5107279838985304,0.26898,11,636,0.68,3,0,0.47,0,1,0
USR6206,54,2,29373,117,47356,300000,1.6122289177135465,0.15785333333333335,11,612,0.05,3,0,0.99,0,0,0
USR8499,53,2,36435,222,35737,100000,0.9808425964045561,0.35737,6,567,0.78,2,1,0.66,0,0,0
USR9174,58,1,20479,194,46472,300000,2.2692514282923972,0.15490666666666666,1,142,0.51,0,0,0.63,2,1,0
USR7439,56,2,51521,106,70592,200000,1.370159740688263,0.35296,3,432,0.01,0,0,0.45,1,0,0
USR2867,18,3,35973,54,1000,200000,0.027798626747838655,0.005,2,224,0.12,0,0,0.67,0,0,0
USR2040,64,3,35689,364,71776,300000,2.011151895542044,0.23925333333333335,0,642,0.86,1,0,0.37,0,0,0
USR7747,65,1,16678,325,8822,100000,0.528960306991246,0.08822,0,598,0.35,0,0,0.89,0,1,0
USR6390,24,4,41924,36,17259,300000,0.41167350443659956,0.05753,5,196,0.94,3,1,0.46,0,0,0
USR7252,56,1,53358,20,50180,500000,0.9404400464785037,0.10036,0,440,0.61,1,0,0.68,1,1,0
USR9897,32,4,24441,317,40502,200000,1.6571335051757292,0.20251,19,604,0.58,0,0,0.17,0,1,0
USR4481,65,2,36904,169,54045,500000,1.464475395621071,0.10809,6,533,0.04,2,0,0.47,1,0,0
USR7899,70,1,16524,257,22030,300000,1.3332122972645848,0.07343333333333334,2,132,0.05,1,0,0.47,0,1,0
USR1845,56,2,7228,319,4236,300000,0.586054233536248,0.01412,4,165,0.81,1,1,0.41,2,1,0
USR2348,23,1,11978,95,8667,200000,0.7235765570212055,0.043335,1,21,0.23,1,0,0.97,1,0,0
USR5628,44,1,22841,183,25639,300000,1.1224990149292937,0.08546333333333334,3,596,0.84,1,0,0.91,1,1,0
USR1105,49,4,41256,358,20308,500000,0.4922435524529765,0.040616,1,83,0.45,0,0,0.9,0,0,0
USR8418,55,4,24553,301,23295,500000,0.9487638985052743,0.04659,16,364,0.99,2,0,0.07,0,1,0
USR4294,49,2,20372,254,13329,500000,0.65428038484194,0.026658,20,221,0.99,0,1,0.01,0,1,0
USR3538,29,1,26947,217,33833,300000,1.2555386499424797,0.11277666666666666,6,145,0.85,2,0,0.44,0,1,0
USR5480,47,2,15038,234,16149,500000,1.073879505253358,0.032298,9,6,0.83,0,0,0.48,0,0,0
USR1411,64,1,22492,93,31844,100000,1.41579228170016,0.31844,2,45,0.86,0,0,0.11,0,0,0
USR9817,38,2,25572,156,42909,300000,1.6779680900985452,0.14303,7,443,0.86,3,0,0.48,2,1,0
USR5070,42,0,46047,61,48702,100000,1.057658479379764,0.48702,10,547,0.56,0,0,0.58,0,0,0
USR7133,35,1,49528,87,36714,300000,0.741277661120982,0.12238,3,453,0.26,3,1,0.61,1,0,0
USR1147,66,2,50339,149,48845,200000,0.9703212221140666,0.244225,1,385,0.44,0,0,0.55,0,0,0
USR1936,55,2,17075,20,4866,200000,0.28497803806734995,0.02433,1,593,0.87,0,0,0.32,1,0,0
USR1514,45,0,16628,155,7779,500000,0.4678253548231898,0.015558,2,390,0.38,3,0,0.29,0,0,0
USR2674,25,2,22046,90,27614,200000,1.2525628231878798,0.13807,2,329,0.1,0,0,0.8,0,1,0
USR1981,48,2,44048,287,1000,100000,0.02270250635670178,0.01,18,271,0.85,1,0,0.42,0,1,0
USR4194,21,2,52757,268,22247,500000,0.42168811721667265,0.044494,2,363,0.56,0,0,0.51,1,0,0
USR5456,61,3,44046,355,12490,300000,0.2835671797666076,0.041633333333333335,18,177,0.22,1,1,0.24,0,0,0
USR2680,19,1,56043,152,62367,300000,1.1128419249504844,0.20789,12,378,0.75,0,0,0.43,0,0,0
USR1328,42,1,49052,197,96332,100000,1.96387507135285,0.96332,12,360,0.43,1,0,0.93,0,0,0
USR8084,55,3,33985,241,12040,100000,0.35427394438722964,0.1204,4,538,0.39,3,1,0.59,0,1,0
USR6636,43,2,29002,305,46975,300000,1.6197158816633335,0.15658333333333332,4,482,0.31,0,0,0.26,0,0,0
USR8438,49,2,19427,303,31398,100000,1.616204251814485,0.31398,3,34,0.55,1,0,0.67,2,0,0
USR5715,59,1,32544,331,61865,100000,1.9009648475909537,0.61865,6,438,0.73,3,0,0.25,0,0,0
USR6519,26,2,5482,253,4907,200000,0.895111273257935,0.024535,4,238,0.47,1,0,1.0,0,0,0
USR7214,37,2,58013,5,51474,100000,0.8872838846465447,0.51474,13,231,0.56,2,0,0.64,1,1,0
USR3239,26,0,13735,115,20092,200000,1.4628321805606115,0.10046,3,512,0.8,1,0,0.54,1,0,0
USR8804,67,2,40042,110,1000,200000,0.02497377753358973,0.005,7,529,0.18,0,0,0.64,0,0,0
USR9752,43,3,32704,324,13362,500000,0.4085738747553816,0.026724,19,290,0.83,0,0,0.5,0,0,0
USR6503,69,3,39086,279,41750,200000,1.0681573965102595,0.20875,1,163,0.46,3,0,0.76,0,0,0
USR4513,62,1,26823,220,50395,100000,1.8787980464526712,0.50395,3,172,0.3,0,1,0.72,0,0,0
USR3568,54,3,29709,290,32610,300000,1.0976471776229426,0.1087,5,32,0.41,1,1,0.2,0,1,0
USR7282,40,6,26983,333,32180,500000,1.1926027498795537,0.06436,2,186,0.48,3,0,0.26,1,0,0
USR9795,40,6,11210,337,13488,300000,1.2032114183764495,0.04496,4,169,0.29,0,0,0.37,0,0,0
USR6464,56,7,48329,111,56866,500000,1.1766434232034597,0.113732,6,154,0.73,0,0,0.68,0,1,0
USR5964,67,6,13846,317,14555,100000,1.0512061245124946,0.14555,8,23,0.01,0,0,0.07,0,0,0
USR3823,37,1,47468,192,84063,500000,1.7709404230218253,0.168126,2,167,0.64,3,0,0.24,0,0,0
USR6051,30,3,17199,47,1820,500000,0.10582010582010581,0.00364,4,480,0.67,2,0,0.63,2,0,0
USR4393,36,5,59241,218,73098,300000,1.2339089481946626,0.24366,14,417,0.87,2,0,0.4,1,0,0
USR6526,55,0,25366,20,54261,300000,2.1391232358274856,0.18087,17,489,0.79,1,0,0.05,0,0,0
USR9358,69,3,42725,309,101048,300000,2.3650789935634875,0.33682666666666666,0,182,0.94,3,0,0.74,1,0,1
USR3906,21,1,33308,31,46861,500000,1.406899243425003,0.093722,8,105,0.75,1,0,0.83,0,0,0
USR3671,69,3,17921,82,28589,200000,1.5952792812901067,0.142945,6,266,0.11,2,1,0.27,0,0,0
USR8224,22,1,28348,324,10648,300000,0.37561732750105825,0.035493333333333335,2,620,0.05,3,0,0.25,0,0,0
USR2279,68,2,17336,85,13486,500000,0.7779187817258884,0.026972,4,466,0.17,2,1,0.6,2,1,0
USR3071,37,3,40565,321,30939,100000,0.7627018365586097,0.30939,2,420,0.45,1,0,0.04,0,1,0
USR8074,30,2,46504,183,2264,300000,0.048683984173404436,0.007546666666666667,15,236,0.82,2,0,0.11,2,0,0
USR3244,19,1,19301,269,19790,300000,1.025335474845863,0.06596666666666667,0,136,0.74,0,0,0.24,0,1,0
USR1569,18,0,45201,184,19902,100000,0.4402999933629787,0.19902,10,456,0.21,1,0,0.09,0,0,0
USR7145,47,4,23074,81,27441,500000,1.1892606396810264,0.054882,3,83,0.82,0,0,0.31,0,0,0
USR5143,31,2,54793,100,24065,300000,0.43919843775664774,0.08021666666666667,7,356,0.82,2,1,0.23,1,1,0
USR4494,62,1,48189,75,68599,100000,1.4235406420552408,0.68599,8,242,0.16,1,0,0.21,0,0,0
USR9516,60,3,59891,300,81749,100000,1.3649630161459985,0.81749,2,52,0.71,0,0,0.76,0,0,0
USR8233,26,8,45540,232,53568,100000,1.1762845849802372,0.53568,15,367,0.51,2,0,0.26,2,0,0
USR9423,21,5,34016,214,5576,500000,0.16392285983066793,0.011152,12,576,0.77,1,0,0.1,0,0,0
USR5881,49,4,27084,227,64817,500000,2.3931841677743315,0.129634,6,692,0.49,2,0,0.85,1,0,0
USR4376,57,2,38038,120,38576,300000,1.0141437509858562,0.12858666666666665,1,114,0.35,1,0,0.65,0,1,0
USR3986,58,1,26378,155,26966,300000,1.0222913033588596,0.08988666666666667,13,384,0.56,1,0,0.08,0,0,0
USR6479,37,1,34259,215,17200,500000,0.5020578534107826,0.0344,3,133,0.61,2,0,0.91,2,0,0
USR5945,67,2,48663,129,59190,300000,1.2163245176006412,0.1973,2,278,0.01,3,0,0.25,0,0,0
USR9719,58,2,43958,41,9625,500000,0.21895900632421858,0.01925,10,355,0.1,0,0,0.51,0,0,0
USR6449,32,5,25853,97,35402,200000,1.3693575213708273,0.17701,2,548,0.89,0,0,0.32,2,1,0
USR8649,58,6,31364,195,16090,300000,0.5130085448284658,0.05363333333333333,10,147,0.67,0,0,0.28,1,0,0
USR8000,54,1,50621,342,34846,500000,0.6883704391458091,0.069692,9,366,0.98,1,1,0.92,2,1,0
USR4407,35,4,26487,268,5586,100000,0.2108959112017216,0.05586,4,677,0.64,1,0,0.66,1,0,0
USR6762,61,1,41123,164,12879,200000,0.3131824040074897,0.064395,12,632,0.78,3,0,0.25,2,0,0
USR1667,23,1,28564,181,9340,200000,0.32698501610418707,0.0467,13,288,0.89,1,1,0.09,1,1,0
USR7410,40,2,6376,350,5997,100000,0.9405583437892095,0.05997,3,123,0.3,1,0,0.43,2,0,0
USR6325,23,1,54233,360,92285,200000,1.7016392233510962,0.461425,8,203,0.69,1,0,0.83,1,1,0
USR1658,36,1,34856,148,43791,500000,1.2563403718154693,0.087582,3,208,0.66,3,0,0.48,0,0,0
USR7771,58,1,27240,135,39857,300000,1.4631791483113068,0.13285666666666668,1,25,0.74,0,1,0.18,0,0,0
USR1624,53,2,41308,93,52255,500000,1.2650091991865982,0.10451,7,208,0.34,0,1,0.01,1,0,0
USR1370,18,4,34424,316,3535,200000,0.1026899837322798,0.017675,7,602,0.12,1,0,0.54,0,0,0
USR6780,35,0,22732,7,24525,300000,1.0788755938764738,0.08175,12,381,0.88,3,1,0.95,2,1,0
USR2680,49,3,39769,171,40731,200000,1.024189695491463,0.203655,7,690,0.39,3,1,0.64,0,1,0
USR3996,54,1,12062,121,21711,300000,1.7999502570054717,0.07237,14,446,0.19,0,0,0.37,2,0,0
USR2556,60,4,18788,64,20481,200000,1.090110708963168,0.102405,14,369,0.28,0,0,0.04,0,0,0
USR5587,66,1,31036,346,40860,300000,1.3165356360355716,0.1362,0,591,0.15,0,0,0.98,0,0,0
USR5392,21,3,10721,342,1000,200000,0.09327488107452662,0.005,8,167,0.22,2,0,0.14,0,0,0
USR1228,55,1,26896,261,12827,100000,0.47691106484235574,0.12827,8,621,0.82,3,0,0.37,0,1,0
USR9017,18,3,34376,124,46889,500000,1.3640039562485455,0.093778,13,187,0.87,1,0,0.51,1,0,0
USR3791,63,3,31815,236,22091,500000,0.6943580072292943,0.044182,2,172,0.18,0,0,0.73,0,0,0
USR3656,20,2,20171,346,19882,300000,0.9856725001239404,0.06627333333333334,9,276,0.29,1,1,0.77,2,1,0
USR8775,43,1,32297,283,30594,100000,0.9472706443322909,0.30594,5,259,0.01,2,1,0.31,0,0,0
USR8516,28,4,23605,345,33086,500000,1.401652192332133,0.066172,7,272,0.17,1,0,0.52,1,0,0
USR8376,59,1,7984,329,4743,500000,0.594063126252505,0.009486,7,289,0.42,0,0,0.35,1,0,0
USR4277,59,1,27807,220,1000,100000,0.035962167799474955,0.01,18,663,0.28,0,0,0.79,2,0,0
USR9929,49,0,57012,3,80115,100000,1.4052304777941487,0.80115,13,40,0.24,0,1,0.03,0,0,0
USR6034,57,1,52555,237,41330,500000,0.786414232708591,0.08266,5,304,0.88,0,1,0.94,0,0,0
USR2790,25,2,31595,107,5461,500000,0.17284380439943028,0.010922,4,396,0.24,2,0,0.96,0,0,0
USR2055,40,0,8576,17,1000,200000,0.1166044776119403,0.005,2,266,0.03,0,0,0.12,2,0,0
USR3031,46,3,17094,347,14156,100000,0.8281268281268281,0.14156,5,306,0.52,1,0,0.94,0,0,0
USR9142,61,0,46003,151,64957,500000,1.412016607612547,0.129914,8,662,0.29,1,0,0.27,0,0,0
USR2617,46,3,50443,187,50011,500000,0.991435878119858,0.100022,10,46,0.15,1,0,0.57,2,1,0
USR1339,31,1,50289,352,1000,500000,0.019885064328183103,0.002,7,51,0.27,2,1,0.98,0,0,0
USR7843,62,4,40405,28,31766,300000,0.7861898279915852,0.10588666666666667,0,552,0.83,1,0,0.47,0,1,0
USR9827,35,1,52326,279,100659,300000,1.9236899438137829,0.33553,10,634,0.93,0,0,0.05,2,0,0
USR6485,61,1,33950,133,34172,500000,1.006539027982327,0.068344,23,198,0.87,1,0,0.52,1,1,0
USR2699,67,2,27144,189,35555,500000,1.3098659003831417,0.07111,9,477,0.44,3,1,0.75,0,0,0
USR6974,53,5,49722,75,17765,200000,0.35728651301234865,0.088825,16,406,0.01,1,1,0.8,0,0,0
USR3997,38,3,16013,80,17320,100000,1.081621182788984,0.1732,5,104,0.68,0,0,0.57,1,0,0
USR4227,62,4,46058,364,17875,200000,0.38809761604932913,0.089375,6,402,0.76,0,0,0.05,0,1,0
USR7438,52,2,8541,256,13527,200000,1.58377239199157,0.067635,5,165,0.33,0,0,0.44,1,0,0
USR4027,19,0,13429,83,12928,100000,0.9626926800208504,0.12928,5,590,0.07,3,1,0.56,1,0,0
USR3328,69,2,21676,5,28408,100000,1.3105739066248385,0.28408,15,438,0.57,2,1,0.69,2,0,0
USR7374,23,1,27871,285,48272,300000,1.7319794768756054,0.16090666666666667,3,281,0.97,0,0,0.97,2,0,0
USR4169,65,3,7692,50,2737,100000,0.35582423296931875,0.02737,4,524,0.07,1,1,0.71,1,0,0
USR6230,69,1,49695,31,50245,300000,1.0110675118221149,0.16748333333333335,4,422,0.42,0,0,0.3,2,0,0
USR2453,37,1,22000,251,4220,100000,0.1918181818181818,0.0422,16,201,0.75,1,1,0.29,0,0,0
USR4027,43,2,48157,175,58390,200000,1.212492472537741,0.29195,9,76,0.0,0,0,0.87,2,0,0
USR7685,33,0,36936,24,3703,200000,0.10025449426034222,0.018515,2,384,0.8,1,1,0.82,1,0,0
USR9815,44,3,13787,227,21673,100000,1.5719881047363458,0.21673,10,326,0.61,3,0,0.58,1,0,0
USR2009,52,4,10733,165,18751,100000,1.7470418335973168,0.18751,11,310,0.12,1,0,0.56,0,0,0
USR6044,69,4,33668,55,16974,300000,0.50415825115837,0.05658,9,404,0.46,0,0,0.11,2,0,0
USR3838,30,4,5515,288,1000,100000,0.1813236627379873,0.01,3,20,0.18,0,0,0.83,0,0,0
USR2739,55,3,43646,137,21989,500000,0.5038033267653393,0.043978,10,305,0.98,2,0,0.37,0,0,0
USR8349,52,3,7410,275,7838,100000,1.0577597840755735,0.07838,9,542,0.65,2,1,0.2,0,0,0
USR2163,41,0,16228,314,31127,500000,1.9181045107222086,0.062254,13,156,0.66,0,0,0.32,1,0,0
USR7249,65,4,59918,234,1000,200000,0.016689475616676126,0.005,14,271,0.21,2,1,0.95,0,1,0
USR6046,59,1,19260,111,20873,200000,1.083748701973001,0.104365,8,417,0.1,0,1,0.62,0,0,0
USR1501,59,2,21476,273,12484,500000,0.581300055876327,0.024968,6,690,0.09,3,1,0.38,2,1,0
USR7068,69,0,36128,174,70251,200000,1.9445028786536758,0.351255,13,103,0.55,3,0,0.38,0,0,0
USR9641,28,0,18387,223,19817,300000,1.0777723391526621,0.06605666666666667,0,353,0.37,1,0,0.7,1,1,0
USR8556,69,1,41495,123,45511,100000,1.0967827449090253,0.45511,3,171,0.9,1,0,0.69,2,1,0
USR2005,43,1,55803,340,28404,100000,0.5090048922100963,0.28404,4,338,0.5,0,0,0.19,1,0,0
USR3287,45,1,59552,274,32480,300000,0.5454056958624396,0.10826666666666666,0,193,0.4,3,1,0.11,2,0,0
USR5186,18,1,22261,208,1000,200000,0.04492161178743093,0.005,13,380,0.57,0,0,0.52,1,1,0
USR6550,41,0,31335,242,25394,100000,0.8104037019307484,0.25394,14,136,0.55,1,0,0.71,0,1,0
USR9095,70,0,30477,191,50773,300000,1.665944810840962,0.16924333333333333,5,46,0.28,0,1,0.37,0,0,0
USR3759,65,2,6415,58,7859,200000,1.2250974279033515,0.039295,4,538,0.8,1,0,0.88,1,0,0
USR7741,60,3,8383,332,11526,100000,1.374925444351664,0.11526,10,559,1.0,2,1,0.24,1,0,0
USR9984,19,0,22158,26,40774,100000,1.840148027800343,0.40774,2,550,0.21,0,0,0.73,1,0,0
USR8160,63,4,11502,127,21505,300000,1.8696748391584073,0.07168333333333334,13,508,0.09,0,0,0.95,2,0,0
USR5450,69,2,41031,37,24617,300000,0.5999610050937096,0.08205666666666667,7,352,0.76,2,0,0.26,1,0,0
USR1897,27,1,55377,308,26180,500000,0.4727594488686639,0.05236,5,606,0.07,1,0,0.92,1,0,0
USR5657,51,0,31529,87,53573,300000,1.69916584731517,0.17857666666666666,1,317,0.04,0,1,0.7,1,0,0
USR6442,55,2,40362,170,60420,300000,1.4969525791586145,0.2014,2,685,0.23,3,0,0.38,2,0,0
USR1339,26,4,42650,28,36216,300000,0.8491441969519343,0.12072,10,299,0.43,0,0,0.08,2,1,0
USR1852,31,1,29620,142,12316,300000,0.41580013504388924,0.04105333333333333,20,183,0.92,3,1,0.93,2,0,0
USR7041,52,1,52162,255,4116,100000,0.07890801733062383,0.04116,3,286,0.68,1,0,0.61,1,0,0
USR4875,24,3,26310,297,24417,100000,0.9280501710376283,0.24417,4,123,0.98,3,1,0.42,1,0,0
USR8454,50,3,44290,167,27203,100000,0.6142018514337322,0.27203,5,354,0.88,0,1,0.56,0,0,0
USR7327,23,3,50337,216,43367,200000,0.8615332657885849,0.216835,3,689,0.64,0,0,0.44,0,0,0
USR3290,52,1,34624,323,58126,200000,1.6787777264325323,0.29063,8,508,0.47,1,0,0.79,1,0,0
USR7979,24,1,56279,164,106004,200000,1.883544483732831,0.53002,8,30,0.82,1,0,0.07,1,0,0
USR8580,28,4,34879,13,10904,200000,0.31262364173284785,0.05452,15,614,0.55,0,0,0.34,0,0,0
USR3239,31,3,9588,303,6911,300000,0.7207968293700459,0.023036666666666667,5,154,0.34,0,0,0.52,0,0,0
USR7794,36,7,57901,258,1000,100000,0.017270858879812095,0.01,5,330,0.57,3,0,0.47,0,0,0
USR7678,60,2,53600,273,49027,500000,0.9146828358208955,0.098054,10,190,0.11,0,1,0.82,0,0,0
USR4910,20,2,24486,203,32832,200000,1.3408478314138692,0.16416,17,503,0.31,0,1,0.14,2,0,0
USR9584,22,2,33571,166,52143,200000,1.5532155729647612,0.260715,0,513,0.66,1,0,0.84,2,0,0
USR3089,29,2,20653,354,42425,300000,2.0541809906551105,0.14141666666666666,0,16,0.98,1,0,0.99,0,0,1
USR7363,36,0,12809,336,17544,300000,1.3696619564368804,0.05848,11,86,0.09,0,0,0.88,0,0,0
USR5842,50,4,30443,211,10497,100000,0.34480833032224156,0.10497,2,453,0.14,3,0,0.41,0,0,0
USR9980,61,4,49774,77,89356,200000,1.7952344597581067,0.44678,7,374,0.62,3,0,0.65,1,0,0
USR9240,66,0,29352,321,21788,100000,0.7423003543199782,0.21788,6,439,0.18,2,0,0.39,1,0,0
USR7406,21,1,46938,284,39482,300000,0.8411521581660915,0.13160666666666668,22,108,0.6,3,0,0.56,0,0,0
USR1790,70,2,25382,257,12032,100000,0.47403671893467814,0.12032,15,638,0.61,0,0,0.54,1,1,0
USR2046,19,4,45071,45,16607,100000,0.3684630915666393,0.16607,9,60,0.37,2,1,0.16,0,0,0
USR8834,65,2,23951,137,16177,200000,0.6754206504947602,0.080885,3,339,0.43,0,0,0.39,0,0,0
USR7916,29,5,33685,249,23098,300000,0.6857058037702242,0.07699333333333333,6,213,0.91,2,1,0.08,2,0,0
USR5098,18,5,51642,209,85609,200000,1.657739824174122,0.428045,1,91,0.43,0,0,0.91,1,0,0
USR9531,43,2,47926,211,63078,100000,1.3161540708592414,0.63078,15,10,0.42,2,0,0.86,0,0,0
USR9632,25,2,42976,294,85282,300000,1.984409903201787,0.2842733333333333,4,177,0.82,0,0,0.18,1,0,0
USR4502,54,1,56285,303,113968,300000,2.0248378786532824,0.37989333333333336,0,387,0.14,0,1,0.88,2,0,0
USR3407,22,0,22534,212,22038,100000,0.9779888168989083,0.22038,13,44,0.48,0,0,0.47,0,1,0
USR1564,47,3,8934,270,30459,300000,3.409335124244459,0.10153,6,279,0.79,0,0,0.12,1,0,0
USR1769,51,0,23264,51,30397,200000,1.3066110729023384,0.151985,7,231,0.86,0,0,0.48,1,0,0
USR1306,23,2,54172,130,13631,200000,0.25162445543823375,0.068155,9,556,0.79,0,0,0.43,0,0,0
USR6970,31,2,19968,21,34115,100000,1.7084835737179487,0.34115,4,323,0.27,0,1,0.67,1,0,0
USR8256,18,0,56604,105,32351,100000,0.5715320472051445,0.32351,9,583,0.02,2,0,0.39,0,0,0
USR7689,47,4,11595,47,26292,200000,2.267529107373868,0.13146,4,628,0.76,0,0,0.48,0,1,1
USR5869,41,2,59436,240,57155,100000,0.9616225856383337,0.57155,8,226,0.96,2,0,0.14,0,0,0
USR6222,60,1,54981,182,1000,300000,0.01818810134410069,0.0033333333333333335,4,463,0.94,0,0,0.1,1,0,0
USR6606,29,1,6855,86,4908,300000,0.7159737417943107,0.01636,5,660,0.37,0,0,0.61,0,0,0
USR3005,47,1,13395,344,26322,300000,1.9650615901455768,0.08774,4,229,0.95,2,1,0.43,0,0,0
USR1742,62,4,19183,241,31142,200000,1.6234165667518115,0.15571,5,607,0.65,1,0,0.69,1,0,0
USR1594,58,3,44570,52,7479,200000,0.16780345523894996,0.037395,0,150,0.04,2,1,0.26,0,0,0
USR2364,50,0,53264,10,54859,300000,1.0299451787323521,0.18286333333333332,1,353,0.13,0,0,0.93,0,0,0
USR2135,24,1,40746,258,33458,500000,0.8211358170127129,0.066916,9,509,0.4,3,0,0.35,0,1,0
USR3942,36,2,9176,124,13502,100000,1.4714472537053183,0.13502,13,426,0.99,1,1,0.77,0,0,0
USR9239,69,1,49480,118,56282,500000,1.1374696847210994,0.112564,2,51,0.38,1,0,0.54,1,0,0
USR5999,44,1,30270,246,1000,500000,0.03303600925008259,0.002,6,165,0.41,1,0,0.73,1,0,0
USR1219,29,4,57889,272,66606,100000,1.1505812848727737,0.66606,8,460,0.42,0,0,0.47,0,0,0
USR4218,21,1,21173,57,16740,500000,0.7906295754026355,0.03348,10,460,0.51,1,1,0.27,0,0,0
USR7810,62,4,17092,245,7886,200000,0.4613854434823309,0.03943,6,525,0.4,3,0,0.6,2,0,0
USR6261,38,4,54340,119,80975,500000,1.4901545822598454,0.16195,6,565,0.63,2,0,0.61,0,0,0
USR9498,67,0,59835,286,71679,100000,1.1979443469541238,0.71679,3,121,0.7,0,0,0.98,0,0,0
USR5325,54,3,55763,271,1000,500000,0.017933038035973674,0.002,4,310,0.64,1,0,0.36,2,1,0
USR1034,23,3,7073,147,6643,100000,0.9392054290965643,0.06643,25,262,0.67,0,0,0.7,1,0,0
USR2005,60,1,21906,137,36944,200000,1.686478590340546,0.18472,13,273,0.95,0,0,0.97,2,0,0
USR8869,62,2,23098,191,28790,200000,1.2464282621872023,0.14395,6,380,0.41,2,0,0.35,0,1,0
USR8667,30,3,30813,326,40371,500000,1.3101937493914906,0.080742,2,364,0.72,0,1,0.24,1,0,0
USR3327,20,4,10237,239,8311,500000,0.8118589430497216,0.016622,4,691,0.65,2,0,0.52,0,0,0
USR6708,53,4,48413,33,49704,200000,1.0266663912585463,0.24852,1,271,0.73,0,0,0.32,1,1,0
USR9568,48,3,44819,134,101756,200000,2.2703764028648563,0.50878,8,335,0.99,0,0,0.03,0,0,0
USR4400,27,4,20573,325,18900,500000,0.9186798230690711,0.0378,6,435,0.21,0,0,0.79,0,0,0
USR6337,56,1,51259,75,89803,100000,1.7519459997268771,0.89803,5,638,0.1,2,0,0.63,0,0,0
USR2866,47,4,5119,72,3032,100000,0.5923031842156671,0.03032,9,540,0.89,1,0,0.04,0,0,0
USR2718,20,2,7250,340,12143,500000,1.6748965517241379,0.024286,10,222,0.98,0,0,0.64,0,0,0
USR3076,40,1,51896,267,43219,200000,0.8328002158162479,0.216095,9,586,1.0,0,1,0.26,0,0,0
USR7523,50,2,58258,50,1530,500000,0.026262487555357206,0.00306,5,611,0.49,0,0,0.19,2,0,0
USR9214,33,3,11761,256,25129,300000,2.1366380409829095,0.08376333333333333,2,451,0.96,0,0,0.79,0,1,1
USR5590,43,1,57608,25,57019,300000,0.9897757255936676,0.19006333333333333,2,128,0.41,1,0,0.8,2,0,0
USR8143,25,1,51151,66,88981,300000,1.739574983871283,0.29660333333333333,5,428,0.06,0,1,0.54,2,0,0
USR3013,59,4,59006,33,122203,500000,2.071026675253364,0.244406,5,158,0.71,0,0,0.14,0,0,0
USR2661,25,0,59155,264,53072,500000,0.8971684557518383,0.106144,18,671,0.55,0,0,0.61,0,0,0
USR1137,19,0,26487,7,5492,500000,0.20734700041529808,0.010984,8,310,0.35,0,1,0.03,2,0,0
USR5762,37,4,6068,321,4996,500000,0.8233355306526038,0.009992,12,439,0.35,1,1,0.39,0,1,0
USR6356,52,2,10328,115,1829,300000,0.1770914020139427,0.006096666666666667,14,270,0.44,2,0,0.39,1,0,0
USR1873,19,1,27866,254,32249,500000,1.1572884518768392,0.064498,12,368,0.28,0,1,0.18,0,0,0
USR1677,39,1,31786,364,30346,100000,0.9546970364311332,0.30346,14,494,0.24,1,0,0.22,0,0,0
USR4669,57,1,11017,52,3709,500000,0.3366615231006626,0.007418,9,488,0.7,0,1,0.71,2,1,0
USR3570,51,3,40622,322,74526,300000,1.834621633597558,0.24842,14,404,0.86,0,1,0.69,1,0,0
USR8955,56,0,39663,186,59409,100000,1.4978443385523033,0.59409,17,333,0.23,1,1,0.88,1,0,0
USR7789,40,0,7676,125,9146,300000,1.1915059927045335,0.030486666666666665,5,60,0.15,0,0,0.28,2,0,0
USR6086,56,4,23307,10,41725,500000,1.790234693439739,0.08345,21,578,0.26,2,1,0.43,2,0,0
USR4024,60,1,16560,30,14667,200000,0.8856884057971014,0.073335,1,264,0.99,3,0,0.65,1,0,0
USR1981,66,1,35679,273,6484,300000,0.1817315507721629,0.02161333333333333,8,569,0.39,1,0,0.69,2,0,0
USR8353,48,3,14961,45,15181,200000,1.01470489940512,0.075905,6,332,0.41,3,0,0.54,2,0,0
USR4606,62,2,17182,44,22241,500000,1.2944360377138866,0.044482,5,300,0.79,0,0,0.58,0,0,0
USR6617,19,2,15441,141,28623,100000,1.8537011851564018,0.28623,0,181,0.85,1,0,0.62,2,0,0
USR3559,21,2,10384,163,11591,100000,1.1162365177195686,0.11591,18,545,0.65,0,0,0.28,1,1,0
USR9831,63,1,9275,283,5746,200000,0.6195148247978437,0.02873,9,346,0.78,1,0,0.52,0,0,0
USR2012,25,1,12525,101,15651,500000,1.2495808383233533,0.031302,1,394,0.71,1,0,0.14,0,1,0
USR2623,55,1,54765,29,37749,100000,0.6892906053136127,0.37749,10,85,1.0,0,0,0.48,2,0,0
USR6143,33,4,32742,225,13408,100000,0.4095046118135728,0.13408,11,462,0.92,1,0,0.76,2,0,0
USR8769,69,1,55147,220,1000,200000,0.018133352675576187,0.005,0,7,0.13,2,0,0.92,0,0,0
USR7531,69,2,17644,287,37047,500000,2.0996939469508047,0.074094,10,410,0.54,3,0,0.58,2,1,0
USR3322,53,1,51884,71,40804,300000,0.78644668876725,0.13601333333333335,7,544,0.37,1,0,0.57,1,1,0
USR9093,67,2,54595,205,5210,100000,0.09542998443080868,0.0521,3,8,0.77,1,0,0.39,1,0,0
USR1283,67,1,39644,97,48320,200000,1.2188477449298758,0.2416,2,10,0.68,1,0,0.08,0,0,0
USR3875,65,1,36331,38,34696,500000,0.9549971099061407,0.069392,0,291,0.05,1,0,0.77,0,1,0
USR8753,20,7,52939,5,34761,500000,0.6566236611949602,0.069522,1,596,0.51,1,0,0.03,2,0,0
USR3438,40,2,45871,255,85137,100000,1.8560092433127684,0.85137,22,594,0.46,2,1,0.3,0,0,0
USR5166,54,1,20592,139,10779,100000,0.523455710955711,0.10779,17,570,0.29,2,0,0.96,0,0,0
USR5649,20,2,51567,201,11683,100000,0.22655962146333897,0.11683,23,41,0.57,0,0,0.89,2,0,0
USR3436,53,2,20169,144,1329,100000,0.06589320243938718,0.01329,2,416,0.56,2,0,0.18,0,0,0
USR3388,56,2,34392,10,44565,300000,1.2957955338450802,0.14855,3,92,0.84,0,0,0.76,2,1,0
USR8243,65,2,38070,34,48873,500000,1.283766745468873,0.097746,18,244,0.55,3,1,0.16,0,1,0
USR4161,68,1,36327,246,62468,100000,1.7196024995182646,0.62468,7,372,0.59,1,1,0.1,0,0,0
USR4815,37,1,20882,345,48387,200000,2.3171631069820897,0.241935,4,310,0.38,0,0,0.47,2,1,0
USR6227,63,2,23737,201,24855,100000,1.0470994649702996,0.24855,3,505,0.17,3,0,0.26,0,0,0
USR2441,28,4,59215,121,91328,200000,1.5423119142109263,0.45664,26,215,0.58,3,0,0.58,0,0,0
USR5159,68,5,57224,293,87793,300000,1.5341989375087377,0.2926433333333333,10,509,0.53,1,0,0.13,0,0,0
USR3430,67,2,30013,108,38140,100000,1.2707826608469663,0.3814,12,587,0.22,1,1,0.82,0,0,0
USR3065,60,1,30461,250,35916,200000,1.1790814484094416,0.17958,14,643,0.24,1,0,0.5,2,0,0
USR9400,64,0,53582,156,30453,500000,0.5683438468142287,0.060906,8,555,0.9,0,0,0.92,2,0,0
USR7154,63,2,55822,113,114913,100000,2.0585611407688726,1.14913,21,46,0.02,3,0,0.65,1,0,0
USR4182,48,3,41837,363,48393,100000,1.1567033965150464,0.48393,7,670,0.29,3,0,0.92,0,0,0
USR2928,38,3,17912,102,18153,200000,1.0134546672621707,0.090765,19,537,0.21,0,1,0.75,2,0,0
USR4902,36,2,21796,20,14285,300000,0.655395485410167,0.04761666666666667,2,49,0.63,3,1,0.9,1,1,0
USR5864,32,1,33658,269,21035,200000,0.6249628617267812,0.105175,0,458,0.93,3,0,0.76,1,0,0
USR1894,51,3,18947,24,24664,500000,1.3017364226526627,0.049328,14,351,0.84,2,0,0.23,2,0,0
USR5862,51,2,46359,52,32424,100000,0.6994111175823464,0.32424,6,673,0.36,2,0,0.92,2,0,0
USR4503,62,2,19565,131,33543,200000,1.7144390493227704,0.167715,8,53,0.99,1,0,0.85,0,0,0
USR7743,19,3,5634,126,7750,500000,1.3755768548100817,0.0155,6,532,0.76,0,0,0.15,0,0,0
USR5540,45,1,52131,238,1000,200000,0.019182444227043408,0.005,9,305,0.48,2,0,0.51,1,0,0
USR7374,62,4,48841,234,64142,200000,1.313281873835507,0.32071,1,672,0.66,0,1,0.91,2,0,0
USR7942,45,1,17147,152,35965,300000,2.097451449233102,0.11988333333333333,11,214,0.85,0,1,0.24,2,0,0
USR6079,32,2,6743,306,1000,500000,0.14830194275545008,0.002,1,672,0.77,0,0,0.92,0,1,0
USR8104,50,0,40945,229,45762,300000,1.11764562217609,0.15254,9,213,1.0,3,0,0.34,1,0,0
USR8540,27,3,42819,126,5968,500000,0.13937737920082208,0.011936,0,651,0.92,1,0,0.37,2,0,0
USR4480,40,1,41685,182,34667,100000,0.8316420774859062,0.34667,4,171,0.87,0,0,0.85,0,0,0
USR5979,25,3,57668,353,49344,100000,0.8556565166123327,0.49344,4,508,0.36,0,0,0.8,0,0,0
USR9260,18,3,57384,105,65372,100000,1.1392025651749618,0.65372,0,308,0.84,1,0,0.87,2,1,0
USR2133,23,2,26861,266,32321,100000,1.203268679498157,0.32321,0,256,0.53,0,0,0.42,2,1,0
USR3888,31,4,12899,41,17358,300000,1.345685712070703,0.05786,16,347,0.95,2,0,0.97,1,0,0
USR7762,27,1,28807,124,17102,100000,0.5936751484014302,0.17102,4,378,0.15,0,0,0.51,0,0,0
USR2390,23,2,23101,285,20613,100000,0.8922990346738237,0.20613,18,157,0.28,3,0,0.31,0,0,0
USR9426,36,1,51530,329,58749,300000,1.1400931496215796,0.19583,5,32,0.49,1,0,0.51,0,0,0
USR7214,61,4,54888,73,47320,300000,0.8621192246028275,0.15773333333333334,13,443,0.24,0,0,0.26,1,0,0
USR2163,59,2,26802,95,15249,300000,0.5689500783523618,0.05083,12,213,0.05,1,0,0.57,1,1,0
USR9326,33,3,30937,101,17153,300000,0.5544493648382196,0.05717666666666667,1,428,0.33,1,0,0.28,0,0,0
USR9540,19,1,11670,204,1000,100000,0.0856898029134533,0.01,20,127,0.08,1,0,0.57,2,0,0
USR5030,29,2,50148,23,95774,300000,1.909826912339475,0.3192466666666667,13,613,0.87,0,0,0.57,0,0,0
USR5641,34,3,21260,5,25695,500000,1.2086077140169331,0.05139,13,424,0.58,3,0,0.43,1,0,0
USR9990,64,3,26996,336,13846,500000,0.5128907986368351,0.027692,1,393,0.93,0,0,0.91,2,1,0
USR4249,18,1,27779,214,24917,500000,0.8969725332085389,0.049834,3,448,0.52,0,0,0.86,0,0,0
USR9742,65,2,16031,351,4698,300000,0.29305720167176097,0.01566,5,164,0.64,3,0,0.35,2,0,0
USR6643,22,0,15900,252,14993,300000,0.9429559748427673,0.04997666666666667,1,502,0.38,0,0,0.83,0,1,0
USR6946,51,1,30257,346,18295,300000,0.604653468618832,0.060983333333333334,5,20,0.37,1,1,0.79,0,0,0
USR3323,52,3,41033,351,21605,100000,0.5265274291423976,0.21605,14,635,0.55,2,0,0.46,2,0,0
USR5076,67,3,50146,255,13053,300000,0.2602999242212739,0.04351,8,235,0.92,2,0,0.89,1,0,0
USR2317,31,2,57549,247,60507,500000,1.051399676797164,0.121014,4,526,0.21,0,0,0.79,0,1,0
USR8034,26,2,55966,175,23431,500000,0.418664903691527,0.046862,3,139,0.5,0,0,0.76,0,1,0
USR2599,20,0,24491,331,20732,100000,0.8465150463435548,0.20732,11,256,0.41,3,1,0.53,1,0,0
USR6261,43,3,23750,276,37340,300000,1.5722105263157895,0.12446666666666667,4,546,0.76,0,0,0.57,1,1,0
USR1154,64,1,37992,103,45178,300000,1.1891450831754053,0.15059333333333333,1,627,0.13,0,0,0.19,0,0,0
USR9699,67,0,16874,203,5958,200000,0.35308759037572596,0.02979,15,75,0.44,0,0,0.63,0,0,0
USR2360,32,5,10272,342,7947,200000,0.7736565420560748,0.039735,10,320,0.72,0,1,0.41,0,0,0
USR9107,64,3,9756,248,13093,200000,1.3420459204592046,0.065465,14,148,0.2,1,0,0.45,2,0,0
USR9469,31,2,26329,216,1000,500000,0.037980933571347186,0.002,15,614,0.06,0,0,0.97,0,0,0
USR3908,25,3,56308,266,67599,300000,1.200522128294381,0.22533,2,587,0.2,0,1,0.86,0,0,0
USR7327,53,1,12762,166,17264,200000,1.3527660241341481,0.08632,1,22,0.86,0,0,0.88,1,1,0
USR8591,51,3,10782,295,16983,300000,1.5751252086811351,0.05661,12,559,0.05,0,0,0.01,1,1,0
USR6726,21,1,51258,360,54637,500000,1.0659214171446407,0.109274,3,414,0.47,3,1,0.28,1,0,0
USR5082,43,1,6351,59,5345,200000,0.8415997480711699,0.026725,10,437,0.14,0,1,0.13,1,0,0
USR2890,28,1,26544,320,25611,300000,0.9648508137432188,0.08537,1,604,0.95,0,1,0.27,2,0,0
USR2860,35,1,20740,156,22300,500000,1.0752169720347156,0.0446,9,592,0.35,0,0,0.04,2,0,0
USR1046,28,4,58947,260,1000,100000,0.0169643917417341,0.01,10,466,0.41,0,0,0.94,0,0,0
USR9502,42,1,12574,193,1000,300000,0.0795291872117067,0.0033333333333333335,20,630,0.37,0,0,0.17,0,1,0
USR2697,39,3,36105,209,34605,300000,0.9584545076859161,0.11535,8,30,0.23,2,0,0.87,1,1,0
USR5586,46,2,43313,207,95757,500000,2.210814305173966,0.191514,1,24,0.14,2,0,0.76,0,0,0
USR7574,44,0,9903,285,4084,100000,0.41240028274260326,0.04084,3,503,0.69,1,1,0.71,1,1,0
USR4753,36,0,55479,153,48930,300000,0.8819553344508733,0.1631,13,596,0.48,2,1,0.17,0,1,0
USR4891,24,2,27113,32,1000,200000,0.03688267620698558,0.005,9,37,0.38,3,0,0.03,0,0,0
USR1699,65,3,18816,82,21691,500000,1.1527954931972788,0.043382,17,171,0.9,0,0,0.12,0,0,0
USR2668,62,2,48314,10,49199,200000,1.0183176718963447,0.245995,6,456,0.45,1,0,0.76,2,0,0
USR1902,38,0,44770,331,78443,300000,1.7521331248603975,0.2614766666666667,9,175,0.13,1,0,0.65,1,0,0
USR8482,66,0,50332,223,27853,300000,0.553385520146229,0.09284333333333333,9,232,0.44,0,0,0.25,0,0,0
USR5689,68,1,15615,183,12734,200000,0.8154979186679475,0.06367,9,594,0.09,0,0,0.3,2,0,0
USR7395,34,1,38203,195,23564,300000,0.6168101981519776,0.07854666666666667,2,79,0.38,0,1,0.99,1,0,0
USR6359,65,1,45128,13,57136,200000,1.2660875731253325,0.28568,0,317,0.91,3,1,0.3,0,0,0
USR3081,47,3,32599,186,12636,300000,0.3876192521242983,0.04212,5,117,0.9,3,1,0.15,2,0,0
USR9831,41,4,52407,289,60296,300000,1.1505333257007653,0.20098666666666667,14,255,0.17,1,0,0.87,0,1,0
USR3833,42,1,53341,123,90975,500000,1.7055360791886167,0.18195,6,136,0.1,0,0,0.14,0,0,0
USR5773,63,1,57291,30,42748,100000,0.7461555916287026,0.42748,5,370,0.56,2,0,0.21,0,0,0
USR2811,41,1,59969,200,15255,100000,0.2543814304057096,0.15255,1,200,0.11,1,0,0.58,2,1,0
USR3962,18,4,11960,360,7408,500000,0.6193979933110368,0.014816,16,433,0.75,1,0,0.58,2,0,0
USR9206,40,2,27051,167,19082,100000,0.705408302835385,0.19082,1,620,0.26,1,0,0.56,2,0,0
USR4514,59,2,46919,180,101704,200000,2.1676506319401523,0.50852,8,159,0.35,2,0,0.3,1,0,0
USR6232,56,1,55007,11,35314,500000,0.6419910193248132,0.070628,5,310,0.18,0,0,0.82,1,1,0
USR9340,19,3,31305,276,5837,100000,0.18645583772560295,0.05837,5,328,0.35,0,0,0.02,1,0,0
USR9677,62,1,15485,55,10382,200000,0.6704552793025509,0.05191,12,602,0.16,0,1,0.69,2,1,0
USR1041,22,0,48766,288,71368,300000,1.4634786531599886,0.23789333333333335,17,294,0.48,1,0,0.1,0,1,0
USR1899,69,2,19026,163,23742,100000,1.2478713339640493,0.23742,12,125,0.29,0,0,0.53,2,0,0
USR9434,51,0,34791,188,42531,100000,1.2224713287919289,0.42531,15,699,0.17,1,1,0.17,0,0,0
USR4395,39,3,5072,11,5480,500000,1.0804416403785488,0.01096,5,563,0.95,1,1,0.08,0,0,0
USR4028,31,2,42030,123,10591,300000,0.2519866761836783,0.03530333333333333,10,476,0.74,1,0,0.05,0,0,0
USR6450,31,1,25815,50,4077,300000,0.157931435212086,0.01359,13,170,0.1,1,1,0.87,0,0,0
USR3195,21,1,48137,93,47561,300000,0.9880341525230073,0.15853666666666666,19,584,0.09,0,0,0.74,1,0,0
USR8988,47,1,5376,165,6570,500000,1.2220982142857142,0.01314,7,335,0.89,1,1,0.5,2,0,0
USR4731,42,4,13801,73,20103,300000,1.456633577277009,0.06701,11,700,0.15,0,1,0.66,0,0,0
USR1534,31,2,5108,236,6029,100000,1.1803054032889584,0.06029,4,125,0.0,0,1,0.25,2,0,0
USR9513,22,2,34581,16,20264,100000,0.5859865243920072,0.20264,13,526,0.08,1,0,0.49,1,0,0
USR6695,35,0,17021,266,16298,100000,0.957523059749721,0.16298,27,44,0.0,3,0,0.35,0,1,0
USR8186,58,0,12150,134,19153,100000,1.5763786008230454,0.19153,10,421,0.98,0,0,0.13,0,1,0
USR7593,70,1,21363,337,11980,300000,0.5607826616111969,0.039933333333333335,9,195,0.56,1,0,0.73,0,0,0
USR4104,43,3,5352,214,7771,500000,1.4519805680119582,0.015542,10,277,0.33,3,0,0.71,0,0,0
USR7794,32,2,6170,84,9937,100000,1.6105348460291735,0.09937,1,164,0.09,0,0,0.87,1,0,0
USR9671,65,5,47193,70,16027,200000,0.3396054499607993,0.080135,7,21,0.21,2,0,0.12,0,0,0
USR4742,50,1,46204,196,85485,300000,1.8501644879231236,0.28495,7,63,0.53,3,0,0.71,0,0,0
USR7496,37,3,25547,237,35048,100000,1.3719027674482327,0.35048,6,150,0.4,0,0,0.56,1,0,0
USR8064,25,2,52827,10,60215,300000,1.1398527268252976,0.20071666666666665,5,85,0.45,1,0,0.63,1,0,0
USR6543,41,3,49340,2,74426,200000,1.5084312930685042,0.37213,5,604,0.72,0,1,0.13,2,1,0
USR2716,19,4,56198,45,94529,500000,1.6820705363180184,0.189058,12,618,0.54,0,0,0.15,0,1,0
USR5164,24,4,40232,136,1000,100000,0.024855836150328096,0.01,6,543,0.46,2,0,0.12,0,0,0
USR3577,59,1,30990,322,34047,500000,1.0986447241045498,0.068094,4,240,0.65,0,1,0.51,1,0,0
USR3241,24,4,36946,354,28090,100000,0.7602988144860066,0.2809,3,447,0.04,0,1,0.09,0,0,0
USR5395,46,2,23584,212,27753,200000,1.1767723880597014,0.138765,7,19,0.85,0,0,0.24,0,0,0
USR9786,33,4,19860,292,16442,500000,0.8278952668680766,0.032884,7,535,0.76,0,0,0.97,1,1,0
USR1210,68,0,42655,88,76689,300000,1.7978900480600164,0.25563,11,658,0.47,1,0,0.6,0,0,0
USR8286,50,1,41425,214,57387,500000,1.3853228726614364,0.114774,8,528,0.93,3,0,0.99,0,0,0
USR2021,61,2,34398,338,1000,100000,0.029071457642886215,0.01,4,650,0.94,2,0,0.74,2,0,0
USR8825,31,3,37190,189,39784,500000,1.0697499327776283,0.079568,18,637,0.25,0,1,0.64,1,0,0
USR4977,41,1,44796,177,25091,100000,0.5601169747298866,0.25091,0,214,0.63,0,1,0.06,0,0,0
USR4537,28,2,41285,28,19146,300000,0.4637519680271285,0.06382,18,277,0.38,0,0,0.65,1,1,0
USR8773,29,4,33598,114,18671,500000,0.5557176022382284,0.037342,6,162,0.91,1,0,0.67,2,0,0
USR3458,45,3,22446,306,45075,200000,2.008152900294039,0.225375,12,115,0.27,3,0,0.26,1,1,0
USR8356,42,4,42996,82,5711,500000,0.13282630942413248,0.011422,4,636,0.5,0,1,0.72,2,0,0
USR2058,56,0,30032,90,30291,100000,1.0086241342567928,0.30291,2,333,0.57,1,0,0.76,1,0,0
USR7961,58,2,19794,231,17800,300000,0.8992624027483076,0.059333333333333335,11,647,0.27,0,0,0.41,1,0,0
USR3365,23,2,32982,148,21603,300000,0.6549936328906676,0.07201,0,658,0.36,0,0,0.88,1,1,0
USR1176,47,4,53599,114,89693,100000,1.6734080859717533,0.89693,4,110,0.45,0,1,0.78,2,0,0
USR5512,52,1,55411,54,36047,500000,0.6505387017018281,0.072094,4,358,0.48,3,1,0.57,0,1,0
USR5237,31,1,12145,71,11750,100000,0.9674763277068753,0.1175,4,381,0.91,2,0,0.51,1,0,0
USR8902,29,3,16007,39,18335,200000,1.1454363715874305,0.091675,7,534,0.37,1,0,0.43,1,0,0
USR2348,22,1,41028,349,34721,200000,0.8462757141464365,0.173605,1,502,0.26,3,0,0.39,0,0,0
USR5209,30,1,18556,3,12920,500000,0.6962707480060358,0.02584,12,44,0.04,0,0,0.45,0,0,0
USR1141,22,3,58106,64,39233,500000,0.6751970536605514,0.078466,1,97,0.29,1,0,0.12,0,0,0
USR3059,24,4,30218,243,51365,100000,1.6998146799920577,0.51365,10,86,0.04,0,1,0.65,0,0,0
USR1205,63,2,13759,351,14629,200000,1.0632313394868813,0.073145,10,470,0.81,0,0,0.54,0,1,0
USR2472,41,1,42839,336,64054,100000,1.49522631247228,0.64054,2,219,0.83,0,1,0.39,0,0,0
USR4994,19,2,45055,242,10381,300000,0.23040727999112195,0.03460333333333333,0,666,0.04,1,0,0.53,0,0,0
USR6951,51,3,53338,361,110377,200000,2.0693876785781242,0.551885,22,202,0.49,0,0,0.95,0,1,1
USR9305,21,1,58144,225,72281,500000,1.2431377270225648,0.144562,28,438,0.47,0,1,0.36,0,0,0
USR9032,66,4,39692,337,66584,300000,1.6775168799758138,0.22194666666666665,10,229,0.24,1,0,0.91,0,1,0
USR2324,45,2,51359,286,76931,300000,1.4979068907104889,0.25643666666666665,3,660,0.65,0,0,0.32,1,1,0
USR4173,46,5,48996,11,61093,200000,1.2468977059351785,0.305465,14,166,0.28,1,0,0.65,2,0,0
USR1688,23,2,57552,293,53513,300000,0.9298199888796219,0.17837666666666666,29,248,0.95,0,0,0.13,1,0,0
USR1780,26,0,49614,52,48721,500000,0.9820010480912645,0.097442,10,555,0.1,0,0,0.06,1,0,0
USR1631,39,1,44073,58,45004,300000,1.0211240441993965,0.15001333333333333,6,94,0.41,0,0,0.58,2,0,0
USR5622,19,2,9187,291,2905,100000,0.3162076847719604,0.02905,8,615,0.77,0,1,1.0,2,1,0
USR4068,33,2,12645,111,7421,500000,0.5868722815342032,0.014842,3,416,0.82,0,0,0.5,2,0,0
USR2843,25,2,5472,63,3347,200000,0.6116593567251462,0.016735,6,665,0.87,2,0,0.93,1,0,0
USR7520,46,0,25839,82,37132,300000,1.4370525175122877,0.12377333333333333,14,641,0.78,0,1,0.2,2,0,0
USR5530,28,1,44319,9,27931,500000,0.6302263137706176,0.055862,2,671,0.18,2,0,0.93,2,0,0
USR5064,20,2,56061,34,70163,100000,1.2515474215586593,0.70163,2,19,0.07,0,0,0.88,2,1,0
USR7972,67,0,45158,95,8265,500000,0.1830240488949909,0.01653,18,254,0.67,3,0,0.2,0,0,0
USR2565,68,3,19271,313,17706,500000,0.918789891546884,0.035412,2,696,0.06,0,0,0.03,2,0,0
USR3195,48,0,47587,334,58253,500000,1.2241368440960767,0.116506,0,611,0.49,1,0,0.82,0,1,0
USR6844,57,1,27715,29,5117,300000,0.18462926213241926,0.017056666666666668,0,436,0.82,0,0,0.05,1,1,0
USR4636,69,4,44636,200,66228,100000,1.483735101711623,0.66228,7,92,0.18,1,0,0.62,0,0,0
USR9163,61,0,52458,19,37606,100000,0.716878264516375,0.37606,8,635,0.34,1,0,0.07,2,0,0
USR1982,59,2,10822,38,7756,300000,0.7166882276843467,0.025853333333333332,6,268,0.14,1,1,0.49,0,0,0
USR7660,47,5,36219,154,45255,500000,1.2494823159115382,0.09051,3,56,0.46,3,0,0.02,1,1,0
USR9596,21,3,42544,50,35446,500000,0.8331609627679579,0.070892,1,70,0.34,3,0,0.84,1,0,0
USR3308,55,1,29791,315,27182,100000,0.9124232150649525,0.27182,13,5,0.03,3,0,0.59,0,1,0
USR2002,30,2,33986,168,64445,200000,1.8962219737538986,0.322225,17,251,0.52,2,0,0.86,0,0,0
USR6019,55,2,40884,107,57736,300000,1.4121905880050876,0.19245333333333334,6,123,0.68,1,0,0.46,2,1,0
USR3706,63,0,28709,311,7649,500000,0.2664321292974329,0.015298,2,113,0.71,1,0,0.4,1,1,0
USR9999,52,0,51758,42,49297,200000,0.9524517948916109,0.246485,1,523,0.35,1,0,0.56,1,0,0
USR4045,44,1,10553,269,9916,300000,0.9396380176253198,0.03305333333333333,4,672,0.87,0,1,0.91,0,0,0
USR9550,25,1,34295,154,20471,200000,0.5969091704330077,0.102355,12,410,0.95,0,1,0.81,0,0,0
USR4163,52,2,42554,255,37816,200000,0.888659115476806,0.18908,5,526,0.57,3,0,0.12,1,1,0
USR3651,24,2,41946,202,19146,100000,0.4564439994278358,0.19146,7,293,0.79,3,1,0.54,0,1,0
USR6164,25,0,58179,64,56694,500000,0.9744753261486103,0.113388,8,689,0.12,3,1,0.1,2,0,0
USR2954,69,0,58254,63,50514,300000,0.8671335873931404,0.16838,2,162,0.65,3,0,0.18,0,0,0
USR2736,58,3,38516,3,1000,100000,0.02596323605774224,0.01,1,141,1.0,3,0,0.86,1,0,0
USR4525,50,2,52949,188,37849,500000,0.7148199210561106,0.075698,12,418,0.75,0,1,0.76,0,0,0
USR3684,41,2,9758,161,7238,300000,0.7417503586800573,0.024126666666666668,15,654,0.24,0,0,0.56,0,0,0
USR1731,42,1,55709,277,16418,300000,0.2947100109497568,0.054726666666666667,20,652,0.69,3,0,0.49,2,0,0
USR4534,43,1,19084,19,42708,200000,2.237895619367009,0.21354,2,433,0.51,0,0,0.87,0,0,0
USR4039,39,2,15623,7,20424,300000,1.307303334826858,0.06808,19,273,0.17,3,0,0.77,0,1,0
USR1062,22,5,46187,276,60313,500000,1.3058436356550545,0.120626,11,186,0.1,0,1,0.81,0,1,0
USR7400,31,3,16544,14,21115,500000,1.2762935203094778,0.04223,14,605,0.13,0,0,0.62,0,0,0
USR3570,39,5,54520,340,67461,100000,1.237362435803375,0.67461,18,476,0.21,0,0,0.88,2,0,0
USR3377,26,1,32830,168,17662,300000,0.5379835516296071,0.05887333333333333,23,120,0.15,0,0,0.15,2,0,0
USR3498,47,2,52400,80,93540,100000,1.785114503816794,0.9354,0,87,0.53,1,0,0.43,0,0,0
USR9175,58,3,38537,271,3190,500000,0.08277759036769858,0.00638,15,317,0.5,0,0,0.54,0,1,0
USR6718,42,5,42168,352,78066,100000,1.8513090495162208,0.78066,0,302,0.61,1,1,0.6,2,0,0
USR5272,33,0,16665,202,17856,100000,1.0714671467146715,0.17856,11,276,0.69,2,0,0.09,1,0,0
USR5410,25,1,41045,363,68398,100000,1.6664149104641248,0.68398,3,207,0.1,1,1,0.74,0,0,0
USR2691,67,3,35373,124,28533,300000,0.8066321770842168,0.09511,3,597,0.06,0,1,0.89,0,0,0
USR8192,28,0,36559,188,30927,300000,0.8459476462704122,0.10309,1,110,0.14,3,0,0.09,1,0,0
USR1866,62,1,41019,322,27935,100000,0.6810258660620688,0.27935,3,507,0.57,0,0,0.36,2,1,0
USR2656,29,3,52548,73,77475,200000,1.474366293674355,0.387375,0,195,0.25,1,0,0.4,0,0,0
USR3686,55,1,58025,32,91020,500000,1.5686342093925032,0.18204,4,392,0.39,0,0,0.42,2,1,0
USR7672,55,2,43448,195,29996,100000,0.6903885104032407,0.29996,11,574,0.16,1,0,0.73,1,0,0
USR4362,36,4,37911,217,13646,200000,0.35994829996570915,0.06823,5,530,0.21,0,0,0.54,2,0,0
USR9272,30,3,24675,239,21923,500000,0.8884701114488348,0.043846,8,210,0.38,3,1,0.89,2,0,0
USR5041,49,3,52976,101,45017,300000,0.849762156448203,0.15005666666666667,6,430,0.45,3,1,0.08,2,0,0
USR9316,52,4,27704,293,1000,300000,0.036095870632399656,0.0033333333333333335,3,690,0.82,1,0,0.96,0,0,0
USR8316,21,3,45999,251,18536,500000,0.40296528185395336,0.037072,13,360,0.09,2,0,0.87,0,1,0
USR4011,32,1,48216,227,39582,500000,0.8209308113489299,0.079164,4,603,0.43,3,0,0.41,2,0,0
USR1102,19,2,8133,245,1000,500000,0.12295585884667404,0.002,14,310,0.71,1,0,0.02,0,0,0
USR8761,40,1,28429,256,63917,500000,2.248302789405185,0.127834,8,401,0.17,1,0,0.6,2,1,0
USR1606,43,4,24538,14,1000,300000,0.04075311761349743,0.0033333333333333335,2,64,0.51,2,0,0.09,1,1,0
USR3844,46,5,19906,223,19771,200000,0.9932181251883854,0.098855,0,53,0.33,1,1,0.41,0,0,0
USR2428,45,4,6513,209,7674,100000,1.1782588668816214,0.07674,17,532,0.05,1,1,0.52,0,1,0
USR9566,54,1,31608,226,37041,100000,1.1718868640850417,0.37041,6,15,0.29,3,0,0.62,0,0,0
USR9129,67,2,39814,153,67150,300000,1.686592655849701,0.22383333333333333,6,691,0.32,0,0,0.44,0,0,0
USR7474,18,0,43933,178,12515,300000,0.28486559078596957,0.041716666666666666,6,622,0.57,1,0,0.73,2,1,0
USR6523,29,2,53145,38,60911,300000,1.1461285163232666,0.20303666666666667,10,323,0.52,0,0,0.62,1,0,0
USR4640,68,3,46409,4,102519,200000,2.2090327307203346,0.512595,3,381,0.9,2,0,0.38,0,0,0
USR6735,66,2,55472,171,58345,100000,1.0517918950100953,0.58345,2,171,0.35,2,0,0.1,1,0,0
USR1358,54,0,34725,75,27499,300000,0.7919078473722102,0.09166333333333333,4,196,0.77,1,1,0.41,2,0,0
USR1789,26,4,36578,42,9954,100000,0.2721307889988518,0.09954,4,640,0.8,0,0,0.36,0,0,0
USR7869,48,1,32276,160,43622,300000,1.3515305490147478,0.14540666666666666,9,72,0.54,0,0,0.84,1,0,0
USR6856,23,0,11165,214,7689,100000,0.6886699507389162,0.07689,14,314,0.65,3,0,0.35,2,0,0
USR3796,18,3,46553,87,67191,300000,1.4433226644899362,0.22397,6,117,0.43,1,1,0.31,0,0,0
USR3285,62,1,56047,2,67868,100000,1.2109122700590575,0.67868,1,184,0.63,0,0,0.11,1,0,0
USR1473,50,3,19996,2,30521,100000,1.5263552710542108,0.30521,10,367,0.33,0,0,0.56,1,1,0
USR9288,35,1,19874,85,9808,100000,0.49350910737647175,0.09808,16,414,0.91,0,1,0.49,1,0,0
USR7182,54,1,51028,141,31904,300000,0.6252253664654699,0.10634666666666667,7,161,0.81,2,0,0.17,2,0,0
USR4757,65,4,45159,349,24638,100000,0.5455833831572887,0.24638,7,176,0.85,1,0,0.11,0,1,0
USR8414,69,2,23304,219,20634,300000,0.885427394438723,0.06878,8,664,0.54,0,1,0.41,0,0,0
USR8119,21,2,34447,29,14802,300000,0.4297036026359335,0.04934,10,215,0.5,2,1,0.74,0,0,0
USR1256,51,5,15520,255,12971,500000,0.8357603092783505,0.025942,3,557,0.65,1,1,0.75,2,0,0
USR3445,41,5,24394,298,34994,100000,1.4345330819053865,0.34994,1,440,0.95,0,0,0.57,0,0,0
USR8349,70,3,23434,115,34578,100000,1.475548348553384,0.34578,1,434,0.38,0,0,0.52,1,0,0
USR9023,68,2,25946,103,36810,500000,1.4187157943420952,0.07362,5,609,0.37,2,0,0.68,2,0,0
USR8406,32,2,25128,321,8044,500000,0.3201209805794333,0.016088,0,678,0.8,0,1,0.52,0,0,0
USR1176,55,3,32330,38,7322,300000,0.22647695638725643,0.024406666666666667,3,221,0.76,0,0,0.67,2,0,0
USR2487,47,1,45986,72,67855,100000,1.4755577784543121,0.67855,9,535,0.33,0,1,0.85,0,1,0
USR6123,69,1,10054,353,9639,100000,0.9587228963596578,0.09639,12,376,0.96,1,0,0.54,0,0,0
USR7933,36,2,11106,204,5021,300000,0.4520979650639294,0.016736666666666667,11,242,0.54,1,0,0.29,0,0,0
USR3502,31,2,7382,81,3594,200000,0.48685992955838525,0.01797,12,370,0.25,3,0,0.82,0,1,0
USR5776,70,0,12413,31,2838,300000,0.22863127366470637,0.00946,0,320,0.37,1,0,0.45,0,0,0
USR3387,46,1,30025,359,39272,100000,1.307976686094921,0.39272,4,136,0.62,1,1,0.44,0,1,0
USR1058,53,3,54938,304,57825,200000,1.0525501474389312,0.289125,2,438,0.54,0,1,0.06,0,0,0
USR3218,29,2,22389,116,22147,300000,0.9891911206395998,0.07382333333333334,6,358,0.26,1,0,0.37,0,0,0
USR3289,70,0,15420,131,11386,100000,0.7383916990920882,0.11386,13,392,0.13,2,0,0.51,0,1,0
USR4314,69,1,33794,148,15400,100000,0.4557021956560336,0.154,17,591,0.8,2,0,0.17,0,1,0
USR1561,36,1,45390,30,49180,300000,1.0834985679665123,0.16393333333333332,5,174,0.8,0,1,0.34,0,0,0
USR2152,57,2,17499,28,14462,200000,0.826447225555746,0.07231,10,124,0.22,0,0,0.07,0,1,0
USR8089,66,3,23934,268,36599,100000,1.5291635330492186,0.36599,9,378,0.88,2,0,0.56,1,1,0
USR6839,31,2,57984,4,43029,200000,0.742084023178808,0.215145,5,567,0.03,0,0,0.35,0,0,0
USR8519,31,2,11747,331,11235,500000,0.9564144036775347,0.02247,7,655,0.07,3,0,0.29,2,0,0
USR4661,64,3,39187,104,26525,500000,0.6768826396509047,0.05305,0,95,0.23,0,0,0.48,0,0,0
USR5764,68,2,48721,187,14503,500000,0.29767451406990825,0.029006,8,621,0.11,2,0,0.35,0,0,0
USR7057,69,0,24175,328,42500,200000,1.7580144777662874,0.2125,4,462,0.52,0,0,0.24,1,0,0
USR4774,54,1,8372,299,12059,200000,1.4403965599617774,0.060295,8,651,0.26,2,0,0.58,0,0,0
USR9488,43,2,8120,218,8763,200000,1.0791871921182266,0.043815,5,422,0.96,1,0,0.13,0,0,0
USR4580,69,2,16108,70,9318,200000,0.5784703253041966,0.04659,3,253,0.91,0,1,0.98,2,0,0
USR9366,31,0,27567,68,49105,500000,1.7812964776725795,0.09821,1,554,0.53,0,0,0.79,0,0,0
USR3091,69,1,6681,351,1000,500000,0.149678191887442,0.002,10,390,0.93,1,0,0.82,1,0,0
USR5268,43,1,12555,255,5606,300000,0.4465153325368379,0.018686666666666667,1,472,0.81,2,0,0.91,1,0,0
USR1022,35,0,34844,341,59264,100000,1.7008380208931237,0.59264,11,409,0.19,0,0,0.1,0,0,0
USR9174,48,4,30570,290,36874,200000,1.2062152437029767,0.18437,3,307,0.23,1,1,0.77,0,0,0
USR1124,61,4,41411,218,26073,300000,0.6296153196010722,0.08691,6,323,0.91,0,0,0.95,0,0,0
USR1859,58,3,27928,191,23969,200000,0.8582426238900028,0.119845,5,14,0.17,2,0,0.22,0,0,0
USR4168,44,1,36155,142,25672,200000,0.7100539344489005,0.12836,4,119,0.61,1,0,0.45,1,0,0
USR1211,37,1,16523,9,5926,300000,0.3586515765902076,0.019753333333333335,3,406,0.11,1,0,0.61,0,1,0
USR8549,43,3,8433,213,6277,100000,0.744337720858532,0.06277,21,589,0.82,0,0,0.73,1,0,0
USR8862,29,3,47972,98,85495,300000,1.782185441507546,0.2849833333333333,6,650,0.21,0,1,0.13,2,0,0
USR9345,61,1,45343,364,59948,200000,1.32210043446618,0.29974,4,164,0.02,0,0,0.45,0,0,0
USR5587,43,4,36806,150,32214,500000,0.8752377329783187,0.064428,14,108,0.46,3,0,0.13,1,0,0
USR7699,20,0,41295,185,57359,100000,1.3890059329216613,0.57359,6,357,0.69,1,1,0.47,0,0,0
USR9837,32,4,14693,140,18804,200000,1.279793098754509,0.09402,13,289,0.33,0,0,0.16,0,0,0
USR1841,21,3,10966,248,18699,300000,1.7051796461790991,0.06233,11,160,0.47,3,0,0.55,1,1,0
USR5518,44,3,51707,305,48195,200000,0.9320788287852708,0.240975,8,129,0.63,0,0,0.69,1,0,0
USR3134,22,1,8932,78,13712,100000,1.535154500671742,0.13712,2,625,0.63,0,0,0.79,1,1,0
USR5235,26,1,41365,262,39571,200000,0.9566300012087514,0.197855,9,375,0.42,3,0,0.91,1,0,0
USR3493,30,3,24056,10,12297,300000,0.5111822414366478,0.04099,6,132,0.07,3,0,0.94,0,1,0
USR5062,57,1,25230,35,8158,100000,0.32334522393975423,0.08158,10,413,0.3,0,1,0.48,0,1,0
USR4650,46,1,27417,305,17663,200000,0.6442353284458547,0.088315,11,571,0.86,1,0,0.54,0,0,0
USR6797,69,3,56038,72,56907,300000,1.0155073343088619,0.18969,2,69,0.55,1,0,0.93,0,1,0
USR9454,57,3,5757,172,6325,200000,1.0986624978287303,0.031625,4,301,0.63,2,0,0.54,2,1,0
USR1618,56,3,42861,224,68398,200000,1.595809710459392,0.34199,23,661,0.15,0,1,0.29,0,0,0
USR6904,25,4,35586,209,43076,100000,1.2104760298993986,0.43076,5,466,0.09,0,0,0.52,1,0,0
USR4565,31,2,12361,363,18630,100000,1.507159614917887,0.1863,4,137,0.5,0,0,0.27,1,1,0
USR5526,69,2,21737,264,41887,300000,1.9269908451028201,0.13962333333333332,6,327,0.57,0,0,0.35,0,0,0
USR2819,58,0,6486,294,7272,500000,1.1211840888066604,0.014544,4,245,0.68,0,0,0.39,2,0,0
USR8550,62,1,7668,188,15054,200000,1.9632237871674492,0.07527,0,301,0.53,0,0,0.63,2,0,0
USR2284,30,2,34839,276,1000,200000,0.028703464508166136,0.005,2,149,0.09,3,0,0.23,0,1,0
USR5815,57,4,35611,196,67876,500000,1.9060402684563758,0.135752,4,500,0.56,1,0,0.66,2,1,0
USR2134,55,1,25403,216,20305,100000,0.7993150415305279,0.20305,3,21,0.84,0,0,0.77,0,1,0
USR9709,48,3,20447,142,21834,500000,1.0678339120653397,0.043668,8,452,0.81,1,0,0.13,0,0,0
USR8940,18,3,16048,325,9697,300000,0.6042497507477568,0.032323333333333336,6,515,0.39,2,0,0.92,1,1,0
USR9169,47,3,42299,225,8670,500000,0.20496938461902173,0.01734,2,457,0.86,1,0,0.87,2,0,0
USR8054,66,1,55096,281,37347,500000,0.6778532016843328,0.074694,11,149,0.06,0,0,0.09,1,0,0
USR2428,41,3,26943,248,13129,300000,0.48728797832461124,0.043763333333333335,11,238,0.25,0,1,0.36,2,0,0
USR9408,67,3,14621,288,19684,300000,1.3462827439983585,0.06561333333333333,5,396,0.5,0,0,0.24,1,0,0
USR6550,49,0,42436,264,61336,300000,1.4453765670656988,0.20445333333333332,13,268,0.9,0,1,0.75,0,0,0
USR1507,59,2,23515,121,14972,200000,0.6366999787369764,0.07486,7,376,0.81,1,0,0.83,0,0,0
USR3235,32,3,34597,120,56308,300000,1.6275399601121485,0.18769333333333332,7,297,0.02,1,0,0.12,1,1,0
USR1086,50,2,10085,2,18965,300000,1.8805156172533466,0.06321666666666667,21,627,0.52,1,0,0.09,2,0,0
USR5220,58,3,32412,210,44309,300000,1.3670554115759594,0.14769666666666667,5,246,0.26,0,0,0.99,2,0,0
USR1043,54,2,11081,106,15339,100000,1.3842613482537678,0.15339,12,72,0.78,0,1,0.32,0,0,0
USR9068,45,2,33082,27,50044,100000,1.5127259536908289,0.50044,16,161,0.65,3,1,0.41,2,0,0
USR9845,37,0,10227,132,14462,200000,1.4140999315537304,0.07231,16,610,0.7,1,0,0.06,1,0,0
USR7431,40,3,39232,20,1000,300000,0.025489396411092987,0.0033333333333333335,14,552,0.55,1,0,0.88,0,1,0
USR7110,18,4,11487,82,4509,500000,0.3925306868634108,0.009018,1,302,0.22,0,0,0.82,2,0,0
USR4955,66,1,20558,240,10456,100000,0.5086097869442553,0.10456,3,328,0.4,1,0,0.55,1,1,0
USR5392,24,0,17932,304,12493,300000,0.696687486058443,0.04164333333333333,12,317,0.27,0,0,0.56,2,0,0
USR6559,20,2,13836,51,34391,100000,2.485617230413414,0.34391,2,380,0.97,2,0,0.89,1,0,1
USR5090,65,2,39768,218,1000,300000,0.025145845906256285,0.0033333333333333335,5,579,0.47,2,1,0.62,2,0,0
USR7561,47,1,15935,304,7817,300000,0.49055538123627235,0.026056666666666665,13,665,0.48,0,0,0.94,0,0,0
USR4582,34,3,22817,257,34809,200000,1.5255730376473682,0.174045,2,373,0.46,1,0,0.58,0,1,0
USR1605,38,1,29759,226,27255,200000,0.9158573876810376,0.136275,12,89,0.87,2,0,0.42,2,1,0
USR2174,58,2,46376,8,26903,200000,0.5801060893565637,0.134515,30,384,0.07,2,0,0.84,0,1,1
USR1926,48,1,6972,111,9348,300000,1.3407917383820998,0.03116,3,613,0.64,1,0,0.92,0,1,0
USR6774,61,1,37164,118,27482,200000,0.739479065762566,0.13741,15,169,0.13,3,1,0.69,1,0,0
USR8934,31,2,39743,341,17030,100000,0.4285031326271293,0.1703,4,186,0.79,1,0,0.13,2,0,0
USR4470,62,3,13425,78,11523,500000,0.8583240223463687,0.023046,1,156,0.22,1,0,0.22,0,1,0
USR1237,64,1,13456,159,12965,100000,0.9635107015457788,0.12965,6,289,0.58,0,0,0.75,0,0,0
USR8924,37,4,21965,268,11183,200000,0.509128158433872,0.055915,9,118,0.32,3,0,0.52,0,0,0
USR5693,29,0,39092,29,61520,500000,1.5737235239946792,0.12304,7,545,0.21,1,0,0.25,2,0,0
USR4366,18,3,14480,356,20407,300000,1.4093232044198896,0.06802333333333334,13,670,0.43,0,0,0.14,2,0,0
USR3449,22,2,32467,345,16383,100000,0.5046046755166784,0.16383,4,235,0.73,2,1,0.07,1,0,0
USR3334,27,2,37962,309,31915,500000,0.8407091301828143,0.06383,3,288,0.64,1,1,0.32,2,0,0
USR8263,70,2,40892,275,15991,200000,0.39105448498483814,0.079955,9,322,0.47,1,0,0.66,2,0,0
USR5396,55,1,24229,307,14277,500000,0.5892525485987866,0.028554,3,515,0.36,1,0,0.04,1,0,0
USR4559,52,5,5869,234,14391,300000,2.452036121996933,0.04797,11,489,0.51,0,0,0.82,0,1,1
USR4334,53,1,56126,330,33426,300000,0.5955528632006557,0.11142,5,549,0.86,1,1,0.01,1,0,0
USR5265,20,4,51392,226,67907,100000,1.321353518057285,0.67907,6,344,0.49,0,0,0.84,0,0,0
USR2601,46,3,11255,128,13692,100000,1.216525988449578,0.13692,12,358,0.74,0,0,0.7,0,0,0
USR9565,62,1,36699,356,53581,200000,1.4600125344014823,0.267905,17,450,0.58,3,0,0.65,0,0,0
USR6580,51,2,15847,260,18458,200000,1.1647630466334322,0.09229,7,487,0.06,0,0,0.76,0,0,0
USR3347,32,0,44547,339,31374,200000,0.7042898511684289,0.15687,8,562,0.76,2,0,0.44,1,0,0
USR8445,59,1,59823,264,36882,100000,0.6165187302542501,0.36882,11,642,0.58,3,0,0.31,2,1,0
USR7431,68,1,56175,23,95669,200000,1.7030529595015576,0.478345,8,154,0.47,0,0,0.83,2,0,0
USR7305,31,0,7585,336,15697,300000,2.069479235332894,0.05232333333333333,2,214,0.5,0,0,0.11,0,0,0
USR4072,62,2,33968,151,45306,100000,1.3337847385774846,0.45306,4,493,0.65,0,1,0.85,0,0,0
USR3130,46,2,21338,21,15990,300000,0.7493673258974599,0.0533,16,222,0.21,0,0,0.74,2,0,0
USR9177,20,3,35538,352,58759,300000,1.6534132477910968,0.19586333333333333,12,666,0.7,2,0,0.55,0,1,0
USR9055,31,1,8764,2,10901,300000,1.2438384299406664,0.03633666666666667,2,494,0.49,1,0,0.18,0,0,0
USR9097,22,3,56615,65,20457,500000,0.3613353351585269,0.040914,7,691,0.94,0,0,0.43,0,0,0
USR9379,33,3,45361,123,73542,100000,1.621260554220586,0.73542,16,272,0.69,0,0,0.43,1,1,0
USR4137,20,0,55029,36,9791,500000,0.17792436715186538,0.019582,16,478,0.53,0,0,0.63,0,1,0
USR3052,24,3,45044,96,50903,500000,1.1300728176893704,0.101806,11,635,0.22,1,0,0.52,0,0,0
USR6748,38,1,20761,171,22378,100000,1.0778864216559896,0.22378,2,697,0.45,3,0,0.64,0,1,0
USR5314,57,2,33787,333,47551,200000,1.4073756178411816,0.237755,6,69,0.04,0,0,0.87,1,1,0
USR8507,34,2,24199,10,9343,200000,0.38609033431133516,0.046715,16,251,0.12,2,1,0.93,2,0,0
USR2606,40,2,35928,264,27769,500000,0.7729069249610332,0.055538,14,383,0.84,0,1,0.06,0,1,0
USR1172,19,1,21698,350,26667,500000,1.2290072817771223,0.053334,5,264,0.89,2,0,0.48,2,0,0
USR8220,41,2,50855,102,15114,100000,0.297197915642513,0.15114,7,338,0.62,2,0,0.5,1,0,0
USR3235,68,0,16259,210,19886,100000,1.2230764499661726,0.19886,7,364,0.82,1,0,0.28,0,0,0
USR4706,22,0,14809,115,4883,500000,0.32973191977851307,0.009766,9,188,0.96,1,1,0.57,0,1,0
USR8423,42,4,56973,224,82203,100000,1.44284134590069,0.82203,9,183,0.41,3,0,0.55,0,0,0
USR6507,27,2,29758,55,20231,300000,0.6798507964244909,0.06743666666666667,6,24,0.62,3,0,0.2,1,1,0
USR3663,64,2,22784,80,33919,200000,1.488720154494382,0.169595,4,340,0.15,0,0,0.17,0,0,0
USR1006,55,4,40348,334,21187,300000,0.5251065728164965,0.07062333333333333,8,517,0.09,2,0,0.48,0,1,0
USR1082,38,3,54793,177,39485,300000,0.7206212472396109,0.13161666666666666,6,297,0.77,0,1,0.13,0,0,0
USR8906,57,1,55140,97,99306,200000,1.8009793253536452,0.49653,0,445,0.52,2,0,0.63,2,1,0
USR4044,33,0,16361,313,20142,200000,1.231098343622028,0.10071,0,11,0.56,0,0,0.33,0,0,0
USR2544,68,1,46148,67,14981,200000,0.3246294530640548,0.074905,1,435,0.72,1,0,0.95,1,0,0
USR7787,25,2,43252,83,65189,100000,1.5071904189401646,0.65189,1,320,0.27,2,0,0.15,0,0,0
USR8710,29,0,9953,173,5029,200000,0.5052747915201447,0.025145,14,384,0.83,0,0,0.22,1,1,0
USR7121,42,1,7021,7,13106,100000,1.866685657313773,0.13106,1,122,0.5,3,0,0.35,1,0,0
USR6631,58,2,28830,30,8460,500000,0.2934443288241415,0.01692,3,674,0.92,0,0,0.84,0,0,0
USR9988,25,3,22218,34,33002,300000,1.485372220721937,0.11000666666666667,1,589,0.89,1,0,0.69,1,0,0
USR5261,44,3,17081,354,49342,200000,2.88870675019027,0.24671,11,551,0.43,0,1,0.11,1,0,0
USR9026,21,3,28829,136,20505,100000,0.711262964376149,0.20505,12,62,0.21,0,0,0.33,0,0,0
USR9252,36,2,24795,249,7531,300000,0.3037305908449284,0.02510333333333333,10,384,0.52,2,1,0.67,1,1,0
USR7063,42,5,22176,97,9646,500000,0.43497474747474746,0.019292,6,342,0.8,1,1,0.39,1,0,0
USR3751,49,0,30199,318,42876,200000,1.4197821119904632,0.21438,12,131,0.08,0,1,0.12,1,0,0
USR7658,46,1,33699,131,46565,200000,1.3817917445621533,0.232825,13,523,0.66,3,0,0.4,1,0,0
USR8698,47,0,57970,60,15074,100000,0.2600310505433845,0.15074,6,564,0.84,1,1,0.88,2,0,0
USR5256,50,4,29268,94,25381,100000,0.8671928385950526,0.25381,12,374,0.21,1,0,0.1,0,0,0
USR9013,18,3,46616,168,57835,200000,1.2406684400205938,0.289175,3,226,0.91,0,0,0.83,1,1,0
USR9691,59,2,38197,219,20229,500000,0.5295965651752755,0.040458,13,224,0.92,1,1,0.91,1,0,0
USR3246,35,3,51036,242,26881,500000,0.5267066384512893,0.053762,15,397,0.21,2,0,0.53,0,0,0
USR6699,50,3,54907,3,67798,200000,1.2347788078022839,0.33899,2,418,0.64,1,0,0.98,2,1,0
USR3261,38,5,29650,291,56097,300000,1.891973018549747,0.18699,12,181,0.09,1,1,0.72,0,0,0
USR9455,28,1,52045,182,16521,200000,0.31743683350946295,0.082605,13,289,0.0,0,0,0.81,0,1,0
USR2121,67,3,26858,98,30639,300000,1.1407774219971702,0.10213,1,668,0.37,3,0,0.72,0,0,0
USR6979,56,3,55082,211,90283,100000,1.6390653934134563,0.90283,0,298,0.38,3,0,0.95,0,0,0
USR5924,23,3,24219,30,32821,200000,1.3551756885090218,0.164105,7,29,0.84,0,0,0.94,1,0,0
USR6211,35,3,46006,270,39979,300000,0.8689953484328131,0.13326333333333334,11,378,0.06,1,0,0.16,1,0,0
USR2503,50,0,44088,51,8814,300000,0.19991834512792597,0.02938,14,541,0.32,0,1,1.0,1,0,0
USR5726,24,1,47088,219,51313,200000,1.0897256201155283,0.256565,10,367,0.12,0,0,0.17,2,0,0
USR9547,18,0,54624,210,53010,500000,0.9704525483304042,0.10602,5,223,0.26,0,1,0.31,1,0,0
USR4608,67,1,51764,245,77570,100000,1.498531798160884,0.7757,7,81,0.29,3,0,0.2,0,0,0
USR1551,46,1,5469,83,9817,500000,1.795026513073688,0.019634,12,521,0.0,2,0,0.86,1,0,0
USR1154,53,1,19218,329,31213,100000,1.6241544385471953,0.31213,17,102,0.24,3,0,0.39,1,0,0
USR2074,32,1,8440,101,1572,500000,0.18625592417061612,0.003144,13,115,0.31,1,0,0.88,2,1,0
USR7209,62,2,26206,66,32522,200000,1.2410135083568647,0.16261,3,647,0.52,0,0,0.41,0,0,0
USR3173,63,1,39955,280,36540,500000,0.9145288449505694,0.07308,0,220,0.32,0,0,0.6,0,0,0
USR8016,55,1,45389,27,59475,300000,1.3103395095728039,0.19825,4,636,0.39,3,0,0.09,0,0,0
USR6192,55,1,21944,134,34437,200000,1.5693127962085307,0.172185,0,640,0.01,0,0,0.92,0,0,0
USR2038,33,2,39229,227,11324,300000,0.28866399857248465,0.037746666666666664,7,295,0.67,0,1,0.98,1,0,0
USR6839,60,1,45147,205,32068,500000,0.7103019026734888,0.064136,7,134,0.4,0,0,0.11,0,0,0
USR5939,49,3,56478,14,25343,500000,0.44872339672084705,0.050686,11,643,0.28,0,0,0.44,1,1,0
USR4324,43,1,45238,243,24285,300000,0.5368274459525177,0.08095,7,338,0.54,0,1,0.88,0,0,0
USR3775,33,3,19779,355,37129,500000,1.8771929824561404,0.074258,6,34,0.77,0,0,0.9,0,0,1
USR9706,28,3,55213,288,11274,500000,0.20419104196475468,0.022548,3,431,0.81,0,0,0.06,0,0,0
USR9396,56,2,34201,59,3463,500000,0.10125434928803251,0.006926,10,431,0.66,0,0,0.95,1,0,0
USR5119,34,2,19630,289,14753,300000,0.751553744268976,0.04917666666666667,15,340,0.48,0,0,0.25,2,0,0
USR9930,55,5,45387,20,7908,300000,0.17423491308083813,0.02636,5,338,0.52,1,0,0.71,1,0,0
USR7444,34,3,6216,106,3191,500000,0.5133526383526383,0.006382,3,166,0.93,0,0,0.94,1,0,0
USR6949,66,1,27074,187,35928,100000,1.3270296225160672,0.35928,11,587,0.52,0,0,0.59,2,1,0
USR7508,55,1,28947,173,5958,200000,0.20582443776557155,0.02979,7,561,0.23,3,0,0.35,1,1,0
USR8384,21,2,47616,300,31101,200000,0.6531628024193549,0.155505,0,30,0.3,1,0,0.25,0,0,0
USR2527,51,1,37379,105,28423,200000,0.760400224725113,0.142115,14,252,0.35,0,1,0.87,0,1,0
USR3392,20,6,42296,162,42035,500000,0.9938292037072064,0.08407,6,349,0.12,0,0,0.52,0,0,0
USR2029,49,3,48156,255,51178,100000,1.0627543815931555,0.51178,17,141,0.64,0,1,0.28,0,0,0
USR2806,67,3,14664,102,12927,500000,0.8815466448445172,0.025854,16,191,0.99,1,1,0.64,0,0,0
USR7217,66,1,32138,140,57073,500000,1.7758727985562264,0.114146,7,494,0.58,1,0,0.61,0,1,0
USR1337,67,1,9823,51,14091,300000,1.4344904815229562,0.04697,5,71,0.56,0,0,0.76,0,1,0
USR4612,53,3,14349,67,26591,500000,1.8531604989894765,0.053182,17,630,0.03,2,0,0.75,0,0,0
USR6999,24,2,18678,316,33189,200000,1.776903308705429,0.165945,0,440,0.92,0,0,0.32,0,0,0
USR8160,55,1,57168,26,128962,300000,2.255842429331094,0.42987333333333333,15,338,0.58,1,0,0.5,1,0,0
USR3197,47,3,39124,77,27641,500000,0.7064972906655761,0.055282,9,209,0.33,1,0,0.64,2,1,0
USR3230,28,1,19225,343,18290,200000,0.9513654096228868,0.09145,7,549,0.26,0,0,0.45,0,0,0
USR4649,58,1,43867,154,58710,200000,1.338363690245515,0.29355,7,650,0.37,2,0,0.23,1,0,0
USR5572,68,2,31137,314,78520,200000,2.521758679384655,0.3926,3,507,0.19,1,1,0.15,0,0,0
USR7788,62,2,16781,170,19233,500000,1.1461176330373637,0.038466,3,283,0.65,1,0,0.79,0,0,0
USR1854,60,3,55640,312,137921,500000,2.4788102084831056,0.275842,11,316,0.34,0,1,0.31,0,0,0
USR2506,54,2,51023,36,50934,100000,0.9982556886110185,0.50934,0,131,0.77,0,0,0.17,2,1,0
USR5544,25,2,35402,192,11673,200000,0.3297271340602226,0.058365,7,529,0.71,2,0,0.81,2,0,0
USR1765,68,5,40338,12,55295,300000,1.3707918092121574,0.18431666666666666,15,629,0.78,1,0,0.05,0,1,0
USR2667,29,4,8710,273,11223,300000,1.2885189437428244,0.03741,5,8,0.31,0,1,0.68,2,0,0
USR9989,27,0,6418,66,5942,300000,0.9258335930196323,0.019806666666666667,11,17,0.08,0,0,0.09,1,0,0
USR1108,54,2,46962,178,74127,500000,1.5784464034751502,0.148254,0,187,0.94,1,1,0.09,0,0,0
USR5799,46,2,20449,188,18605,200000,0.9098244412929728,0.093025,12,485,0.61,0,0,0.81,0,1,0
USR5938,55,2,53069,36,17445,300000,0.3287229832859108,0.05815,9,436,0.11,0,0,0.4,2,0,0
USR9615,52,3,24268,264,17661,200000,0.7277484753584967,0.088305,24,489,0.18,1,0,0.96,2,1,0
USR9666,65,0,34070,106,1000,300000,0.0293513354857646,0.0033333333333333335,7,196,0.61,0,0,0.89,0,0,0
USR6039,28,2,24107,77,17321,100000,0.7185049985481395,0.17321,2,505,0.01,0,0,0.62,2,0,0
USR6590,59,3,51585,5,61913,300000,1.2002132402830281,0.20637666666666668,11,54,0.13,0,0,0.37,0,0,0
USR2315,43,1,16549,297,13667,200000,0.8258505045622092,0.068335,7,469,0.44,1,0,0.52,0,0,0
USR9540,61,5,48940,241,3230,200000,0.0659991826726604,0.01615,1,497,0.01,0,0,0.9,0,0,0
USR7526,22,0,29081,323,32535,300000,1.1187717066125649,0.10845,5,201,0.66,1,1,0.69,2,0,0
USR9348,59,3,38618,112,42487,300000,1.1001864415557512,0.14162333333333332,4,120,0.17,0,1,0.05,2,0,0
USR3398,56,1,6415,322,1000,300000,0.1558846453624318,0.0033333333333333335,21,548,0.36,0,0,0.27,0,0,0
USR1260,33,1,59237,311,78763,200000,1.3296250654151966,0.393815,0,638,0.31,2,0,0.23,1,1,0
USR2314,44,3,57561,30,131406,200000,2.2828998801271694,0.65703,13,669,0.18,1,0,0.74,2,0,0
USR7811,44,2,53880,27,32688,300000,0.6066815144766147,0.10896,3,271,0.42,1,0,0.02,0,0,0
USR4055,51,3,48749,331,82259,300000,1.6873987158710948,0.27419666666666664,1,365,0.45,1,1,0.17,1,0,0
USR8631,29,3,32898,234,1000,300000,0.030396984619125784,0.0033333333333333335,19,690,0.94,2,0,0.7,1,0,0
USR1627,30,1,26314,315,32584,200000,1.238276202781789,0.16292,0,143,0.66,0,0,0.54,0,1,0
USR3758,68,3,10014,153,7402,200000,0.7391651687637307,0.03701,13,218,0.38,1,0,0.33,0,1,0
USR7823,48,0,57890,296,13005,100000,0.22465019865261704,0.13005,0,237,0.58,0,1,0.85,2,0,0
USR4743,69,2,46249,32,61508,300000,1.3299314579774697,0.20502666666666666,1,154,0.92,0,0,0.02,0,1,0
USR6453,23,1,47929,251,43112,200000,0.8994971729015836,0.21556,0,280,0.01,2,0,0.09,1,1,0
USR9461,67,4,54572,22,62483,300000,1.1449644506340249,0.20827666666666667,2,518,0.18,0,0,0.23,0,0,0
USR1703,49,2,17457,89,3211,300000,0.18393767543105918,0.010703333333333334,3,353,0.54,2,0,0.45,0,0,0
USR4519,52,4,45554,348,82336,500000,1.8074373271282433,0.164672,1,83,0.99,2,0,0.58,1,1,1
USR4268,31,2,23304,108,55409,100000,2.3776604874699623,0.55409,0,233,0.68,2,1,0.38,2,0,0
USR8430,66,3,38038,153,69760,300000,1.8339555181660445,0.23253333333333334,5,448,0.85,0,0,0.26,1,1,1
USR9066,27,4,46990,96,44958,200000,0.9567567567567568,0.22479,23,45,0.05,1,0,0.23,2,0,0
USR7624,32,4,28566,282,29307,300000,1.0259399285864315,0.09769,6,283,0.82,0,0,0.22,0,0,0
USR4740,32,3,25873,70,40499,200000,1.5652997333127199,0.202495,4,303,0.65,0,0,0.36,2,0,0
USR1486,26,2,18204,269,16626,100000,0.9133157547791694,0.16626,7,121,0.02,0,1,0.85,0,0,0
USR8286,24,0,50207,197,112305,100000,2.236839484534029,1.12305,10,637,0.73,1,0,0.83,2,1,1
USR7331,64,0,10598,169,14697,200000,1.3867710888846951,0.073485,13,192,0.83,1,1,0.68,2,0,0
USR4886,58,3,58160,66,113076,500000,1.944222833562586,0.226152,1,265,0.53,2,1,0.68,0,0,0
USR5808,62,1,11400,146,12759,100000,1.1192105263157894,0.12759,10,289,0.71,0,0,0.64,0,1,0
USR5089,43,3,21230,292,29468,300000,1.3880357983984928,0.09822666666666667,12,397,0.08,0,1,0.7,1,1,0
USR1957,53,1,17718,41,8515,300000,0.48058471610791287,0.028383333333333333,1,337,0.88,0,0,0.31,2,0,0
USR9041,61,0,7492,195,12993,500000,1.7342498665242925,0.025986,3,344,0.22,0,0,0.93,0,0,0
USR2928,56,6,44775,333,32515,200000,0.7261864879955332,0.162575,4,542,0.12,0,0,0.36,0,0,0
USR8290,40,4,21674,223,26373,300000,1.2168035434160747,0.08791,5,354,0.89,1,0,0.89,0,1,0
USR9109,57,0,46336,152,110763,300000,2.3904307665745854,0.36921,22,487,0.96,0,0,0.49,1,1,1
USR9826,44,1,56304,100,28915,500000,0.5135514350667804,0.05783,3,186,0.92,2,0,0.94,1,0,0
USR1075,58,5,29392,64,30244,100000,1.028987479586282,0.30244,0,501,0.13,2,0,0.74,2,0,0
USR9504,19,3,15178,268,7842,500000,0.516668862827777,0.015684,20,162,0.61,0,1,0.16,0,0,0
USR3273,27,3,41385,246,54537,300000,1.3177963030083364,0.18179,8,252,0.77,0,0,0.29,1,1,0
USR6881,55,2,48740,313,67311,300000,1.3810217480508822,0.22437,17,315,0.53,2,0,0.97,0,0,0
USR7454,48,1,18571,30,2772,100000,0.14926498303807012,0.02772,12,49,0.23,0,0,0.25,2,0,0
USR6143,43,2,26063,338,32947,100000,1.2641292253386027,0.32947,0,211,0.13,3,0,0.8,1,0,0
USR7721,36,4,25969,266,15261,300000,0.5876622126381454,0.05087,13,311,0.08,0,1,0.36,1,0,0
USR7180,44,1,57590,240,42646,500000,0.7405105052960583,0.085292,24,673,0.6,0,1,0.09,2,0,0
USR5523,41,3,52307,351,1000,100000,0.01911790008985413,0.01,13,256,0.46,2,0,0.54,1,0,0
USR1100,62,1,46941,336,123960,500000,2.6407618073752155,0.24792,5,339,0.27,2,0,0.55,0,1,0
USR6244,36,2,29458,308,33640,500000,1.1419648312852195,0.06728,18,424,0.0,3,0,0.22,1,1,0
USR5374,27,3,53943,192,1000,100000,0.018538086498711602,0.01,14,668,0.54,1,0,0.77,0,0,0
USR6590,22,7,25391,115,37367,300000,1.4716631877436888,0.12455666666666666,6,403,0.03,3,0,0.68,1,1,0
USR6623,53,5,30289,227,1000,200000,0.03301528607745386,0.005,12,626,0.08,1,0,0.29,1,1,0
USR3841,49,3,41347,203,71826,500000,1.7371514257382639,0.143652,30,680,0.99,2,1,0.02,0,0,0
USR4898,18,1,5040,150,4327,300000,0.858531746031746,0.014423333333333333,4,423,0.3,1,0,0.22,0,0,0
USR4789,33,4,59525,113,51218,100000,0.8604451910961781,0.51218,1,566,0.97,0,1,0.17,1,1,0
USR5358,32,3,10281,208,11915,100000,1.1589339558408716,0.11915,26,511,0.41,3,0,0.89,0,1,1
USR9695,36,2,16835,200,35263,100000,2.094624294624295,0.35263,2,498,0.92,1,0,0.62,0,1,1
USR9172,56,1,51873,39,71801,300000,1.384169028203497,0.23933666666666667,12,224,0.47,2,1,0.2,1,0,0
USR6523,70,2,7066,214,3335,200000,0.4719784885366544,0.016675,12,457,0.32,3,0,0.29,0,1,0
USR5425,18,4,40857,230,16972,500000,0.4154000538463421,0.033944,1,87,0.71,2,0,0.03,2,0,0
USR2351,18,2,24952,238,43109,200000,1.7276771401090092,0.215545,1,115,0.85,1,0,0.07,0,0,0
USR3625,42,2,8919,62,9983,100000,1.1192958851889225,0.09983,3,639,0.62,0,0,0.29,1,1,0
USR5086,32,1,47607,70,23628,100000,0.4963135673325351,0.23628,2,582,0.11,0,0,0.84,2,0,0
USR9925,29,1,49544,51,99083,500000,1.9998990796060068,0.198166,12,329,0.82,0,0,0.82,0,1,1
USR5078,35,0,15421,138,7763,300000,0.5034044484793464,0.025876666666666666,5,625,0.63,0,1,0.47,0,0,0
USR5523,59,2,23618,174,1000,100000,0.0423405876873571,0.01,5,253,0.68,1,1,0.85,2,0,0
USR1662,21,3,34377,80,35493,300000,1.0324635657561743,0.11831,0,116,0.02,3,0,0.35,1,1,0
USR3337,45,3,58091,207,128565,500000,2.213165550601642,0.25713,4,53,0.97,0,0,0.27,2,0,0
USR7058,57,2,27820,253,17877,300000,0.6425952552120776,0.05959,0,385,0.56,0,1,0.32,0,0,0
USR1165,34,1,36751,285,47616,200000,1.2956382139261517,0.23808,11,181,0.26,0,0,0.71,2,0,0
USR6631,54,2,56167,47,45739,100000,0.8143393807751883,0.45739,5,251,0.93,0,1,0.79,0,0,0
USR3486,41,5,14571,177,13683,200000,0.9390570310891497,0.068415,12,483,0.76,0,0,0.13,2,1,0
USR2321,58,1,37821,123,36364,200000,0.9614764284392269,0.18182,8,439,0.42,1,0,0.16,0,1,0
USR7764,29,0,26993,102,40336,100000,1.494313340495684,0.40336,11,528,0.91,0,0,0.15,1,1,0
USR8761,35,1,56128,297,94177,500000,1.6778969498289624,0.188354,8,303,0.85,2,0,0.71,0,0,0
USR9199,63,1,25957,102,29210,500000,1.1253226489964172,0.05842,1,603,0.66,3,0,0.76,2,0,0
USR9620,46,3,15112,77,15434,300000,1.0213075701429328,0.05144666666666667,9,592,0.61,1,1,0.27,0,0,0
USR6620,33,2,19084,138,27880,100000,1.46090966254454,0.2788,9,550,0.46,2,1,0.46,1,0,0
USR3749,42,2,58413,104,71368,500000,1.22178282231695,0.142736,9,385,0.58,1,0,0.7,0,0,0
USR3957,42,2,35252,143,37512,300000,1.0641098377397027,0.12504,22,212,0.13,2,0,0.54,0,0,0
USR6163,61,6,50945,132,46929,500000,0.921169889096084,0.093858,9,591,0.1,2,0,0.15,0,1,0
USR6155,29,2,23854,160,36014,500000,1.5097677538358347,0.072028,4,695,0.82,1,1,0.61,0,1,0
USR3247,41,3,52216,171,73116,500000,1.4002604565650376,0.146232,2,327,0.11,2,0,0.11,2,1,0
USR8858,35,3,20776,246,4456,100000,0.2144782441278398,0.04456,4,201,0.01,0,0,0.88,0,1,0
USR6079,69,2,30626,11,2796,100000,0.09129497812316333,0.02796,12,309,0.46,2,1,0.7,0,0,0
USR6370,31,0,39670,161,54953,500000,1.3852533400554574,0.109906,10,137,0.44,0,1,0.23,0,0,0
USR7376,29,1,49717,249,41184,100000,0.8283685660840356,0.41184,12,119,0.62,1,0,0.85,2,0,0
USR1067,47,0,35622,49,71817,300000,2.016085565100219,0.23939,4,396,0.92,1,0,0.87,1,0,1
USR7467,22,0,49325,125,54890,300000,1.112823112012164,0.18296666666666667,3,170,0.32,0,0,0.47,0,0,0
USR5342,25,1,59538,317,39041,100000,0.6557324733783466,0.39041,0,167,0.61,0,0,0.8,0,0,0
USR8388,49,4,6746,140,4255,100000,0.6307441446783278,0.04255,13,581,0.12,0,0,0.16,0,0,0
USR5966,19,4,33773,27,42282,300000,1.251946821425399,0.14094,15,555,0.99,0,1,0.07,0,0,0
USR3013,68,1,14565,110,11422,300000,0.7842087195331273,0.038073333333333334,1,284,0.05,0,1,0.63,1,0,0
USR7449,44,1,5554,131,7406,500000,1.333453366942744,0.014812,11,396,0.76,0,1,0.25,2,1,0
USR3084,43,0,17864,72,35487,200000,1.9865091804746977,0.177435,12,500,0.46,3,0,0.27,0,0,0
USR6354,46,2,11749,329,10886,300000,0.9265469401651204,0.03628666666666667,6,634,0.8,3,0,0.64,1,0,0
USR2388,39,0,26809,252,1000,500000,0.03730090641202581,0.002,9,695,0.12,2,0,0.08,0,1,0
USR7883,21,2,16629,345,23242,100000,1.3976787539840039,0.23242,0,202,0.71,0,1,0.81,1,0,0
USR7064,59,3,12422,288,10488,500000,0.8443084849460635,0.020976,14,166,0.0,3,1,0.84,2,0,0
USR3243,58,2,5391,53,1000,500000,0.1854943424225561,0.002,0,672,0.29,3,0,0.13,2,0,0
USR7662,54,1,32347,84,47142,200000,1.4573839923331375,0.23571,0,491,0.75,3,0,0.53,0,0,0
USR9121,27,2,37555,327,22230,500000,0.5919318333111436,0.04446,16,422,0.11,1,0,0.51,2,0,0
USR2657,70,2,9344,28,13051,500000,1.3967251712328768,0.026102,2,648,0.94,3,1,0.85,1,0,0
USR5752,19,3,21549,288,13474,100000,0.6252726344609959,0.13474,26,505,0.06,0,0,0.59,0,0,0
USR5453,58,1,13254,310,17920,200000,1.3520446657612797,0.0896,3,570,0.12,2,0,0.93,0,0,0
USR7186,47,2,45806,190,7372,100000,0.16093961489761166,0.07372,1,535,0.55,2,0,0.37,0,0,0
USR9401,22,3,36400,275,32842,500000,0.9022527472527473,0.065684,8,311,0.71,0,0,0.6,0,0,0
USR9585,21,2,57804,312,48322,500000,0.8359629091412359,0.096644,10,224,0.2,0,0,0.48,0,1,0
USR7350,65,1,33190,48,62009,100000,1.8683037059355228,0.62009,8,447,0.21,3,0,0.52,2,0,0
USR1740,46,2,31033,240,23916,200000,0.7706634872555022,0.11958,8,214,0.97,1,0,0.93,1,1,0
USR1169,36,3,41848,170,1000,200000,0.02389600458803288,0.005,23,461,0.02,3,0,0.86,1,0,0
USR1245,59,0,30994,227,64835,300000,2.0918564883525845,0.21611666666666668,5,516,0.03,1,0,0.41,2,0,0
USR8208,67,1,45450,117,65809,300000,1.4479427942794278,0.21936333333333333,10,196,0.99,1,1,0.5,2,0,0
USR7503,51,2,27013,46,27358,200000,1.0127716284751787,0.13679,2,281,0.9,2,0,0.94,0,0,0
USR7595,49,2,15719,49,15841,200000,1.007761307971245,0.079205,10,70,0.73,1,0,0.51,1,0,0
USR4162,18,4,54544,316,17318,300000,0.31750513347022585,0.05772666666666667,14,168,0.13,0,0,0.92,0,0,0
USR9123,49,1,53297,147,66323,100000,1.2444040002251533,0.66323,0,342,0.61,1,1,0.7,1,0,0
USR2901,46,3,50147,80,42756,500000,0.8526133168484655,0.085512,20,339,0.53,0,0,0.63,0,0,0
USR2005,31,1,17775,127,1000,300000,0.05625879043600562,0.0033333333333333335,5,577,0.43,0,0,0.6,2,0,0
USR8088,30,1,7646,159,1991,100000,0.26039759351294794,0.01991,10,623,0.65,1,1,0.1,0,0,0
USR6862,47,0,50829,272,47622,500000,0.9369060969131795,0.095244,7,567,0.38,0,0,0.84,2,1,0
USR5463,69,2,24992,175,48236,300000,1.9300576184379001,0.16078666666666666,10,433,0.64,3,0,0.42,0,0,0
USR6115,65,3,51629,199,47251,300000,0.9152026961591354,0.15750333333333333,4,614,0.5,2,0,0.01,0,1,0
USR4724,24,4,18463,274,1000,100000,0.05416237881167741,0.01,3,598,0.52,0,0,0.82,0,0,0
USR7664,68,0,6757,312,5051,300000,0.7475210892407873,0.016836666666666666,17,657,0.89,1,0,0.1,0,1,0
USR8712,54,1,44308,71,48802,300000,1.1014263789834793,0.16267333333333334,6,144,0.54,0,0,0.99,0,1,0
USR6784,26,1,33753,30,15462,300000,0.45809261398986756,0.05154,16,265,0.37,2,0,0.08,0,1,0
USR5425,20,3,15877,364,12752,300000,0.8031744032247906,0.042506666666666665,10,298,0.08,1,0,0.96,2,1,0
USR4405,42,2,10932,264,20198,100000,1.8476033662641786,0.20198,9,267,0.05,0,0,0.58,0,0,0
USR1572,21,2,8989,174,14384,100000,1.6001779953276227,0.14384,4,632,0.07,2,1,0.13,0,0,0
USR4346,31,2,18527,307,18928,100000,1.0216440870081502,0.18928,0,299,0.02,0,0,0.68,2,0,0
USR6054,28,0,55310,361,45815,500000,0.8283312240101247,0.09163,4,613,0.4,1,0,0.05,0,0,0
USR2939,52,4,59683,22,75776,200000,1.2696412713838112,0.37888,2,640,0.08,0,1,0.69,0,0,0
USR7709,68,0,8858,332,9046,300000,1.0212237525400767,0.030153333333333334,3,375,0.63,1,0,0.77,0,1,0
USR2882,20,0,43310,108,37355,100000,0.8625028861694759,0.37355,3,135,0.02,0,1,0.1,1,0,0
USR1245,53,1,5208,351,4703,100000,0.9030337941628265,0.04703,23,519,0.44,2,0,0.05,1,1,0
USR6654,39,2,16036,171,15914,100000,0.9923921177350961,0.15914,6,448,0.26,2,1,0.89,1,0,0
USR6644,27,5,10063,345,15357,200000,1.526085660339859,0.076785,2,390,0.47,1,0,0.61,0,1,0
USR1511,64,4,20658,9,11238,200000,0.5440023235550392,0.05619,10,556,0.03,0,0,0.45,0,0,0
USR2961,19,0,37408,355,73137,500000,1.9551165526090675,0.146274,5,14,0.12,3,0,0.64,2,0,0
USR9078,70,3,12474,113,18425,300000,1.4770723104056438,0.06141666666666667,0,684,0.67,1,0,0.27,0,1,0
USR5119,21,1,28496,112,24930,200000,0.8748596294216732,0.12465,15,636,0.64,0,0,0.16,1,0,0
USR3170,64,3,6906,335,7650,200000,1.107732406602954,0.03825,1,84,0.7,0,0,0.19,2,0,0
USR9802,53,4,39782,262,28410,500000,0.714142074304962,0.05682,14,625,0.17,0,1,0.49,0,0,0
USR8321,63,4,43557,46,72028,100000,1.653649241224143,0.72028,11,117,0.03,3,0,0.15,1,0,0
USR3738,66,3,11371,7,15245,300000,1.3406912320816111,0.05081666666666667,4,261,0.8,0,0,0.91,1,0,0
USR2261,40,2,26044,109,32075,200000,1.2315696513592382,0.160375,13,78,0.81,1,0,0.35,2,0,0
USR6606,58,3,56322,242,49161,300000,0.8728560775540641,0.16387,4,120,0.36,0,1,0.83,0,0,0
USR1804,67,0,25257,14,19872,100000,0.786791780496496,0.19872,4,189,0.85,1,0,0.89,0,0,0
USR3658,49,4,26204,55,24706,100000,0.9428331552434743,0.24706,2,141,0.64,1,1,0.7,1,0,0
USR3103,29,3,51904,361,81855,300000,1.577046085080148,0.27285,11,145,0.42,0,0,0.3,1,0,0
USR8894,57,1,31361,109,37210,500000,1.186505532349096,0.07442,5,195,0.24,0,0,0.14,1,1,0
USR5923,21,3,56134,238,64189,500000,1.1434959204760038,0.128378,0,104,0.63,0,0,0.19,0,1,0
USR8635,30,3,59930,120,54160,100000,0.9037210078424829,0.5416,8,455,0.02,0,0,0.69,1,1,0
USR7791,49,4,18400,286,17040,300000,0.9260869565217391,0.0568,4,121,0.85,2,1,0.11,0,1,0
USR9923,37,1,58126,25,66974,500000,1.152221037057427,0.133948,8,377,0.6,0,1,0.17,1,0,0
USR6172,60,1,37752,291,7530,200000,0.1994596312778131,0.03765,5,576,0.67,0,0,1.0,1,0,0
USR9781,33,1,6680,35,10139,500000,1.517814371257485,0.020278,3,366,0.85,1,0,0.67,2,0,0
USR8151,59,5,20606,310,23093,300000,1.1206930020382413,0.07697666666666667,7,251,0.67,0,0,0.26,2,0,0
USR3814,24,3,49600,49,117537,100000,2.3696975806451612,1.17537,1,143,0.65,1,0,0.09,0,0,0
USR8310,29,2,13741,160,14850,500000,1.0807073720981006,0.0297,8,298,0.31,0,0,0.95,2,1,0
USR2532,54,4,34739,206,40942,300000,1.1785601197501367,0.13647333333333334,4,130,0.59,0,0,0.29,2,0,0
USR7110,68,5,23769,21,16806,100000,0.707055408304935,0.16806,5,74,0.49,0,1,0.13,1,1,0
USR3790,50,3,22722,78,33241,300000,1.4629434028694657,0.11080333333333334,6,77,0.44,0,1,0.81,1,1,0
USR3309,52,4,29173,270,57252,500000,1.9624995715216125,0.114504,5,474,0.57,0,0,0.62,0,1,0
USR4883,67,2,29482,56,20032,100000,0.6794654365375483,0.20032,7,567,0.52,1,0,0.59,0,0,0
USR9660,51,5,54920,181,77069,300000,1.4032957028404953,0.25689666666666666,3,638,0.86,0,0,0.86,0,1,0
USR7756,34,4,14593,155,2258,300000,0.1547317206880011,0.007526666666666667,5,682,0.46,3,0,0.85,1,0,0
USR7033,40,2,5794,17,5867,300000,1.0125992405937176,0.019556666666666667,4,605,0.24,1,0,0.87,2,0,0
USR7459,55,2,34074,340,20264,300000,0.5947056406644362,0.06754666666666667,17,272,0.63,2,0,0.19,2,0,0
USR1103,23,3,17076,70,13950,100000,0.8169360505973295,0.1395,5,28,0.08,2,0,0.39,0,0,0
USR9537,47,2,13004,340,10950,200000,0.8420486004306367,0.05475,12,390,0.37,0,0,0.96,1,0,0
USR4745,33,1,32292,228,48031,200000,1.4873962591353895,0.240155,14,199,0.87,0,0,0.68,0,0,0
USR3870,69,1,14688,181,14119,500000,0.9612608932461874,0.028238,0,64,0.9,1,0,0.6,0,1,0
USR5948,56,2,6426,363,10249,200000,1.594926859632742,0.051245,8,216,0.32,0,1,0.03,2,1,0
USR2876,18,3,31625,162,30952,300000,0.9787193675889329,0.10317333333333334,17,319,0.36,2,1,0.46,1,0,0
USR5106,68,2,36510,150,56777,300000,1.555108189537113,0.18925666666666666,4,675,0.97,0,0,0.0,0,0,0
USR9744,61,4,33041,314,24012,100000,0.7267334523773493,0.24012,4,145,0.04,2,0,0.11,0,0,0
USR4182,59,4,54832,241,12435,500000,0.226783629997082,0.02487,1,638,0.52,2,0,0.82,1,0,0
USR9096,21,2,47888,321,25065,100000,0.5234087871700634,0.25065,15,635,0.75,2,0,0.79,0,0,0
USR4938,26,0,16152,310,8930,100000,0.5528727092620109,0.0893,15,149,0.32,2,0,0.66,0,0,0
USR9399,28,3,54921,212,87038,100000,1.584785419056463,0.87038,9,625,0.57,1,0,0.87,2,1,0
USR5589,52,0,18324,340,1011,300000,0.055173542894564505,0.00337,13,615,0.34,1,0,0.48,1,0,0
USR9986,40,2,15781,177,15782,200000,1.0000633673404726,0.07891,1,688,0.2,1,0,0.86,2,0,0
USR7471,57,3,44763,18,27896,300000,0.6231932622925184,0.09298666666666666,3,542,0.9,0,1,0.89,0,0,0
USR7206,70,1,56823,365,32173,100000,0.5661967865125037,0.32173,8,232,0.35,1,0,0.17,2,0,0
USR9459,23,0,46719,186,42102,500000,0.901175110768638,0.084204,14,75,0.16,0,0,0.45,0,0,0
USR5892,40,2,50778,25,44415,100000,0.8746898263027295,0.44415,6,673,0.96,2,0,0.73,1,0,0
USR8150,46,4,45702,296,91420,500000,2.000350094087786,0.18284,11,279,0.61,0,0,0.52,0,0,0
USR2812,26,1,52409,214,47492,100000,0.90618023621897,0.47492,23,588,0.61,0,0,0.81,1,0,0
USR5353,43,3,16231,75,25000,300000,1.5402624607233073,0.08333333333333333,2,566,0.96,0,1,0.21,2,0,0
USR4783,49,4,12256,148,11232,200000,0.9164490861618799,0.05616,3,194,0.34,0,0,0.74,2,0,0
USR7382,34,2,9805,230,1724,500000,0.17582865884752677,0.003448,15,652,0.72,0,0,0.12,1,0,0
USR5155,35,1,20791,98,4310,100000,0.20730123611177914,0.0431,5,358,0.6,1,0,0.12,0,0,0
USR2159,54,4,49388,294,70089,500000,1.419150400907103,0.140178,8,486,0.46,2,0,0.32,2,0,0
USR5938,41,1,36562,143,49667,300000,1.3584322520649854,0.16555666666666666,11,696,0.61,1,1,0.94,0,0,0
USR3717,65,3,22067,269,45269,100000,2.051434268364526,0.45269,8,59,0.65,1,0,0.91,0,0,0
USR6046,32,1,10299,328,8776,200000,0.8521215652005049,0.04388,5,673,0.47,3,0,0.24,0,0,0
USR5493,62,4,36542,128,1825,500000,0.04994253188112309,0.00365,7,616,0.6,0,0,0.38,0,1,0
USR6030,50,3,56208,137,40520,300000,0.7208938229433532,0.13506666666666667,17,280,0.13,1,0,0.54,1,0,0
USR1514,21,1,32433,281,15830,300000,0.48808312521197544,0.05276666666666667,11,563,0.92,2,0,0.14,2,0,0
USR6299,55,2,9528,65,10969,300000,1.151238455079765,0.03656333333333334,11,137,0.36,1,0,0.36,1,0,0
USR2438,19,1,35472,90,1000,100000,0.02819124943617501,0.01,5,513,0.24,0,0,0.12,0,1,0
USR5266,56,2,19253,210,18531,500000,0.9624993507505324,0.037062,17,689,0.16,3,1,0.72,0,1,0
USR2489,59,1,29646,208,47407,100000,1.5991027457329825,0.47407,9,694,0.95,1,0,0.39,1,0,0
USR5615,35,1,48412,264,78306,300000,1.6174915310253657,0.26102,8,470,0.81,0,1,0.86,0,0,0
USR2545,33,1,8021,357,13988,100000,1.7439222042139384,0.13988,11,602,0.94,1,0,0.8,1,0,0
USR1834,25,2,54059,114,62954,300000,1.1645424443663406,0.20984666666666665,14,599,0.69,3,0,0.6,1,0,0
USR5116,28,3,41860,342,1000,300000,0.023889154323936932,0.0033333333333333335,10,264,0.03,1,0,0.66,1,0,0
USR4031,49,1,28205,46,18711,300000,0.6633930154227974,0.06237,10,395,0.35,0,1,0.22,2,0,0
USR5248,42,1,25637,250,22562,500000,0.8800561688185045,0.045124,1,457,0.44,3,1,0.48,1,0,0
USR7328,42,1,18635,19,17679,500000,0.9486986852696538,0.035358,17,85,0.97,0,0,0.63,1,0,0
USR4884,24,1,27656,340,1000,200000,0.03615851894706393,0.005,14,450,0.65,3,1,0.04,1,1,0
USR6782,56,0,5969,192,5162,300000,0.8648014742837996,0.017206666666666665,0,604,0.87,0,1,0.7,1,1,0
USR2398,34,0,58497,166,47031,100000,0.8039899482024719,0.47031,2,676,0.44,1,0,0.52,0,0,0
USR1775,66,0,24172,252,22019,100000,0.9109300016548072,0.22019,8,303,0.71,0,0,0.99,1,0,0
USR8574,27,1,31370,251,33054,100000,1.053681861651259,0.33054,0,243,0.82,0,0,0.9,2,1,0
USR4941,46,2,33752,106,28197,200000,0.835417160464565,0.140985,5,314,0.13,1,0,0.68,0,0,0
USR1524,24,2,35184,335,28713,500000,0.816081173260573,0.057426,10,613,0.6,1,0,0.57,0,0,0
USR8106,33,2,36826,166,34707,100000,0.9424591321349047,0.34707,17,621,0.82,1,0,0.47,2,0,0
USR8645,27,3,51484,6,28096,100000,0.545722943050268,0.28096,16,615,0.39,2,0,0.57,0,0,0
USR4548,67,2,34009,303,15168,300000,0.4459995883442618,0.05056,2,511,0.31,1,0,0.33,0,0,0
USR7922,46,2,50246,313,8351,200000,0.1662022847589858,0.041755,2,378,0.1,1,0,0.32,2,0,0
USR9256,64,4,39049,291,36965,100000,0.9466311557274194,0.36965,5,49,0.39,0,0,0.39,2,0,0
USR6517,23,2,34090,201,64459,300000,1.8908477559401584,0.21486333333333332,2,477,0.67,1,0,0.06,0,0,0
USR7524,22,0,43951,58,40525,100000,0.9220495551864576,0.40525,12,275,0.67,1,0,0.85,2,1,0
USR3981,24,1,23027,126,46548,200000,2.0214530768228602,0.23274,1,226,0.19,3,1,0.85,2,0,0
USR3002,18,1,47968,64,68838,100000,1.4350817211474316,0.68838,9,302,0.92,2,0,0.58,0,0,0
USR4654,31,2,22968,13,10594,500000,0.4612504353883664,0.021188,13,492,0.64,2,0,0.44,0,0,0
USR1864,49,2,43377,296,56774,100000,1.3088503123775272,0.56774,11,198,0.88,3,1,0.81,0,0,0
USR2450,34,1,28562,84,16826,100000,0.5891044044534697,0.16826,7,388,0.51,1,0,0.39,2,0,0
USR6815,31,2,8953,68,8241,500000,0.9204735842734278,0.016482,2,437,0.6,3,0,0.97,2,0,0
USR6785,28,1,36858,37,9343,500000,0.25348635303054967,0.018686,3,65,0.58,0,0,0.97,0,0,0
USR3552,44,1,23481,67,14462,100000,0.6159022188152123,0.14462,1,497,0.32,1,0,0.75,0,0,0
USR7177,57,0,17441,209,13845,200000,0.7938191617453128,0.069225,1,190,0.08,1,0,0.75,0,0,0
USR4026,69,3,36405,106,29568,200000,0.8121961269056448,0.14784,13,177,0.68,3,0,0.45,1,1,0
USR9710,49,2,50227,365,1000,100000,0.01990961036892508,0.01,11,138,0.47,3,0,0.82,2,0,0
USR6536,37,2,20579,7,46669,300000,2.267797269060693,0.15556333333333333,17,313,0.3,1,0,0.63,0,0,0
USR8516,33,1,34770,134,57519,300000,1.6542709232096635,0.19173,1,486,0.49,2,1,0.46,0,0,0
USR6638,51,1,56243,43,114544,300000,2.0365912202407412,0.38181333333333334,4,134,0.42,0,0,0.94,0,0,0
USR8534,59,0,21619,196,38741,300000,1.7919885286090937,0.12913666666666668,2,408,0.21,2,0,0.25,2,0,0
USR2370,37,1,46098,147,35390,100000,0.7677122651741941,0.3539,1,474,0.53,2,1,0.69,0,0,0
USR6601,60,1,54374,12,75703,100000,1.3922646853275462,0.75703,11,187,0.74,2,0,0.72,0,0,0
USR6855,52,2,33786,69,32543,500000,0.9632096134493577,0.065086,1,253,0.55,0,0,0.47,0,0,0
USR7688,30,4,30065,206,51358,100000,1.708232163645435,0.51358,2,136,0.87,1,0,0.28,2,0,0
USR5568,40,1,11879,94,10544,200000,0.8876168027611752,0.05272,2,90,0.95,0,1,0.73,1,0,0
USR8038,43,1,54760,354,55939,200000,1.0215303140978818,0.279695,7,561,0.29,0,0,0.02,1,0,0
USR6709,22,2,10734,55,7207,100000,0.6714179243525247,0.07207,4,541,0.22,0,0,0.87,0,1,0
USR1604,67,3,6940,109,2465,300000,0.35518731988472624,0.008216666666666667,1,415,0.1,0,1,0.9,0,0,0
USR3040,69,8,15946,216,15948,300000,1.0001254233036498,0.05316,5,328,0.12,3,1,0.87,0,0,0
USR1240,32,1,36142,70,18378,500000,0.5084942725914449,0.036756,2,214,0.86,3,0,0.24,0,0,0
USR6693,28,3,43128,113,60029,100000,1.3918799851604526,0.60029,6,390,0.82,0,1,0.68,2,0,0
USR7293,51,2,53756,187,15954,100000,0.29678547510975517,0.15954,4,120,0.6,2,0,0.98,0,1,0
USR3798,52,1,27857,59,33986,100000,1.2200165129051943,0.33986,10,231,0.14,1,0,0.95,2,1,0
USR5167,42,0,44771,363,81774,300000,1.8264948292421435,0.27258,0,337,0.84,0,0,0.8,2,0,1
USR2229,64,1,54739,270,3426,300000,0.0625879172071101,0.01142,1,18,0.75,0,0,0.01,2,1,0
USR5969,26,1,6700,293,10537,100000,1.5726865671641792,0.10537,1,341,0.37,1,1,0.21,0,0,0
USR9900,28,0,24971,334,21005,100000,0.8411757638861079,0.21005,0,420,0.45,0,1,0.8,2,0,0
USR8569,40,3,46530,80,20980,500000,0.45089189770040833,0.04196,11,556,0.09,0,0,0.84,1,0,0
USR5896,56,5,47871,233,62553,500000,1.3066992542457856,0.125106,3,437,0.72,3,0,0.15,0,0,0
USR6403,36,2,58750,107,49247,500000,0.8382468085106383,0.098494,2,696,0.37,0,0,0.16,0,1,0
USR8485,43,4,34519,183,42489,200000,1.2308873374083837,0.212445,1,368,0.91,0,0,0.83,0,0,0
USR5440,25,4,43304,204,18499,100000,0.4271891742102346,0.18499,4,545,0.96,0,0,0.66,0,0,0
USR3528,70,1,32114,333,23848,300000,0.7426044715700317,0.07949333333333333,11,585,0.32,0,0,0.14,1,0,0
USR8284,47,1,45942,363,4575,500000,0.09958208175525662,0.00915,16,103,0.45,0,0,0.18,1,0,0
USR3680,35,0,23447,289,16315,100000,0.6958246257516953,0.16315,0,592,0.93,1,0,0.36,1,1,0
USR7371,63,0,41982,321,48607,100000,1.1578057262636368,0.48607,12,477,0.99,3,0,0.3,2,0,0
USR9561,68,1,37724,118,60299,100000,1.5984254055773512,0.60299,5,293,0.45,2,1,0.64,2,0,0
USR3251,53,1,27429,48,7911,500000,0.28841736847861754,0.015822,17,373,0.45,1,0,0.44,0,0,0
USR9877,35,1,38817,354,17594,100000,0.4532550171316691,0.17594,5,274,0.85,2,0,0.11,0,0,0
USR2706,64,4,12173,21,16795,500000,1.379692762671486,0.03359,3,166,0.24,0,0,0.93,0,0,0
USR1779,40,1,44500,256,26830,100000,0.6029213483146068,0.2683,10,313,0.5,2,0,0.49,0,0,0
USR1758,65,2,7341,4,3030,500000,0.41275030649775235,0.00606,5,382,0.35,1,0,0.67,2,0,0
USR5131,20,2,42472,93,65360,200000,1.5388962139762667,0.3268,13,294,0.87,1,1,0.03,2,0,0
USR9118,65,2,55156,194,33779,300000,0.6124265719051418,0.11259666666666666,14,119,0.9,1,1,0.67,0,0,0
USR5834,45,1,8765,209,6776,100000,0.7730747290359384,0.06776,17,536,0.42,1,0,0.75,0,0,0
USR6127,19,3,17507,65,13702,100000,0.7826583652253384,0.13702,11,571,0.59,0,0,0.5,1,0,0
USR5116,18,0,23284,5,10268,200000,0.4409895207009105,0.05134,6,361,0.35,0,0,0.05,0,0,0
USR7045,44,3,49322,27,65895,200000,1.3360163821418434,0.329475,8,476,0.85,3,1,0.7,1,0,0
USR2863,58,2,34548,131,1000,500000,0.0289452356142179,0.002,14,210,0.74,1,0,0.11,1,0,0
USR1539,55,2,51895,43,31380,100000,0.6046825320358417,0.3138,5,96,0.7,0,1,0.9,0,0,0
USR3989,63,3,9839,142,1000,500000,0.10163634515702816,0.002,4,292,0.33,1,0,0.89,1,0,0
USR6152,49,2,5258,307,3816,100000,0.7257512362114873,0.03816,7,236,0.81,0,0,0.83,2,0,0
USR5694,51,1,56964,202,2397,100000,0.04207920792079208,0.02397,17,596,0.99,2,1,0.03,1,0,0
USR1658,27,3,10999,299,3903,300000,0.35485044094917717,0.01301,15,521,0.67,1,0,0.85,2,0,0
USR6582,68,1,30612,338,34888,500000,1.1396837841369398,0.069776,18,142,0.48,0,1,0.16,0,1,0
USR9163,27,2,59730,268,84050,200000,1.4071655784362966,0.42025,11,142,0.58,3,0,0.22,2,0,0
USR2231,58,1,45325,102,33324,100000,0.7352233866519581,0.33324,19,481,0.78,0,0,0.08,0,0,0
USR7880,36,2,35915,322,54137,300000,1.5073646108868162,0.18045666666666665,4,217,0.5,0,0,0.62,0,1,0
USR3000,38,3,34434,241,11141,200000,0.3235464947435674,0.055705,5,366,0.68,3,0,0.85,0,1,0
USR4758,69,2,8567,14,6059,300000,0.7072487451850122,0.02019666666666667,2,119,0.17,1,0,0.88,0,0,0
USR9348,63,4,7699,362,2813,300000,0.36537212625016235,0.009376666666666667,12,243,0.49,0,1,0.66,2,0,0
USR7652,22,3,47631,61,92284,200000,1.937477693099032,0.46142,14,179,0.97,1,0,0.9,1,0,1
USR4595,53,3,19351,38,19184,100000,0.9913699550410832,0.19184,8,527,0.6,0,0,0.42,2,0,0
USR2421,59,0,57027,189,52856,100000,0.9268592070422782,0.52856,7,403,0.38,1,0,0.89,2,0,0
USR5314,68,0,31965,281,21068,100000,0.6590958861254497,0.21068,6,157,0.86,2,1,0.47,0,0,0
USR8076,20,2,32419,1,24664,300000,0.760788426539992,0.08221333333333333,1,657,0.87,2,0,0.26,0,0,0
USR7119,39,3,47352,160,42836,500000,0.904629160331137,0.085672,6,135,0.49,0,1,0.19,1,1,0
USR9648,54,0,11898,24,1000,100000,0.08404773911581778,0.01,21,394,0.5,0,0,1.0,0,0,0
USR3303,58,3,27022,102,9249,500000,0.34227666345940344,0.018498,16,560,0.75,1,0,0.21,0,1,0
USR2551,21,2,52308,241,69148,100000,1.3219392827101017,0.69148,6,138,0.51,0,1,0.59,2,0,0
USR3112,67,3,37143,256,7858,200000,0.2115607247664432,0.03929,2,421,0.53,2,1,0.76,0,0,0
USR3052,65,1,41404,210,49435,200000,1.1939667664959908,0.247175,4,52,0.09,1,0,0.14,0,0,0
USR4528,35,3,23919,359,11370,300000,0.47535432083281076,0.0379,16,60,0.99,1,0,0.22,0,0,0
USR8490,50,1,32200,310,21968,200000,0.6822360248447205,0.10984,3,623,0.32,2,0,0.34,2,0,0
USR4592,56,2,45136,142,49992,100000,1.107585962424672,0.49992,17,661,0.45,0,1,0.93,0,0,0
USR7281,30,3,18124,277,6595,200000,0.36388214522180534,0.032975,3,627,0.75,1,0,0.22,0,1,0
USR7382,48,2,33240,64,1000,500000,0.030084235860409144,0.002,13,668,0.83,0,0,0.13,0,0,0
USR5985,41,1,12551,140,24461,500000,1.9489283722412556,0.048922,15,104,0.81,0,0,0.29,0,0,0
USR3464,37,2,26947,181,1000,200000,0.03710988236167291,0.005,8,344,0.61,1,0,0.22,1,0,0
USR3009,68,3,57274,213,68489,300000,1.19581310891504,0.22829666666666668,7,542,0.29,0,0,0.0,0,0,0
USR8235,47,3,57510,57,114066,500000,1.9834115805946793,0.228132,14,386,0.77,0,1,0.56,0,0,0
USR9319,61,5,17225,6,23580,500000,1.3689404934687954,0.04716,4,430,0.21,1,1,0.38,2,1,0
USR2482,32,2,39358,339,30271,200000,0.769119365821434,0.151355,14,610,0.92,1,0,0.47,0,0,0
USR3452,61,2,33479,341,7686,300000,0.22957674960422952,0.02562,13,418,0.48,3,0,0.02,0,0,0
USR1916,70,0,24874,191,24086,100000,0.9683203344858085,0.24086,11,338,0.05,1,0,0.7,0,1,0
USR1864,33,1,40361,217,34015,500000,0.8427690096875697,0.06803,15,690,0.86,0,0,0.51,1,1,0
USR5918,24,1,33940,201,46365,200000,1.366087212728344,0.231825,13,295,0.69,2,1,0.92,0,0,0
USR3460,64,1,52669,208,87477,200000,1.6608821128177866,0.437385,2,593,0.85,1,0,0.14,0,0,0
USR7961,38,1,31032,38,11039,200000,0.3557295694766692,0.055195,10,644,0.12,1,0,0.11,0,0,0
USR7374,42,1,15683,37,9087,200000,0.5794172033411975,0.045435,14,185,0.75,1,0,0.17,1,0,0
USR6925,22,2,57806,100,39583,100000,0.6847559076912432,0.39583,0,662,0.89,1,0,0.94,0,1,0
USR6625,23,3,9340,248,1000,500000,0.10706638115631692,0.002,10,258,0.94,2,1,0.84,0,1,0
USR3614,42,4,33442,349,40564,200000,1.2129657317146103,0.20282,6,559,0.84,3,0,0.02,0,1,0
USR7873,30,1,30242,181,40027,200000,1.3235566430791614,0.200135,14,693,0.42,3,0,0.7,1,1,0
USR8601,59,3,24335,71,30930,300000,1.2710088350113007,0.1031,4,166,0.72,0,1,0.41,0,0,0
USR6942,68,3,51131,70,1000,200000,0.019557606931215898,0.005,5,356,0.56,3,1,0.98,0,0,0
USR3210,51,3,19530,81,1000,500000,0.051203277009728626,0.002,1,394,0.28,3,0,0.19,2,0,0
USR2809,67,4,49404,298,55130,300000,1.1159015464334872,0.18376666666666666,14,615,0.45,3,0,0.4,0,0,0
USR9889,49,3,11799,261,16739,200000,1.4186795491143318,0.083695,10,54,0.46,0,0,0.46,2,0,0
USR7492,35,1,58706,16,59260,200000,1.0094368548359622,0.2963,16,199,0.5,0,0,0.43,0,0,0
USR3060,19,1,45485,20,53992,200000,1.1870286907771792,0.26996,1,186,0.7,3,0,0.11,2,0,0
USR8467,30,1,26080,152,9351,100000,0.3585506134969325,0.09351,8,192,0.14,3,1,0.15,0,0,0
USR8249,54,1,28790,260,42084,200000,1.4617575547064954,0.21042,5,217,0.6,0,1,0.97,1,0,0
USR5841,44,0,10421,170,19543,100000,1.8753478552921985,0.19543,7,503,0.22,3,1,0.3,2,1,0
USR6460,52,2,45621,84,44322,200000,0.9715262707963438,0.22161,24,106,0.87,2,1,0.74,0,0,0
USR5437,20,1,40773,266,37765,100000,0.9262256885684154,0.37765,5,291,0.85,0,0,0.41,2,1,0
USR9970,45,2,32952,117,52399,200000,1.590161446953144,0.261995,3,439,0.23,2,0,0.69,0,0,0
USR4506,31,2,9637,278,18131,200000,1.8813946248832625,0.090655,1,647,0.65,3,0,0.17,0,0,0
USR4825,33,1,57827,332,80803,200000,1.397323049786432,0.404015,1,17,0.01,1,0,0.26,0,1,0
USR3651,63,1,56145,22,1000,200000,0.01781102502449016,0.005,16,558,0.29,2,0,0.43,0,0,0
USR6409,38,1,26226,31,52394,500000,1.99778845420575,0.104788,15,506,0.3,1,0,0.95,0,0,0
USR6996,22,2,21521,121,14225,300000,0.6609822963616933,0.04741666666666667,5,192,0.9,2,1,0.15,2,0,0
USR5378,58,3,25548,258,19634,200000,0.7685141694066072,0.09817,0,343,0.76,0,0,0.51,0,0,0
USR7620,37,5,28133,206,19954,500000,0.7092738065616891,0.039908,5,251,0.99,0,0,0.11,0,1,0
USR5701,27,2,50327,126,85472,100000,1.698332902815586,0.85472,11,335,0.48,1,0,0.91,1,0,0
USR2075,35,3,40116,18,24229,300000,0.6039734769169409,0.08076333333333334,9,524,0.78,0,0,0.51,1,0,0
USR9446,53,1,55251,60,1000,300000,0.01809921992362129,0.0033333333333333335,4,247,0.91,1,0,0.56,2,1,0
USR9623,67,2,26850,210,19959,100000,0.7433519553072626,0.19959,8,570,0.34,2,0,0.85,0,0,0
USR8337,65,2,15495,33,6794,500000,0.43846402065182316,0.013588,16,556,0.6,1,0,0.89,1,0,0
USR9450,42,1,54056,82,107747,200000,1.993247743081249,0.538735,3,355,0.56,0,0,0.85,2,0,0
USR5112,59,2,9959,68,6181,500000,0.6206446430364494,0.012362,2,190,0.34,0,0,0.81,1,0,0
USR3831,25,2,36428,311,1000,300000,0.02745141100252553,0.0033333333333333335,3,508,0.95,0,0,0.51,2,0,0
USR5290,43,2,36779,307,20132,200000,0.5473775795970527,0.10066,3,240,0.47,1,0,0.7,0,0,0
USR3738,55,1,48877,114,62426,300000,1.2772060478343596,0.20808666666666667,4,343,0.9,0,0,0.32,2,0,0
USR2904,60,3,50424,237,68115,200000,1.3508448357924798,0.340575,14,526,0.22,0,0,0.53,0,0,0
USR8384,31,1,31187,29,1000,100000,0.032064642318914933,0.01,9,279,0.91,0,0,0.08,1,0,0
USR9313,70,2,46496,258,13598,100000,0.29245526496902957,0.13598,19,654,0.98,2,0,0.13,1,0,0
USR3704,62,4,50225,236,60631,500000,1.207187655550025,0.121262,3,483,0.03,3,0,0.07,0,0,0
USR6577,68,2,47634,318,15165,500000,0.3183650333795188,0.03033,10,355,0.55,0,0,0.38,2,1,0
USR8055,65,3,7699,111,10707,500000,1.3907000909208989,0.021414,5,686,0.04,0,0,0.15,1,0,0
USR1465,69,0,35527,289,44073,500000,1.24054944127002,0.088146,1,355,0.03,0,0,0.21,0,0,0
USR7406,47,1,52083,356,77114,300000,1.4805982758289653,0.25704666666666665,3,632,0.54,1,0,0.27,1,0,0
USR5513,30,2,51715,219,98307,500000,1.9009378323503818,0.196614,18,561,0.51,1,0,0.69,0,1,0
USR3496,39,2,42312,64,65491,500000,1.547811495556816,0.130982,5,529,0.72,0,0,0.43,0,0,0
USR4447,36,2,17388,177,1000,200000,0.05751092707614447,0.005,8,360,0.05,1,0,0.71,1,0,0
USR6850,33,4,43351,133,1000,300000,0.02306751862702129,0.0033333333333333335,4,446,0.96,0,1,0.47,1,1,0
USR2717,30,1,11311,360,14442,100000,1.276810184775882,0.14442,20,499,0.26,0,0,0.8,1,0,0
USR7766,67,2,47446,178,32509,300000,0.6851789402689373,0.10836333333333334,0,457,0.25,0,0,0.05,0,0,0
USR7930,44,3,25622,203,31961,300000,1.247404574194052,0.10653666666666667,1,309,0.5,3,0,0.19,0,1,0
USR4369,32,6,19797,279,10520,500000,0.5313936455018438,0.02104,15,250,0.49,1,0,0.66,2,1,0
USR9804,26,2,20889,280,31495,300000,1.5077313418545646,0.10498333333333333,9,253,0.81,1,1,0.19,1,1,0
USR2392,45,4,21312,92,22845,300000,1.0719313063063063,0.07615,1,684,0.56,1,0,0.21,0,0,0
USR6776,34,3,21484,99,41609,300000,1.9367436231614223,0.13869666666666666,0,293,0.89,1,0,0.03,0,0,0
USR4649,39,1,44826,280,42776,100000,0.9542676125462901,0.42776,5,413,0.31,3,0,0.51,1,1,0
USR7082,64,3,51479,192,1000,500000,0.0194253967637289,0.002,4,618,0.62,0,1,0.44,0,0,0
USR1402,18,1,54252,296,27508,200000,0.5070412150704121,0.13754,11,440,0.84,3,1,0.16,1,0,0
USR3279,32,3,38889,115,16338,300000,0.4201187996605724,0.05446,11,375,0.73,1,1,0.7,0,0,0
USR9910,70,5,47597,28,56918,100000,1.1958316700632392,0.56918,15,421,0.22,0,0,0.97,0,0,0
USR8240,41,3,48357,129,103517,500000,2.1406828380586056,0.207034,4,289,0.53,2,0,0.13,1,0,0
USR2138,22,3,35432,281,38154,300000,1.0768232106570332,0.12718,13,605,0.57,0,0,0.37,0,0,0
USR4482,31,4,28828,152,56100,200000,1.9460246982100735,0.2805,5,599,0.78,2,0,0.92,2,1,1
USR8074,54,0,11607,204,10550,300000,0.9089342638063238,0.035166666666666666,9,378,0.05,0,0,0.61,1,1,0
USR1952,66,2,48738,145,110052,500000,2.258032746522221,0.220104,14,421,0.21,3,1,0.3,0,0,0
USR4840,54,0,45659,15,39115,500000,0.8566766683457807,0.07823,5,282,0.84,0,1,0.87,2,0,0
USR9341,55,5,41677,22,22127,300000,0.5309163327494781,0.07375666666666666,13,39,0.95,0,0,0.89,2,0,0
USR9335,21,2,30693,350,30250,500000,0.9855667416023197,0.0605,8,587,0.43,2,0,0.28,0,0,0
USR1510,33,2,29214,245,50654,500000,1.7338947080167044,0.101308,5,477,0.36,0,1,0.7,2,0,0
USR1373,22,2,40528,156,52927,200000,1.3059366363995262,0.264635,1,535,0.46,1,1,0.17,0,0,0
USR1954,53,2,10188,44,4810,200000,0.47212406753042796,0.02405,7,232,0.47,2,0,0.12,0,0,0
USR1808,68,0,46633,340,25390,100000,0.5444642206163017,0.2539,3,199,0.76,0,0,0.3,1,0,0
USR4499,26,3,41392,51,13161,200000,0.3179599922690375,0.065805,14,572,0.19,2,0,0.91,0,0,0
USR2634,29,3,17057,255,11222,300000,0.6579117078032479,0.037406666666666664,0,640,0.55,0,0,0.62,0,0,0
USR5972,53,0,36999,8,19271,200000,0.5208519149166194,0.096355,12,301,0.4,0,0,0.53,0,0,0
USR3478,22,0,5904,130,8729,200000,1.478489159891599,0.043645,13,486,0.72,1,0,0.37,0,0,0
USR7270,68,0,46823,9,37686,200000,0.8048608589795613,0.18843,13,178,0.76,1,1,0.24,2,1,0
USR6243,70,3,58888,349,61993,300000,1.0527272109767694,0.20664333333333335,4,562,0.7,0,0,0.23,0,1,0
USR9001,67,4,45887,364,25325,100000,0.55189923071894,0.25325,1,343,0.91,0,0,0.43,2,0,0
USR4856,63,2,59696,201,19346,300000,0.32407531492897346,0.06448666666666666,8,149,0.33,0,0,0.79,2,0,0
USR8268,27,2,51181,267,99593,300000,1.9458978917957837,0.33197666666666664,16,343,0.11,2,0,0.28,1,0,0
USR5688,34,1,35115,320,30246,300000,0.8613413071337035,0.10082,4,379,0.44,0,1,0.29,1,1,0
USR3575,66,3,42199,227,51611,200000,1.223038460627029,0.258055,0,173,0.92,3,0,0.04,0,0,0
USR9075,52,0,8065,175,10251,500000,1.2710477371357718,0.020502,18,424,0.7,0,1,0.23,0,0,0
USR3861,55,2,37965,170,64142,500000,1.689503490056631,0.128284,11,582,0.58,1,1,0.06,2,0,0
USR2164,33,0,21179,195,14464,500000,0.682940648755843,0.028928,4,100,0.27,2,0,0.81,0,0,0
USR7311,57,0,43329,137,64093,500000,1.4792171524844793,0.128186,9,271,0.1,1,1,0.42,1,1,0
USR8712,63,2,55404,82,38811,300000,0.7005089885206844,0.12937,21,419,0.69,0,0,0.17,1,0,0
USR6509,33,3,54792,250,78667,200000,1.4357387939845232,0.393335,4,597,0.49,2,0,0.48,0,1,0
USR9221,48,1,44109,76,34887,300000,0.7909270216962525,0.11629,7,54,0.38,1,1,0.13,0,1,0
USR2537,57,1,10004,239,10268,100000,1.0263894442223112,0.10268,18,425,0.95,0,0,0.82,2,0,0
USR3895,46,0,12181,241,17079,100000,1.402101633691815,0.17079,4,546,0.68,1,0,0.84,2,0,0
USR8007,67,5,47828,11,70064,100000,1.4649159488165928,0.70064,9,549,0.96,1,1,0.08,0,1,0
USR1645,19,1,16575,86,11542,200000,0.6963499245852187,0.05771,16,558,0.59,0,0,0.5,0,0,0
USR9444,27,4,7010,311,15110,500000,2.1554921540656204,0.03022,8,676,0.47,3,0,0.24,0,1,0
USR9431,39,3,26225,363,25680,300000,0.9792183031458532,0.0856,13,271,0.16,1,0,0.2,0,1,0
USR2359,52,2,25394,16,13756,200000,0.5417027644325432,0.06878,7,681,0.01,1,0,0.4,2,1,0
USR2212,25,4,47029,172,17266,500000,0.3671351719152013,0.034532,4,699,0.29,3,0,0.07,1,0,0
USR6509,49,2,40672,106,5280,100000,0.12981904012588513,0.0528,5,338,0.18,1,0,0.25,1,1,0
USR5622,37,0,25177,145,1000,100000,0.03971879096000318,0.01,10,25,0.9,2,1,0.78,0,1,0
USR9142,19,4,31719,153,21627,100000,0.6818310791639081,0.21627,5,511,0.58,0,0,0.67,0,1,0
USR7359,25,4,43263,234,22135,300000,0.5116381203337725,0.07378333333333334,10,402,0.98,1,0,0.18,1,0,0
USR6345,61,0,18584,259,16178,200000,0.8705337925096858,0.08089,6,32,0.51,0,0,0.42,2,1,0
USR2279,27,2,36945,23,37991,300000,1.02831235620517,0.12663666666666668,9,546,0.48,1,1,0.4,1,0,0
USR5650,51,1,34193,102,78287,500000,2.289562191091744,0.156574,6,23,0.55,2,1,0.58,0,0,0
USR9194,69,2,54399,309,71203,300000,1.3089027371826687,0.23734333333333332,5,451,0.43,0,0,0.04,2,1,0
USR5754,70,3,48786,115,58011,200000,1.1890911327020046,0.290055,4,341,0.44,1,0,0.46,1,1,0
USR5730,57,3,30222,293,4103,500000,0.1357620276619681,0.008206,4,59,0.99,0,0,0.17,1,0,0
USR9907,28,1,31084,247,32376,200000,1.0415647921760391,0.16188,1,656,0.37,0,0,0.92,0,0,0
USR1212,45,4,11630,45,16765,100000,1.441530524505589,0.16765,13,27,0.44,2,0,0.89,0,0,0
USR3318,70,0,24167,250,25375,500000,1.0499855174411388,0.05075,21,497,0.53,1,0,0.42,2,0,0
USR4373,49,1,12966,229,5370,200000,0.4141601110596946,0.02685,3,398,0.0,1,0,0.74,0,0,0
USR4514,53,1,11220,270,11342,300000,1.010873440285205,0.03780666666666667,0,436,0.09,0,0,0.8,2,0,0
USR2869,40,0,30132,271,53831,200000,1.7865060400902695,0.269155,6,601,0.59,0,0,0.9,0,1,0
USR9742,45,1,51166,179,1000,500000,0.01954422858929758,0.002,6,485,0.92,0,1,0.73,0,1,0
USR5615,35,1,58142,116,37591,500000,0.6465377867978398,0.075182,5,435,0.99,1,0,0.35,0,0,0
USR9334,29,2,32430,112,21992,200000,0.6781375269811902,0.10996,7,108,0.72,0,0,0.74,0,1,0
USR4001,42,3,53615,249,64224,200000,1.1978737293667816,0.32112,15,116,0.44,1,1,0.88,0,1,0
USR5230,55,1,12893,230,11694,200000,0.9070038005119057,0.05847,7,338,0.51,3,0,0.8,0,0,0
USR9248,68,1,18332,247,21921,500000,1.1957778747545276,0.043842,6,38,0.6,3,1,0.67,0,0,0
USR1612,40,1,26472,108,1000,500000,0.037775763070414026,0.002,17,38,0.08,0,0,0.54,0,1,0
USR8921,19,2,24334,347,1000,300000,0.04109476452699926,0.0033333333333333335,12,690,0.56,1,0,0.24,2,0,0
USR8222,24,2,14309,356,24241,200000,1.6941086029771473,0.121205,7,546,0.87,0,0,0.54,0,0,0
USR6089,26,0,30953,351,20909,100000,0.6755080283009725,0.20909,18,33,0.59,3,0,0.11,2,0,0
USR1344,38,2,53979,61,6031,500000,0.11172863520998907,0.012062,18,424,0.61,0,1,0.63,1,0,0
USR6691,70,2,31675,148,1350,500000,0.042620363062352014,0.0027,13,317,0.36,0,0,0.73,1,0,0
USR9977,53,2,24860,298,26513,200000,1.0664923572003218,0.132565,10,545,0.5,1,0,0.85,2,0,0
USR8209,60,0,48430,231,73053,300000,1.5084245302498451,0.24351,8,534,0.4,0,0,0.03,0,0,0
USR6035,50,2,20649,172,42150,100000,2.041261078018306,0.4215,1,456,0.4,0,0,0.89,2,0,0
USR6909,22,2,10600,275,16705,200000,1.575943396226415,0.083525,11,26,0.39,1,1,0.69,0,1,0
USR4532,58,2,45863,19,71518,100000,1.5593833809388833,0.71518,10,120,0.91,0,1,0.53,2,0,0
USR8711,69,3,58640,328,62670,200000,1.068724420190996,0.31335,5,538,0.87,3,1,0.08,0,0,0
USR9943,19,1,35012,126,18737,300000,0.5351593739289386,0.06245666666666667,7,546,0.16,1,0,0.95,0,0,0
USR3828,57,4,28701,154,5424,300000,0.18898296226612313,0.01808,3,558,0.79,2,0,0.01,0,0,0
USR9194,61,2,36964,363,22725,300000,0.6147873606752516,0.07575,9,68,0.65,0,1,0.15,0,0,0
USR2866,65,1,10933,339,16947,100000,1.5500777462727522,0.16947,6,19,0.18,3,0,0.45,1,1,0
USR4607,63,1,6777,231,8035,100000,1.1856278589346319,0.08035,9,245,0.7,0,0,0.95,0,0,0
USR6376,69,0,5604,101,5206,300000,0.9289793004996431,0.01735333333333333,10,314,0.51,2,1,0.36,0,0,0
USR8596,49,2,39653,328,55316,300000,1.3950016392202356,0.18438666666666667,2,582,0.06,1,1,0.67,2,0,0
USR2299,43,1,10500,71,1000,200000,0.09523809523809523,0.005,8,656,0.14,0,0,0.88,1,0,0
USR7516,62,0,16848,249,2780,500000,0.16500474833808168,0.00556,11,127,0.66,0,0,0.49,2,0,0
USR9477,55,1,16519,188,22102,200000,1.3379744536594225,0.11051,7,265,0.76,3,0,0.48,2,1,0
USR8114,49,2,13496,230,7555,100000,0.5597954949614701,0.07555,0,279,0.91,2,0,0.48,0,0,0
USR2150,61,1,57464,284,53050,100000,0.9231866907977169,0.5305,5,574,0.22,2,1,0.1,0,0,0
USR4301,41,2,49127,259,45456,100000,0.9252753068577361,0.45456,14,273,0.53,1,0,0.42,2,0,0
USR1375,36,2,20176,107,26315,200000,1.304272402854877,0.131575,5,195,0.42,2,0,0.24,2,0,0
USR8510,55,0,50837,91,47809,300000,0.9404370832267837,0.15936333333333333,10,478,0.53,0,0,0.83,2,1,0
USR9851,26,2,41338,250,65841,100000,1.592747593013692,0.65841,7,415,0.06,0,0,0.07,1,0,0
USR7331,35,3,31720,1,28269,100000,0.891204287515763,0.28269,10,96,0.54,3,0,0.14,0,0,0
USR9423,48,1,21228,218,7571,200000,0.35665159223666854,0.037855,13,59,0.0,0,1,0.29,2,0,0
USR8990,39,0,35816,364,55444,500000,1.5480232298414116,0.110888,4,571,0.25,1,0,0.86,0,0,0
USR9265,70,0,29781,254,45213,300000,1.5181827339578926,0.15071,7,235,0.09,3,0,0.21,0,0,0
USR9262,54,3,47008,190,1000,100000,0.021272974812797822,0.01,11,390,0.36,1,1,0.3,0,1,0
USR6919,49,1,48060,65,53312,100000,1.1092800665834375,0.53312,3,321,0.15,0,0,0.93,0,1,0
USR5725,19,1,48663,102,61299,100000,1.2596633992972073,0.61299,5,335,0.23,1,0,0.91,0,1,0
USR8031,40,4,28738,139,55962,500000,1.947317141067576,0.111924,11,541,0.84,3,0,0.52,1,0,0
USR5655,61,3,40251,303,52622,300000,1.307346401331644,0.17540666666666666,10,184,0.07,2,0,0.37,2,0,0
USR7286,57,3,6210,307,5944,300000,0.9571658615136877,0.019813333333333332,0,241,0.48,0,1,0.27,0,0,0
USR8706,60,3,27586,363,13757,100000,0.4986949902124266,0.13757,13,61,0.7,3,1,0.66,0,1,0
USR9987,65,3,50536,62,76469,200000,1.5131589362038942,0.382345,11,154,0.43,1,0,0.69,1,0,0
USR4066,21,1,5826,359,5872,100000,1.0078956402334363,0.05872,0,643,0.52,0,1,0.23,2,0,0
USR4361,25,0,31231,179,12368,100000,0.3960167782011463,0.12368,10,430,0.9,0,1,0.8,0,0,0
USR2152,21,6,27673,36,11849,100000,0.42817909153326345,0.11849,16,541,0.22,0,1,0.72,0,0,0
USR4615,38,3,53319,189,42280,200000,0.7929631088354996,0.2114,4,657,0.06,1,0,0.41,1,0,0
USR7314,52,1,50122,32,41226,500000,0.8225130681138023,0.082452,8,626,0.11,0,1,0.88,0,0,0
USR8695,19,1,26382,189,30886,300000,1.1707224622848913,0.10295333333333333,9,656,0.47,0,0,0.58,2,0,0
USR7303,43,6,6735,166,1755,200000,0.26057906458797325,0.008775,8,181,0.56,0,0,0.79,1,0,0
USR5592,25,0,40894,284,33304,200000,0.8143982002249719,0.16652,0,363,0.61,1,0,0.2,1,0,0
USR3145,50,0,59762,18,117902,200000,1.9728590073960042,0.58951,6,232,0.33,0,0,0.53,2,0,0
USR4827,42,0,26466,312,31954,100000,1.207360386911509,0.31954,5,519,0.4,0,0,0.4,0,0,0
USR7079,55,1,27790,236,32901,300000,1.183915077365959,0.10967,3,375,0.36,0,0,0.48,0,0,0
USR3648,34,3,35015,83,33868,200000,0.9672426103098672,0.16934,6,633,0.15,3,0,0.61,2,0,0
USR4034,35,2,31018,353,47167,200000,1.5206331807337674,0.235835,6,515,0.85,0,1,0.31,1,1,0
USR6885,34,2,6685,100,4482,300000,0.6704562453253553,0.01494,9,574,0.72,2,0,0.83,0,0,0
USR9640,49,1,18064,122,26652,500000,1.4754207263064658,0.053304,1,73,0.64,1,0,0.4,1,1,0
USR2354,25,1,11142,204,1205,100000,0.10814934482139651,0.01205,2,194,0.03,2,1,0.93,2,0,0
USR1404,56,2,20792,9,1000,200000,0.04809542131589073,0.005,5,344,0.42,0,0,0.61,0,0,0
USR3740,27,1,43913,166,81056,200000,1.8458315305262678,0.40528,0,269,0.46,2,0,0.47,2,0,0
USR3848,42,0,21883,138,27149,500000,1.2406434218343005,0.054298,5,460,0.46,2,1,0.72,0,0,0
USR7400,25,2,32228,283,6498,500000,0.2016259153531091,0.012996,14,406,0.83,1,0,0.21,0,0,0
USR5956,51,0,54538,163,43282,200000,0.7936117936117936,0.21641,8,64,0.63,0,0,0.73,0,0,0
USR7215,29,1,55295,72,64891,200000,1.173541911565241,0.324455,0,536,0.9,1,0,0.08,1,1,0
USR1821,56,0,59714,113,34188,300000,0.5725290551629434,0.11396,9,101,0.64,2,0,0.66,2,0,0
USR3232,24,2,33950,284,29591,500000,0.8716053019145803,0.059182,12,466,0.04,0,0,0.01,0,0,0
USR2253,64,4,58588,250,128465,200000,2.1926845087731275,0.642325,1,349,0.04,1,0,0.11,1,0,0
USR6863,25,0,12177,297,9424,500000,0.7739180422107251,0.018848,5,507,0.35,3,0,0.43,2,0,0
USR8272,26,1,21683,69,15785,200000,0.7279896693262002,0.078925,1,509,0.34,2,0,0.79,2,0,0
USR7526,30,2,28147,129,18385,100000,0.653177958574626,0.18385,5,524,0.02,0,0,0.01,0,0,0
USR1508,56,1,55927,112,51507,200000,0.9209684052425483,0.257535,15,207,0.32,1,1,0.58,0,1,0
USR4223,25,4,23132,48,26080,500000,1.127442503890714,0.05216,13,390,0.33,3,0,0.85,1,1,0
USR5250,19,1,46457,160,38528,100000,0.829326043438018,0.38528,13,345,0.55,1,0,0.29,2,0,0
USR6779,32,2,12624,20,1000,500000,0.07921419518377694,0.002,1,190,0.06,1,0,0.8,0,0,0
USR4678,55,0,47435,351,31672,200000,0.667692632022768,0.15836,9,90,0.95,0,0,0.41,0,0,0
USR6531,58,1,53498,354,59948,200000,1.1205652547758795,0.29974,6,289,0.4,0,0,0.52,0,0,0
USR2471,51,2,36138,230,45107,200000,1.248187503458963,0.225535,16,205,0.08,3,1,0.61,2,1,0
USR1484,28,2,35716,106,52647,100000,1.4740452458282003,0.52647,10,665,0.29,0,0,0.67,0,0,0
USR5054,39,1,14632,57,25961,500000,1.7742618917441224,0.051922,14,625,0.0,3,0,0.36,1,1,0
USR2900,30,3,44933,98,56248,500000,1.2518193755146552,0.112496,7,88,0.03,3,1,0.62,1,0,0
USR4813,34,1,51058,264,38874,500000,0.7613694230091269,0.077748,2,672,0.49,0,0,0.58,0,0,0
USR1695,58,3,26831,34,41470,300000,1.5456002385300585,0.13823333333333335,15,11,0.27,1,1,0.53,0,0,0
USR8505,48,4,13725,321,2046,500000,0.1490710382513661,0.004092,1,336,0.78,0,1,0.57,0,0,0
USR8206,70,1,24042,55,24553,100000,1.0212544713418186,0.24553,14,490,0.65,0,0,0.36,1,0,0
USR4655,52,4,26647,358,10819,200000,0.4060119338011784,0.054095,12,633,0.59,0,0,0.7,0,1,0
USR7093,42,1,51677,34,1000,100000,0.019350968515974225,0.01,0,491,0.11,2,0,0.34,1,1,0
USR2435,41,1,8602,23,6258,200000,0.7275052313415484,0.03129,10,250,0.2,0,1,0.77,0,1,0
USR5452,69,1,7672,208,3480,200000,0.45359749739311783,0.0174,12,347,0.44,1,1,0.98,0,1,0
USR8125,31,1,41489,147,29483,500000,0.7106220926028586,0.058966,15,181,0.76,1,1,0.22,1,0,0
USR9611,66,2,47088,349,35344,100000,0.7505946313285763,0.35344,6,232,0.41,1,0,0.36,2,0,0
USR9672,38,4,39870,8,9724,100000,0.2438926511161274,0.09724,7,206,0.68,0,0,0.63,0,0,0
USR3522,35,1,56586,318,45935,300000,0.8117732301275934,0.15311666666666668,5,282,0.94,1,0,0.2,0,0,0
USR2232,30,1,32761,334,31348,100000,0.9568694484295351,0.31348,9,98,0.62,0,0,0.86,2,0,0
USR2199,25,1,22730,209,22914,200000,1.0080950285965684,0.11457,14,504,0.53,0,1,0.69,0,0,0
USR3252,21,1,39670,117,60082,200000,1.5145449962188051,0.30041,11,64,0.59,0,0,0.23,0,0,0
USR8211,18,3,5545,175,7064,300000,1.2739404869251578,0.023546666666666667,14,40,0.13,0,0,0.33,1,0,0
USR7234,21,0,44212,136,40334,100000,0.9122862571247625,0.40334,2,346,0.53,1,0,0.24,0,0,0
USR7543,31,1,30966,305,61717,200000,1.9930569011173545,0.308585,4,480,0.24,2,1,0.06,0,0,0
USR2436,62,0,18697,283,11476,300000,0.6137883082847516,0.038253333333333334,9,387,0.58,0,0,0.97,2,0,0
USR1972,21,0,43127,341,31132,200000,0.7218679713404595,0.15566,19,320,0.6,1,0,0.82,0,0,0
USR6776,40,7,13610,324,14028,300000,1.030712711241734,0.04676,6,37,0.71,0,0,0.29,0,0,0
USR3733,68,1,20924,322,27866,200000,1.3317721277002486,0.13933,8,55,0.57,0,0,0.26,2,0,0
USR3718,69,2,56853,42,105654,500000,1.8583715898897155,0.211308,1,626,0.53,2,0,0.94,0,0,0
USR6189,60,1,7368,23,10158,500000,1.3786644951140066,0.020316,1,85,0.57,1,0,0.14,1,0,0
USR1441,35,1,55583,346,80704,500000,1.4519547343612256,0.161408,0,21,0.51,1,1,0.38,0,0,0
USR4075,64,2,57245,207,79543,100000,1.3895187352607214,0.79543,1,465,0.12,3,0,0.18,2,0,0
USR7530,44,2,6484,236,3784,300000,0.5835903763109191,0.012613333333333334,1,479,0.2,0,0,0.98,2,0,0
USR6779,27,5,27286,219,33636,200000,1.2327200762295683,0.16818,9,425,0.97,1,1,0.22,1,0,0
USR6687,47,1,45170,42,40259,100000,0.8912773965021031,0.40259,12,115,0.44,0,0,0.45,1,0,0
USR9182,33,3,18736,128,19843,100000,1.0590841161400513,0.19843,10,564,0.42,1,0,0.32,0,0,0
USR4487,36,3,59430,117,1000,200000,0.016826518593303044,0.005,8,350,0.84,1,0,0.25,1,0,0
USR9796,60,0,11962,364,1000,100000,0.08359806052499583,0.01,10,279,0.34,1,0,0.43,2,0,0
USR8807,27,2,47779,157,75018,100000,1.570104020594822,0.75018,16,221,0.9,1,0,0.61,1,0,0
USR3520,51,0,33271,236,19498,300000,0.5860358871088936,0.06499333333333333,11,456,0.65,0,1,0.82,0,0,0
USR2055,48,4,22059,91,1000,300000,0.04533297066956798,0.0033333333333333335,12,255,0.18,0,1,0.2,0,1,0
USR1431,31,2,17611,68,30752,100000,1.746181363920277,0.30752,6,16,0.44,0,0,0.07,1,0,0
USR4604,28,2,42487,221,84078,200000,1.9789111963659471,0.42039,3,185,0.52,0,0,0.57,1,1,0
USR3762,36,2,58719,176,33333,200000,0.5676697491442293,0.166665,1,249,0.27,0,1,0.85,0,0,0
USR3882,22,2,12919,47,23022,200000,1.782026472637201,0.11511,1,251,0.05,0,1,0.46,0,0,0
USR2970,24,2,58631,232,115561,100000,1.9709880438675786,1.15561,0,614,0.3,1,0,0.3,0,0,0
USR4865,56,1,51326,66,38195,200000,0.744164750808557,0.190975,2,271,0.88,2,1,0.42,0,0,0
USR3809,23,3,28041,248,43055,100000,1.5354302628294283,0.43055,18,164,0.51,1,0,0.79,2,1,0
USR4074,62,2,6827,330,14496,500000,2.1233338215907427,0.028992,3,224,0.45,0,1,0.87,0,1,1
USR3748,45,2,32061,354,4632,500000,0.1444745953027042,0.009264,0,10,0.26,0,0,0.07,2,0,0
USR5145,43,2,24797,98,1000,500000,0.0403274589668105,0.002,5,287,0.27,0,0,0.51,2,0,0
USR9722,39,2,15715,273,19251,500000,1.2250079541839007,0.038502,21,649,0.97,0,0,0.69,2,0,0
USR3654,62,0,42853,293,65298,300000,1.5237672975054255,0.21766,13,405,0.04,0,1,0.74,2,0,0
USR6660,65,1,46206,155,1000,500000,0.02164221096827252,0.002,10,167,0.43,0,0,0.69,0,0,0
USR2438,27,1,50309,245,65226,100000,1.2965075831362183,0.65226,9,227,0.31,1,0,0.11,2,1,0
USR2741,42,3,13906,234,13854,500000,0.9962606069322595,0.027708,5,26,0.84,1,0,0.43,0,0,0
USR9229,42,3,20878,221,1000,200000,0.047897308171280774,0.005,7,70,0.16,0,0,0.56,0,1,0
USR5308,42,1,38374,242,82378,300000,2.146713920883932,0.27459333333333336,10,609,0.21,2,1,0.92,2,0,0
USR9297,49,1,46450,150,1062,200000,0.02286329386437029,0.00531,4,450,0.65,3,1,0.66,0,0,0
USR5049,65,3,10018,170,6293,500000,0.6281692952685167,0.012586,15,151,0.93,3,1,0.37,0,0,0
USR6704,37,0,27370,105,10807,100000,0.3948483741322616,0.10807,2,286,0.93,1,0,0.64,1,0,0
USR9098,26,2,16875,337,26468,200000,1.5684740740740741,0.13234,13,91,0.7,2,0,0.82,1,0,0
USR2187,58,1,5238,159,6816,100000,1.3012600229095075,0.06816,8,692,0.77,0,0,0.7,1,1,0
USR5511,29,4,15226,181,19705,100000,1.2941678707474058,0.19705,1,511,0.34,1,1,0.96,0,0,0
USR3761,25,2,23246,204,18841,300000,0.8105050331239784,0.06280333333333334,9,278,0.22,1,0,0.64,0,1,0
USR3157,26,1,25537,139,25415,200000,0.9952226181618827,0.127075,1,205,0.45,2,1,0.87,0,0,0
USR4942,34,1,56348,221,56699,300000,1.0062291474409029,0.18899666666666667,13,478,0.49,0,0,0.99,1,0,0
USR9794,20,3,27792,132,3805,100000,0.1369099021301094,0.03805,12,234,0.88,0,1,0.72,0,0,0
USR4249,60,2,34651,50,16127,100000,0.4654122536146143,0.16127,10,410,0.5,3,1,0.44,0,1,0
USR5698,60,3,35192,46,52521,300000,1.4924130484200955,0.17507,8,137,0.72,2,0,0.63,1,1,0
USR9048,62,2,55748,260,43855,200000,0.7866649924660974,0.219275,4,446,0.14,2,0,0.49,1,1,0
USR8954,28,1,31069,72,39668,100000,1.2767710579677491,0.39668,5,668,0.37,0,1,0.49,1,0,0
USR7265,65,1,50817,119,7066,300000,0.1390479563925458,0.023553333333333332,1,194,0.54,0,0,0.06,0,0,0
USR8053,29,3,22893,34,11604,300000,0.5068798322631372,0.03868,0,640,0.83,2,0,0.99,0,0,0
USR3785,43,1,11215,285,7998,200000,0.7131520285332145,0.03999,5,506,0.36,2,0,0.37,0,0,0
USR6673,21,3,18133,362,23360,100000,1.2882589753488116,0.2336,19,108,0.7,3,1,0.64,1,0,0
USR2225,18,0,28875,260,10914,200000,0.37797402597402596,0.05457,12,659,0.86,3,1,0.88,0,1,0
USR5894,37,1,14270,232,5427,100000,0.3803083391730904,0.05427,9,331,0.95,0,0,0.98,0,0,0
USR3472,35,0,51443,29,41650,200000,0.8096339638045993,0.20825,8,613,0.15,0,0,0.86,1,0,0
USR5369,37,4,21073,31,18833,300000,0.8937028424998814,0.06277666666666666,12,487,0.4,0,0,0.95,0,0,0
USR3546,69,1,56508,297,30784,200000,0.5447724216040206,0.15392,8,582,0.76,2,1,0.73,0,0,0
USR1492,48,0,25227,285,64856,100000,2.5708962619415705,0.64856,6,115,0.1,0,0,0.3,2,0,0
USR6918,65,2,27579,207,6916,200000,0.2507705137967294,0.03458,11,233,0.49,1,0,0.46,0,0,0
USR7313,62,1,16902,60,13274,200000,0.7853508460537214,0.06637,1,8,0.08,3,0,0.57,1,1,0
USR3301,43,3,7044,180,12676,500000,1.7995457126632595,0.025352,19,287,0.39,1,1,0.29,0,1,0
USR9113,18,1,39085,195,32850,100000,0.8404758858897275,0.3285,13,429,0.12,1,0,0.01,1,1,0
USR8125,47,1,5104,40,4255,300000,0.8336598746081505,0.014183333333333333,11,463,0.23,2,0,0.75,1,0,0
USR5802,35,2,42397,79,71121,300000,1.6775007665636719,0.23707,11,700,0.16,1,0,0.62,0,0,0
USR8727,28,1,37376,277,63633,200000,1.7025096318493151,0.318165,0,601,0.33,1,0,0.49,0,0,0
USR6473,33,2,38003,40,26476,500000,0.6966818409072968,0.052952,10,185,0.58,0,0,0.78,1,0,0
USR2128,51,3,48989,157,57886,500000,1.1816121986568413,0.115772,0,563,0.27,0,0,0.65,1,0,0
USR6593,65,1,40353,46,26729,500000,0.6623795009045176,0.053458,2,159,0.47,3,0,0.95,2,0,0
USR6486,64,4,6460,45,9155,300000,1.4171826625386996,0.030516666666666668,4,330,0.28,0,0,0.75,0,0,0
USR9985,55,0,29774,161,36426,200000,1.2234164035735877,0.18213,18,593,0.47,1,0,0.82,0,0,0
USR7178,38,3,22751,141,11013,300000,0.4840666344336513,0.03671,9,109,0.62,0,1,0.21,1,1,0
USR3623,19,0,8784,195,6020,500000,0.6853369763205829,0.01204,11,225,0.12,2,0,0.95,1,0,0
USR6923,54,1,45407,245,88944,100000,1.958816922500936,0.88944,1,283,0.21,2,0,0.48,1,0,0
USR5488,67,2,20281,4,23629,300000,1.1650806173265618,0.07876333333333334,2,175,0.38,0,0,0.01,1,1,0
USR3853,49,2,17655,287,20686,300000,1.1716794109317474,0.06895333333333334,0,333,0.85,1,0,0.63,1,0,0
USR7412,65,1,11663,15,18091,300000,1.5511446454600017,0.060303333333333334,3,205,0.17,0,0,0.31,2,1,0
USR7654,67,0,48280,256,70606,500000,1.462427506213753,0.141212,13,525,0.95,2,1,0.9,0,0,0
USR8257,18,2,14947,159,16591,200000,1.1099886264802301,0.082955,13,469,0.35,0,0,0.51,0,0,0
USR6498,37,2,36568,106,46694,300000,1.2769087726974404,0.15564666666666666,10,401,0.12,0,0,0.22,0,0,0
USR7138,53,2,51041,134,55699,100000,1.0912599674771262,0.55699,9,342,0.68,3,1,0.25,2,0,0
USR5200,25,3,52558,241,72202,300000,1.3737585144031357,0.24067333333333332,9,576,0.22,0,0,0.15,0,0,0
USR8313,44,2,11303,38,13057,100000,1.15518004069716,0.13057,5,581,0.14,0,0,0.56,2,1,0
USR7925,36,2,57620,115,38508,100000,0.6683096147171121,0.38508,6,50,0.9,0,0,0.43,2,0,0
USR5817,43,2,22582,81,14550,500000,0.644318483748118,0.0291,1,694,0.75,1,0,0.63,0,0,0
USR6883,56,2,59544,252,128895,500000,2.164701733172108,0.25779,9,665,0.27,1,0,0.97,1,0,0
USR8323,38,4,11803,20,19579,100000,1.6588155553672794,0.19579,5,575,0.72,0,1,0.18,0,0,0
USR2309,42,0,24832,237,27354,100000,1.1015625,0.27354,7,188,0.21,1,0,0.43,0,0,0
USR5234,59,3,6708,254,15094,300000,2.250149075730471,0.050313333333333335,7,580,0.32,0,0,0.79,0,1,1
USR2942,62,3,24255,45,30628,300000,1.2627499484642342,0.10209333333333333,12,78,0.11,0,0,0.94,0,1,0
USR4609,23,1,20744,244,46884,100000,2.260123409178558,0.46884,2,153,0.96,0,1,0.27,0,1,1
USR2792,56,2,21616,187,27116,100000,1.254441154700222,0.27116,3,198,0.37,0,0,0.43,0,0,0
USR6778,64,4,51523,317,89999,100000,1.7467732857170584,0.89999,7,567,0.42,1,0,0.14,1,0,0
USR2138,22,2,9661,101,11601,500000,1.200807369837491,0.023202,13,335,0.01,0,0,0.23,1,0,0
USR4483,29,4,46741,164,57867,300000,1.2380351297576004,0.19289,9,234,0.19,2,0,0.9,0,0,0
USR6452,34,4,43701,364,4937,200000,0.11297224319809615,0.024685,14,374,0.13,0,0,0.13,2,1,0
USR1887,22,4,31685,17,13108,200000,0.41369733312292883,0.06554,22,468,0.97,1,1,0.02,1,0,0
USR8952,37,1,30740,171,54796,200000,1.7825634352635003,0.27398,3,147,0.86,3,1,0.78,1,0,0
USR3489,43,2,55664,88,58344,200000,1.0481460189709686,0.29172,7,581,0.52,1,1,0.06,2,0,0
USR2930,29,2,26747,272,35889,200000,1.34179534153363,0.179445,8,44,0.8,1,0,0.62,0,1,0
USR8604,36,3,54929,76,1000,300000,0.01820531959438548,0.0033333333333333335,17,318,0.04,0,0,0.36,1,0,0
USR1371,28,0,46124,329,16286,100000,0.3530916659439771,0.16286,1,653,0.13,1,0,0.89,1,0,0
USR1983,31,1,53469,200,30428,500000,0.5690774093399914,0.060856,7,78,0.71,3,0,0.2,0,0,0
USR4444,37,5,16836,26,16532,200000,0.9819434545022571,0.08266,12,593,0.55,0,0,0.44,2,1,0
USR9777,53,0,14005,213,11181,500000,0.7983577293823635,0.022362,9,693,0.7,0,0,0.24,0,1,0
USR8596,46,0,13870,1,17862,500000,1.2878154289834174,0.035724,14,347,0.66,2,0,0.88,2,0,0
USR6304,70,1,49307,98,23128,500000,0.46906118806660313,0.046256,6,60,0.7,0,1,0.85,0,0,0
USR2229,33,1,19459,21,5474,200000,0.2813094198057454,0.02737,0,587,0.04,0,0,0.91,1,0,0
USR2711,50,3,26239,9,46265,500000,1.7632150615496018,0.09253,0,304,0.07,1,0,0.37,2,0,0
USR4588,59,0,32081,70,43679,500000,1.3615223964340264,0.087358,12,297,0.93,2,1,0.96,2,0,0
USR2240,47,3,23752,307,23485,300000,0.9887588413607276,0.07828333333333333,5,387,0.44,3,0,0.07,0,0,0
USR2942,41,3,25791,18,17464,100000,0.6771354348416114,0.17464,2,397,0.72,0,0,0.97,2,1,0
USR2089,50,4,43752,5,68792,500000,1.5723166940939843,0.137584,2,6,0.65,0,0,0.55,1,0,0
USR1891,60,0,21351,235,31428,100000,1.471968526064353,0.31428,1,484,0.6,3,0,0.31,0,0,0
USR8148,33,3,42039,136,34689,500000,0.8251623492471276,0.069378,14,468,0.74,1,0,0.67,1,1,0
USR8917,32,2,12098,25,8485,200000,0.7013555959662754,0.042425,7,460,0.2,1,1,0.05,1,1,0
USR6837,63,2,50805,330,83150,200000,1.6366499360299183,0.41575,5,537,0.52,0,0,0.65,2,0,0
USR6397,52,3,39045,183,35221,100000,0.9020617236521962,0.35221,3,398,0.57,3,0,0.39,0,1,0
USR3437,44,0,20682,202,19465,300000,0.9411565612609999,0.06488333333333333,5,511,0.5,1,1,0.11,1,0,0
USR6156,33,6,34970,56,30005,500000,0.8580211609951387,0.06001,9,178,0.01,0,0,0.44,1,1,0
USR6937,63,3,7524,284,6817,200000,0.9060340244550771,0.034085,16,590,0.04,0,0,0.65,2,0,0
USR7454,40,1,23225,66,11768,200000,0.5066953713670613,0.05884,16,378,0.63,2,0,0.02,2,0,0
USR3479,57,5,43181,11,55245,500000,1.2793821356615178,0.11049,1,83,0.95,1,0,0.87,0,0,0
USR6691,32,0,50999,280,116740,200000,2.289064491460617,0.5837,10,79,0.64,0,0,0.36,0,0,0
USR4772,42,1,55926,55,75793,300000,1.3552372778314201,0.25264333333333333,6,403,0.52,1,0,0.58,1,1,0
USR8697,32,3,36345,39,39199,100000,1.078525244187646,0.39199,7,70,0.25,1,0,0.32,0,0,0
USR8790,38,2,40234,61,31290,200000,0.7777004523537306,0.15645,11,340,0.0,1,0,0.08,1,0,0
USR4444,31,1,56053,43,99408,100000,1.7734643997645085,0.99408,1,516,0.96,3,0,0.69,0,0,0
USR2729,28,4,36509,21,66534,200000,1.8223999561751896,0.33267,3,323,0.89,2,0,0.07,0,0,0
USR6665,60,3,39037,4,24725,300000,0.6333734661987346,0.08241666666666667,4,157,0.78,2,0,0.78,0,0,0
USR3617,49,1,57514,216,16879,300000,0.2934763709705463,0.05626333333333333,1,661,0.4,1,0,0.29,2,1,0
USR9357,62,2,8045,243,1000,200000,0.12430080795525171,0.005,11,316,0.97,1,1,0.43,0,0,0
USR1447,51,0,27813,80,8099,300000,0.2911947650379319,0.026996666666666665,6,507,0.07,0,0,0.14,0,1,0
USR6445,18,1,19773,29,5622,300000,0.2843271127294796,0.01874,0,624,0.34,1,1,0.12,2,0,0
USR3495,25,0,42858,297,38785,300000,0.9049652340286528,0.12928333333333333,12,472,0.11,1,0,0.21,0,1,0
USR6774,68,3,6695,122,6249,200000,0.9333831217326363,0.031245,0,485,0.47,2,0,0.4,0,0,0
USR4095,64,3,48237,208,34643,100000,0.7181831374256277,0.34643,8,544,0.75,0,0,0.73,2,1,0
USR7026,26,1,21012,222,27990,500000,1.3320959451741863,0.05598,5,18,0.63,1,0,0.35,2,1,0
USR7461,48,0,13556,43,16206,100000,1.1954853939215109,0.16206,17,487,0.92,1,0,0.13,0,1,0
USR9979,65,1,49746,358,56131,200000,1.1283520283037831,0.280655,5,331,0.41,3,0,0.79,0,1,0
USR2164,25,3,11127,11,11075,300000,0.9953266828435338,0.03691666666666667,1,674,0.18,3,0,0.18,1,0,0
USR8179,67,2,52835,157,40780,500000,0.7718368505725371,0.08156,1,632,0.38,1,1,0.77,0,0,0
USR1897,27,2,46171,275,15161,100000,0.3283662905286868,0.15161,0,379,0.62,0,0,0.81,0,0,0
USR4035,28,0,20059,276,19462,500000,0.9702377984944414,0.038924,6,404,0.11,1,0,0.44,2,1,0
USR7478,30,2,11079,130,11784,100000,1.0636339019767127,0.11784,12,195,0.14,1,0,0.73,1,1,0
USR7050,50,2,19008,63,26560,200000,1.3973063973063973,0.1328,11,699,0.38,3,0,0.81,0,1,0
USR7664,41,2,14859,88,3341,500000,0.22484689413823272,0.006682,10,269,0.05,3,1,0.78,0,1,0
USR6157,62,3,52451,355,17017,300000,0.3244361403977045,0.056723333333333334,5,627,0.82,1,0,0.46,1,0,0
USR5436,22,5,46871,268,100904,300000,2.152802372469117,0.3363466666666667,14,523,0.78,1,0,0.66,0,1,1
USR5193,37,4,14854,265,20232,500000,1.36205735828733,0.040464,8,152,0.65,0,0,0.81,0,0,0
USR3711,41,0,15549,204,32871,500000,2.1140266255064635,0.065742,11,146,0.74,0,1,0.38,2,0,0
USR1280,33,1,55301,31,88533,300000,1.6009294587801306,0.29511,8,76,0.9,2,1,0.03,0,0,0
USR2889,70,0,59571,122,77606,100000,1.3027479814003458,0.77606,3,152,0.81,0,0,0.98,1,0,0
USR7690,63,0,12742,274,9150,100000,0.7180976298854183,0.0915,4,435,0.01,1,0,0.83,2,0,0
USR7675,63,2,27579,348,43722,200000,1.5853366692048299,0.21861,4,118,0.06,0,0,0.33,0,0,0
USR5010,22,1,5084,24,7999,100000,1.5733674272226594,0.07999,12,428,0.76,0,0,0.84,0,0,0
USR6231,51,2,34705,262,30138,300000,0.8684051289439562,0.10046,0,276,0.25,0,0,0.85,2,1,0
USR4425,51,1,58135,253,75522,500000,1.2990797282188011,0.151044,4,332,0.81,2,0,0.41,2,0,0
USR4314,66,0,52388,327,50061,200000,0.9555814308620295,0.250305,5,669,0.14,0,0,0.92,0,0,0
USR3028,66,3,16035,37,11413,100000,0.7117555347676957,0.11413,0,691,0.94,1,0,0.58,2,0,0
USR8166,25,2,13746,35,3127,200000,0.22748435908627965,0.015635,5,400,0.11,0,0,0.98,1,0,0
USR8471,25,2,41292,314,42680,100000,1.033614259420711,0.4268,10,89,0.67,1,0,0.21,2,0,0
USR8353,47,1,51577,160,65220,200000,1.2645171297283673,0.3261,8,106,0.36,0,1,0.91,0,0,0
USR4351,66,2,40657,200,21018,100000,0.5169589492584303,0.21018,4,238,0.47,1,1,0.5,1,0,0
USR5886,68,1,19271,235,23559,500000,1.222510508017228,0.047118,1,168,0.35,3,1,0.69,2,0,0
USR7768,69,3,19796,316,51810,100000,2.6171953930086884,0.5181,2,647,0.29,0,0,0.51,0,1,0
USR8415,70,0,28365,227,13394,200000,0.47220165697162,0.06697,4,340,0.52,3,1,0.43,1,0,0
USR9747,21,7,49133,69,27735,200000,0.5644882258359962,0.138675,9,555,0.55,0,0,0.1,2,1,0
USR9349,24,2,14607,180,1000,300000,0.0684603272403642,0.0033333333333333335,12,110,0.99,1,0,0.79,1,0,0
USR6437,24,1,55177,183,49280,500000,0.8931257589212896,0.09856,7,672,0.07,3,0,0.06,0,0,0
USR3058,58,2,54559,200,37087,300000,0.6797595263842813,0.12362333333333334,8,326,0.35,1,0,0.19,1,0,0
USR7731,28,5,33074,184,22216,200000,0.6717058716816835,0.11108,10,228,0.72,3,0,0.84,2,1,0
USR3331,30,1,39619,266,37603,500000,0.9491153234559176,0.075206,5,128,0.86,2,0,0.61,0,0,0
USR1580,30,4,27126,260,27384,500000,1.0095111700951116,0.054768,0,28,0.42,1,1,0.39,0,0,0
USR3355,30,2,52815,321,26903,500000,0.5093818044116255,0.053806,5,266,0.01,3,0,0.38,2,1,0
USR1018,29,0,45888,160,86427,100000,1.8834335774058577,0.86427,20,303,0.11,0,0,0.93,1,0,0
USR8237,52,2,45529,81,7365,500000,0.16176502888269015,0.01473,7,35,0.8,0,0,0.75,1,0,0
USR3919,18,1,34621,224,11840,200000,0.3419889662343664,0.0592,0,681,0.92,2,0,0.18,2,1,0
USR4276,32,1,19976,154,57647,500000,2.8858129755706847,0.115294,20,183,0.38,3,0,0.06,2,0,0
USR1056,68,1,14097,27,24788,300000,1.758388309569412,0.08262666666666667,0,228,0.69,1,0,0.09,2,0,0
USR5765,44,2,59746,292,23801,200000,0.39836976533993906,0.119005,5,188,0.02,2,0,0.63,0,0,0
USR6833,59,4,51867,151,96913,300000,1.8684905623999846,0.32304333333333335,1,617,0.64,1,0,0.36,0,0,0
USR1362,47,4,48714,314,23022,300000,0.472595147185614,0.07674,9,503,0.28,2,0,0.18,0,0,0
USR9396,67,6,37550,16,49012,200000,1.3052463382157125,0.24506,0,52,0.4,2,0,0.83,0,0,0
USR1124,19,4,52027,173,62210,500000,1.1957252964806735,0.12442,2,208,0.39,0,0,0.0,2,0,0
USR4751,68,0,24588,154,9941,100000,0.4043029119895884,0.09941,24,6,0.43,1,1,0.41,0,0,0
USR8889,19,1,57730,312,41712,200000,0.7225359431837866,0.20856,6,392,0.05,0,0,0.57,0,1,0
USR4551,43,1,25563,60,7569,300000,0.296092007980284,0.02523,3,327,0.51,0,0,0.67,0,0,0
USR2082,40,2,44688,32,91262,500000,2.0422037235947013,0.182524,6,339,0.18,1,1,0.69,2,0,0
USR9808,67,2,30536,150,33778,200000,1.106169766832591,0.16889,8,226,0.6,0,0,0.26,1,0,0
USR5646,23,2,14016,107,1000,500000,0.07134703196347032,0.002,12,33,0.78,0,1,0.14,1,0,0
USR5714,49,5,34804,363,54380,200000,1.5624640845879785,0.2719,1,686,0.75,0,0,0.77,0,0,0
USR9154,50,1,14068,173,11399,200000,0.8102786465737845,0.056995,1,311,0.09,0,0,0.96,1,0,0
USR1587,41,2,29615,257,1000,100000,0.03376667229444538,0.01,4,61,0.27,3,0,0.94,1,1,0
USR1657,55,7,45204,92,37197,100000,0.822869657552429,0.37197,0,181,0.31,1,0,0.36,2,0,0
USR4744,25,2,29032,314,27270,100000,0.9393083494075503,0.2727,0,589,0.56,0,0,0.85,0,1,0
USR7784,27,2,35198,206,25074,500000,0.7123700210239218,0.050148,10,354,0.45,3,0,0.1,1,0,0
USR4990,58,0,23511,303,11593,100000,0.4930883416273234,0.11593,0,672,0.56,0,1,0.2,0,0,0
USR9965,67,4,15412,158,8553,300000,0.5549571762263171,0.02851,12,8,0.82,0,0,0.02,0,1,0
USR8265,50,4,56783,83,93087,200000,1.639346283218569,0.465435,13,20,0.98,0,1,0.18,0,1,0
USR1530,33,4,14856,289,7487,500000,0.5039714593430263,0.014974,10,130,0.09,0,0,0.54,1,0,0
USR6778,18,5,21105,246,31695,300000,1.5017768301350392,0.10565,5,69,0.06,2,0,0.79,0,0,0
USR3595,54,0,31417,353,50516,500000,1.607919279371041,0.101032,10,282,0.88,1,0,0.96,0,0,0
USR1878,51,1,21761,273,3900,200000,0.17921970497679335,0.0195,1,692,0.71,1,1,0.25,0,0,0
USR6445,47,1,20920,61,26278,300000,1.2561185468451244,0.08759333333333333,4,212,0.95,0,0,0.81,0,0,0
USR4266,28,2,45475,71,50380,100000,1.107861462341946,0.5038,6,331,0.62,2,0,0.34,1,0,0
USR3561,23,3,51094,82,25790,100000,0.5047559400320977,0.2579,2,223,0.73,1,0,0.33,1,0,0
USR1986,26,1,55197,98,80878,500000,1.4652607931590484,0.161756,27,585,0.76,0,0,0.91,0,1,1
USR4411,29,2,52843,182,30793,500000,0.5827261888991919,0.061586,7,556,0.67,0,0,0.28,2,0,0
USR2886,31,1,15283,265,29004,100000,1.8977949355493031,0.29004,7,444,0.84,0,1,0.49,0,1,1
USR2979,43,3,27218,136,43557,200000,1.6003012712175766,0.217785,1,437,0.14,2,0,0.88,1,0,0
USR3778,55,3,21612,155,13257,200000,0.6134092171016102,0.066285,3,307,0.27,0,0,0.25,2,0,0
USR7925,58,3,21900,31,45288,300000,2.067945205479452,0.15096,14,619,0.63,0,0,0.73,0,0,0
USR8733,61,4,42920,245,31288,200000,0.7289841565703634,0.15644,12,486,0.15,1,0,0.86,2,0,0
USR8341,31,2,23043,121,20328,300000,0.8821767998958469,0.06776,0,504,0.08,3,1,0.83,1,1,0
USR3203,47,5,49583,123,57889,100000,1.1675170925518827,0.57889,2,590,0.44,0,0,0.23,0,0,0
USR7241,51,0,58096,162,126121,300000,2.170906774993115,0.42040333333333335,12,604,0.91,0,0,0.3,0,0,0
USR6255,38,0,19634,195,24777,200000,1.261943567281247,0.123885,6,256,0.05,0,0,0.53,2,1,0
USR3603,50,1,42355,113,57616,200000,1.3603116515169402,0.28808,10,154,0.44,1,0,0.55,2,0,0
USR5571,53,2,39622,291,4452,300000,0.11236181919135833,0.01484,15,136,0.41,3,0,0.71,2,0,0
USR9282,31,4,58499,166,52598,500000,0.8991264807945435,0.105196,5,483,0.67,0,0,0.6,1,0,0
USR7433,46,0,43589,328,10685,300000,0.2451306522287733,0.035616666666666665,26,329,0.4,1,0,0.21,0,0,0
USR2428,37,5,58607,315,78516,300000,1.3397034483935366,0.26172,5,147,0.98,0,0,0.81,1,0,0
USR3237,48,2,31463,175,51273,300000,1.6296284524679783,0.17091,9,155,0.16,2,1,0.71,0,0,0
USR8198,55,0,6106,106,5826,300000,0.9541434654438258,0.01942,0,412,0.63,3,0,0.23,0,0,0
USR5398,21,0,25979,204,28804,500000,1.1087416759690518,0.057608,0,621,0.0,0,0,0.79,2,0,0
USR8686,32,1,5463,339,9696,300000,1.7748489840746842,0.03232,8,231,0.89,0,0,0.41,0,0,0
USR3360,63,5,31166,70,37925,200000,1.2168709491112109,0.189625,6,582,0.66,0,0,0.13,1,0,0
USR9278,37,2,45362,141,5992,500000,0.1320929412283409,0.011984,16,629,0.11,0,1,0.57,1,0,0
USR2318,40,1,58394,95,88767,300000,1.5201390553824023,0.29589,12,246,0.6,2,0,0.11,1,0,0
USR7166,32,2,57552,242,67115,500000,1.1661627745343341,0.13423,10,410,0.31,0,1,0.88,1,0,0
USR8645,46,2,27871,254,7240,500000,0.25976821786085896,0.01448,13,146,0.71,1,1,0.67,1,0,0
USR4173,62,2,51278,248,11058,100000,0.2156480361948594,0.11058,8,695,0.89,0,0,0.84,1,0,0
USR8398,68,4,20921,339,3815,100000,0.18235266000669184,0.03815,0,330,0.35,0,1,0.93,2,0,0
USR1729,27,0,39572,327,67959,100000,1.7173506519761448,0.67959,4,203,0.26,2,0,0.28,0,0,0
USR8690,64,0,49628,81,6965,500000,0.14034416055452567,0.01393,3,34,0.46,1,1,0.85,1,0,0
USR5746,36,0,20208,62,1000,500000,0.04948535233570863,0.002,0,290,0.46,2,0,0.64,2,1,0
USR7923,38,2,44975,330,61378,500000,1.3647137298499166,0.122756,9,453,0.61,0,0,0.75,0,0,0
USR2120,52,6,17471,181,37290,100000,2.13439413885868,0.3729,13,552,0.46,0,0,0.76,2,0,1
USR8113,32,0,30914,197,56295,200000,1.821019602768972,0.281475,9,680,0.26,2,0,0.74,0,0,0
USR9073,68,2,14646,106,15348,100000,1.0479311757476444,0.15348,2,524,0.78,2,0,0.49,0,0,0
USR2984,66,0,58512,260,46645,200000,0.7971869018321028,0.233225,19,659,0.22,0,0,0.12,0,1,0
USR9990,62,1,5237,154,11070,300000,2.1138056139010883,0.0369,0,38,0.45,3,1,0.62,0,0,0
USR2027,47,3,9917,193,2321,500000,0.23404255319148937,0.004642,4,296,0.64,0,1,0.55,0,1,0
USR9546,33,4,57910,97,83254,500000,1.437644620963564,0.166508,7,605,0.64,0,0,0.58,1,1,0
USR5552,26,1,48881,228,81295,200000,1.6631206399214418,0.406475,12,99,0.35,0,0,0.47,2,0,0
USR5496,24,1,43988,75,47682,500000,1.0839774483950169,0.095364,11,411,0.2,3,1,0.02,2,0,0
USR4632,54,1,32108,342,61369,300000,1.911330509530335,0.20456333333333335,12,358,0.26,0,0,0.22,2,0,0
USR6362,21,3,37306,123,68732,100000,1.84238460301292,0.68732,2,55,0.49,2,0,0.97,2,0,0
USR1916,39,1,22829,21,13128,500000,0.575058040212011,0.026256,13,105,0.86,3,1,0.42,2,1,0
USR8294,60,2,44760,217,99515,100000,2.223302055406613,0.99515,4,372,0.89,1,0,0.98,0,0,1
USR5974,28,2,55103,304,33607,100000,0.6098941981380324,0.33607,10,269,0.76,0,0,0.63,0,0,0
USR4895,48,2,10987,358,3169,200000,0.28843178301629196,0.015845,4,332,0.2,1,1,0.04,0,1,0
USR6004,35,3,49843,346,73301,100000,1.4706378027004796,0.73301,1,105,0.67,2,1,0.18,1,0,0
USR9154,70,4,58472,104,33892,300000,0.5796278560678615,0.11297333333333333,20,109,0.97,1,0,0.81,1,0,0
USR3943,42,2,18293,158,27908,100000,1.5256108894112501,0.27908,4,439,0.95,3,0,0.78,0,0,0
USR5783,39,1,58474,288,66852,500000,1.143277354037692,0.133704,18,488,0.67,0,0,0.84,2,0,0
USR1218,35,1,23301,189,1000,500000,0.04291661302090039,0.002,4,266,0.55,0,0,0.6,0,0,0
USR2445,58,1,17965,244,23115,300000,1.2866685221263567,0.07705,7,249,0.81,1,1,0.45,1,1,0
USR5161,70,5,54198,236,40310,300000,0.7437543820805196,0.13436666666666666,3,611,0.93,1,1,0.7,2,0,0
USR6410,35,2,14862,199,16082,100000,1.0820885479747007,0.16082,3,563,0.65,2,0,0.73,0,1,0
USR1410,34,1,23143,327,51165,500000,2.2108196862982328,0.10233,4,378,0.73,0,1,0.61,1,0,0
USR1850,69,1,10646,239,6347,100000,0.596186361074582,0.06347,1,293,0.58,0,0,0.7,0,0,0
USR5846,18,0,42265,184,30671,300000,0.7256831894002129,0.10223666666666667,5,472,0.39,1,0,0.55,2,0,0
USR1640,20,0,58878,120,1000,300000,0.0169842725636061,0.0033333333333333335,4,259,0.97,3,0,0.38,2,0,0
USR2161,65,2,55415,49,100638,500000,1.8160786790580168,0.201276,2,668,0.28,0,1,0.74,1,1,1
USR5676,44,6,28065,301,28329,300000,1.0094067343666489,0.09443,8,509,0.59,0,0,0.45,2,0,0
USR8278,49,0,19722,320,19292,200000,0.9781969374302809,0.09646,1,284,0.24,2,0,0.05,1,0,0
USR6771,64,2,59337,154,37393,100000,0.630180157406003,0.37393,13,561,0.72,1,1,0.11,2,0,0
USR7521,22,2,23435,63,48543,100000,2.07138894815447,0.48543,2,665,0.15,1,0,0.92,0,0,0
USR8519,53,3,6909,122,4023,500000,0.5822839774207555,0.008046,1,380,0.34,0,1,0.48,1,0,0
USR5439,47,1,42463,40,36552,500000,0.8607964580929279,0.073104,0,587,0.62,3,0,1.0,1,0,0
USR2987,69,1,47329,71,52805,100000,1.1157007331657123,0.52805,8,509,0.58,0,0,0.34,1,0,0
USR8958,58,1,38043,214,1000,500000,0.026286044738848144,0.002,4,636,0.7,2,0,0.49,1,1,0
USR3244,39,0,17976,159,38736,300000,2.1548731642189587,0.12912,4,450,0.6,0,0,0.51,1,1,0
USR6297,39,6,41462,277,75663,300000,1.82487578987989,0.25221,16,695,0.67,0,0,0.71,1,0,1
USR8912,47,2,27549,198,13748,100000,0.49903807760717267,0.13748,0,612,0.19,1,1,0.41,1,0,0
USR4873,38,2,38938,168,83378,100000,2.141301556320304,0.83378,14,303,0.79,1,1,0.07,0,0,0
USR3030,54,0,57367,248,80505,500000,1.4033329265954295,0.16101,3,596,0.1,0,1,0.45,0,0,0
USR6494,45,1,26585,209,51794,200000,1.948241489561783,0.25897,13,349,0.23,1,1,0.92,1,0,0
USR2618,61,1,20226,313,33689,500000,1.6656283990902798,0.067378,3,29,0.86,1,0,0.26,0,1,0
USR6241,36,4,11032,254,10483,200000,0.9502356780275562,0.052415,13,497,0.5,1,0,0.93,0,0,0
USR9732,67,2,41154,182,39248,100000,0.9536861544442824,0.39248,15,381,0.04,0,1,0.55,0,0,0
USR8410,52,1,40924,236,50382,300000,1.2311113283159028,0.16794,5,61,0.94,3,0,0.69,1,0,0
USR8291,32,2,40135,189,36737,500000,0.9153357418711847,0.073474,4,46,0.3,3,1,0.87,0,0,0
USR5660,30,2,10057,201,6016,200000,0.598190315203341,0.03008,5,578,0.36,0,1,0.64,1,0,0
USR9245,53,1,46352,284,95421,200000,2.0586166724197446,0.477105,5,80,0.85,0,0,0.09,2,0,0
USR5117,44,2,8783,242,4717,200000,0.5370602299897529,0.023585,9,549,0.42,0,0,0.84,0,1,0
USR9518,50,2,49127,119,23652,300000,0.48144604799804586,0.07884,12,541,0.83,0,1,0.4,0,0,0
USR9116,60,2,57178,70,58102,500000,1.0161600615621393,0.116204,8,381,0.19,1,0,0.17,2,0,0
USR8861,23,2,31771,350,1000,200000,0.0314752447200277,0.005,12,535,0.25,0,0,0.02,0,0,0
USR2948,39,1,14813,310,9967,200000,0.6728549247282792,0.049835,1,418,0.27,1,0,0.28,0,1,0
USR2291,65,1,25783,225,36759,200000,1.4257068611100336,0.183795,5,66,0.18,0,0,0.4,0,0,0
USR4029,38,5,23481,135,3827,300000,0.1629828371875133,0.012756666666666666,3,562,0.53,0,0,0.25,1,0,0
USR1934,54,3,40928,310,24078,200000,0.5883014073494918,0.12039,5,575,0.74,0,0,0.25,0,0,0
USR9428,19,3,17737,265,25076,100000,1.4137678299599707,0.25076,4,178,0.1,1,1,0.77,2,0,0
USR4657,49,0,10224,305,6379,100000,0.6239241001564946,0.06379,5,12,0.76,0,0,0.53,1,0,0
USR2645,37,3,48785,127,43973,300000,0.9013631239110382,0.14657666666666666,17,117,0.75,2,0,0.21,0,0,0
USR8063,44,0,45036,181,50401,500000,1.1191269206856738,0.100802,1,7,0.75,1,0,0.03,0,0,0
USR2731,23,1,11515,184,14863,100000,1.2907511940946592,0.14863,15,323,0.73,1,0,0.9,1,0,0
USR2863,32,2,41409,265,57804,300000,1.395928421357676,0.19268,4,439,0.8,2,1,0.6,2,1,0
USR2512,70,4,41676,338,18297,500000,0.4390296573567521,0.036594,6,456,0.85,1,0,0.53,1,0,0
USR9099,47,1,7715,98,8184,200000,1.060790667530784,0.04092,2,300,0.11,0,0,0.28,0,0,0
USR1932,56,2,50615,131,24540,200000,0.48483651091573643,0.1227,3,36,0.57,3,0,0.76,2,0,0
USR4416,27,1,48547,73,73948,100000,1.5232249160607247,0.73948,24,498,0.8,3,0,0.49,1,0,0
USR5720,69,1,26947,91,32475,300000,1.2051434296953278,0.10825,11,481,0.39,3,0,0.16,2,0,0
USR4558,63,4,24789,95,27324,200000,1.1022631005688006,0.13662,18,159,0.29,2,1,0.15,2,1,0
USR8228,53,2,12334,340,1000,100000,0.08107669855683476,0.01,4,187,0.46,1,1,0.88,2,0,0
USR8109,69,2,14432,332,3324,300000,0.23032150776053215,0.01108,13,686,0.35,1,0,0.9,0,0,0
USR2302,28,3,17617,197,20610,100000,1.1698927172617357,0.2061,11,631,0.85,0,0,1.0,1,0,0
USR6116,39,3,36798,92,1000,100000,0.027175389966846025,0.01,2,657,0.75,0,0,0.91,0,0,0
USR7821,18,1,44860,219,45140,500000,1.0062416406598307,0.09028,11,339,0.05,1,1,0.57,0,0,0
USR4105,36,1,29405,160,54900,100000,1.867029416765856,0.549,6,162,0.35,0,1,0.47,0,0,0
USR3871,45,3,32178,338,25921,500000,0.8055503760333147,0.051842,11,421,0.33,1,1,0.0,1,0,0
USR7016,42,2,40313,43,75038,200000,1.8613846649964032,0.37519,2,341,0.25,1,0,0.77,2,0,0
USR6750,66,3,46675,280,19930,300000,0.42699517943224424,0.06643333333333333,12,97,0.68,3,0,0.5,0,0,0
USR2682,43,0,32739,99,36763,300000,1.122911512263661,0.12254333333333334,2,40,0.65,3,0,0.49,1,1,0
USR5097,43,2,40779,149,40472,200000,0.9924716152921848,0.20236,1,264,0.38,0,0,0.53,0,0,0
USR5519,21,1,27561,325,9366,300000,0.3398280178513116,0.03122,23,449,0.47,1,0,0.27,2,0,0
USR5695,26,3,11240,326,15753,100000,1.4015124555160143,0.15753,6,266,0.64,0,0,0.82,1,0,0
USR8576,38,1,49979,99,89593,500000,1.792612897416915,0.179186,2,77,0.41,0,0,0.24,1,0,0
USR9773,62,3,41746,157,31561,500000,0.75602452929622,0.063122,0,622,0.9,1,1,0.41,1,0,0
USR1973,31,2,22756,118,1604,200000,0.07048690455264546,0.00802,1,228,0.55,0,0,0.78,0,0,0
USR7001,47,4,47887,38,1000,500000,0.02088249420510786,0.002,8,415,0.57,0,1,0.04,0,0,0
USR8078,42,1,52074,249,83561,300000,1.6046587548488689,0.27853666666666665,2,426,0.4,0,0,0.07,2,0,0
USR4530,44,2,55719,24,37891,100000,0.6800373301746262,0.37891,0,635,0.57,3,1,0.96,0,1,0
USR7370,44,2,48765,365,39527,100000,0.81056085307085,0.39527,23,101,0.97,1,1,0.1,2,0,0
USR2358,70,0,22452,66,41436,500000,1.8455371459112775,0.082872,3,248,0.63,3,1,0.03,1,0,0
USR9999,18,2,6970,269,5305,200000,0.7611190817790531,0.026525,3,134,0.86,1,1,0.64,1,0,0
USR2215,32,3,22834,4,7821,100000,0.34251554699132875,0.07821,2,653,0.31,0,1,0.48,0,0,0
USR8508,35,0,43407,358,66353,300000,1.5286244154168682,0.22117666666666666,3,238,0.35,1,0,0.72,2,0,0
USR6217,31,2,8874,12,6337,100000,0.7141086319585306,0.06337,16,265,0.47,1,0,0.93,0,1,0
USR6540,22,2,59528,209,100110,200000,1.681729606235721,0.50055,1,469,0.55,2,0,0.08,2,1,0
USR6757,61,3,40505,330,25964,200000,0.6410072830514751,0.12982,5,9,0.02,3,0,0.05,0,0,0
USR6679,22,3,58439,5,71834,300000,1.229213367785212,0.23944666666666667,0,633,0.6,0,0,0.05,2,1,0
USR5913,26,2,30729,276,33219,200000,1.0810309479644635,0.166095,1,36,0.85,1,1,0.32,2,1,0
USR6442,63,1,56396,111,98491,100000,1.746418185686928,0.98491,22,663,0.7,2,1,0.73,2,0,0
USR2663,40,3,11777,18,14168,300000,1.203022841131018,0.04722666666666667,4,278,0.43,2,0,0.32,0,1,0
USR8379,62,5,57141,82,77927,100000,1.3637668224217288,0.77927,0,114,0.61,0,0,0.22,2,0,0
USR3410,31,3,17236,14,16872,100000,0.9788814110002321,0.16872,2,670,0.62,0,0,0.99,0,0,0
USR1338,58,3,19364,113,16047,100000,0.8287027473662466,0.16047,12,326,0.92,3,0,0.99,0,1,0
USR6003,62,2,7772,114,15612,300000,2.0087493566649512,0.05204,3,155,0.98,0,0,0.19,0,1,1
USR5545,57,1,31527,351,56591,200000,1.7950011101595458,0.282955,15,590,0.32,1,0,0.95,1,0,0
USR9742,69,5,20490,306,24096,300000,1.1759882869692533,0.08032,9,313,0.42,2,1,0.72,0,0,0
USR1654,23,5,8250,96,5307,200000,0.6432727272727272,0.026535,3,86,0.43,3,0,0.71,0,0,0
USR1610,30,2,5764,109,5166,100000,0.8962526023594726,0.05166,12,336,0.09,0,0,0.2,0,0,0
USR6732,42,1,26581,308,30274,500000,1.1389338249125316,0.060548,19,328,0.36,3,0,0.19,2,0,0
USR9486,45,1,57595,61,58171,200000,1.010000868130914,0.290855,12,36,0.85,0,0,0.77,2,1,0
USR4139,30,1,54257,310,47470,500000,0.8749101498424167,0.09494,15,635,0.25,0,0,0.07,1,1,0
USR2299,25,3,39700,287,53047,500000,1.3361964735516372,0.106094,4,490,0.99,3,1,0.29,1,0,0
USR5908,54,2,51202,207,1000,200000,0.019530487090348034,0.005,3,285,0.83,0,0,0.09,1,1,0
USR6762,30,1,34834,151,64795,200000,1.8601079405178849,0.323975,2,578,0.89,1,1,0.48,0,1,1
USR5868,25,3,11839,253,19471,500000,1.6446490413041641,0.038942,7,54,0.51,2,0,0.86,0,1,0
USR3522,68,1,13274,236,10723,100000,0.8078197981015519,0.10723,2,299,0.42,1,0,0.58,0,0,0
USR6331,23,1,9095,214,9156,300000,1.0067069818581638,0.03052,11,341,0.7,3,1,0.9,2,0,0
USR3048,58,4,38926,19,10723,500000,0.27547140728561886,0.021446,1,46,0.93,1,0,0.65,1,0,0
USR5963,43,1,50380,188,14461,100000,0.2870385073441842,0.14461,9,604,0.9,0,0,0.28,0,0,0
USR2132,58,3,52849,151,84161,500000,1.592480463206494,0.168322,4,693,0.31,3,0,0.98,0,0,0
USR3900,39,4,30774,79,25889,200000,0.8412621043738221,0.129445,1,237,0.99,1,1,0.82,0,1,0
USR6017,59,4,37880,10,44829,300000,1.1834477296726504,0.14943,0,415,0.08,1,0,0.16,2,0,0
USR5733,19,4,46335,42,88066,500000,1.9006366677457645,0.176132,4,355,0.01,1,0,0.56,2,1,0
USR5137,35,0,18640,83,18827,500000,1.0100321888412016,0.037654,19,360,0.04,1,0,0.39,1,0,0
USR2406,42,2,27758,282,22729,100000,0.8188270048274371,0.22729,5,329,0.32,2,0,0.52,2,0,0
USR1509,62,0,44020,177,1000,500000,0.02271694684234439,0.002,2,672,0.67,1,1,0.77,0,0,0
USR5245,62,2,11731,259,9937,200000,0.8470718608814253,0.049685,3,326,0.5,3,0,0.83,0,0,0
USR4530,22,2,30200,200,1000,200000,0.033112582781456956,0.005,7,251,0.47,1,0,0.91,1,0,0
USR6540,48,2,38663,91,28967,500000,0.7492175982205209,0.057934,5,277,0.29,0,0,0.76,1,0,0
USR3033,37,4,41106,328,51455,100000,1.2517637327884008,0.51455,10,261,0.37,3,0,0.58,0,0,0
USR1902,31,2,29636,314,4734,100000,0.1597381562963963,0.04734,7,611,0.28,1,0,0.49,1,0,0
USR5457,35,3,37378,281,1000,200000,0.026753705388196266,0.005,12,315,0.19,0,0,0.81,1,0,0
USR1001,43,5,58479,278,42593,500000,0.7283469279570444,0.085186,4,308,0.93,0,0,0.3,2,0,0
USR9909,54,0,5083,22,3466,500000,0.6818807790674798,0.006932,2,64,0.42,2,1,0.19,1,0,0
USR5801,25,2,26130,100,47130,100000,1.8036739380022961,0.4713,27,284,0.99,0,0,0.62,0,0,1
USR8397,36,2,6912,248,7541,500000,1.0910011574074074,0.015082,2,139,0.34,0,1,0.55,2,0,0
USR4220,32,2,47473,46,21458,500000,0.45200429717944934,0.042916,1,29,0.62,0,0,0.68,0,0,0
USR3228,34,1,9119,48,19852,500000,2.1769930913477356,0.039704,2,524,0.62,0,0,0.77,0,0,0
USR7449,56,2,6341,297,2441,300000,0.38495505440782213,0.008136666666666667,13,317,0.44,0,0,0.11,0,0,0
USR7913,53,0,42082,146,13708,100000,0.32574497409818925,0.13708,1,581,0.42,2,0,0.33,0,0,0
USR9722,52,3,13238,62,13055,200000,0.9861761595407161,0.065275,5,26,0.79,0,1,0.53,1,0,0
USR5861,57,3,52647,307,70202,200000,1.3334472999411173,0.35101,5,10,0.03,1,0,0.04,2,0,0
USR7726,26,2,36904,23,78942,100000,2.1391177108172554,0.78942,6,121,0.84,1,1,0.08,0,0,0
USR7614,48,3,45639,268,60105,100000,1.3169657529744299,0.60105,6,697,0.01,0,1,0.73,2,0,0
USR6776,60,4,25744,282,48030,300000,1.8656774394033562,0.1601,2,103,0.16,3,0,0.56,0,0,0
USR2208,40,1,47051,273,50858,100000,1.0809122016535249,0.50858,4,647,0.44,0,0,0.67,0,0,0
USR8114,55,4,59739,133,59156,500000,0.9902408811664072,0.118312,11,355,0.78,1,1,0.57,1,0,0
USR4434,30,3,14692,14,21036,300000,1.4317996188401851,0.07012,7,110,0.4,3,0,0.94,0,1,0
USR4687,49,2,12080,62,23884,100000,1.9771523178807946,0.23884,1,494,0.56,0,1,0.29,0,0,0
USR7037,65,1,16050,236,12342,200000,0.7689719626168224,0.06171,3,90,0.26,0,0,0.53,1,1,0
USR3477,40,2,24612,3,4261,200000,0.17312692995286852,0.021305,21,302,0.84,1,0,0.91,2,1,0
USR4948,36,2,55154,188,5499,200000,0.09970265075969105,0.027495,8,411,0.85,2,0,0.45,0,0,0
USR4338,58,3,46017,323,67987,500000,1.4774322532976942,0.135974,7,466,0.04,0,0,0.79,0,0,0
USR1788,19,2,14791,239,14693,100000,0.9933743492664459,0.14693,3,525,0.15,3,0,0.69,0,0,0
USR2344,51,1,13454,44,6994,200000,0.5198453991378029,0.03497,12,222,0.32,1,0,0.02,2,0,0
USR7637,46,4,54409,192,70858,200000,1.302321307136687,0.35429,8,332,0.25,0,1,0.33,1,1,0
USR8430,33,1,10761,205,5196,200000,0.48285475327571786,0.02598,8,223,0.47,1,0,0.06,1,0,0
USR3152,56,2,42121,99,65876,300000,1.5639704660383182,0.21958666666666668,13,488,0.57,0,0,0.59,0,0,0
USR2601,29,2,15036,333,6208,500000,0.4128757648310721,0.012416,2,538,0.0,3,0,0.64,2,0,0
USR9441,67,2,22466,84,32644,200000,1.4530401495593341,0.16322,15,269,0.19,0,0,0.98,0,0,0
USR9938,21,2,38483,111,55842,100000,1.4510822960787881,0.55842,6,663,0.25,0,0,0.59,2,0,0
USR4648,46,0,56203,261,79833,500000,1.4204401900254435,0.159666,27,142,0.22,0,0,0.53,0,1,0
USR4210,34,1,31430,356,32124,100000,1.0220808145084315,0.32124,0,574,0.53,1,0,0.06,0,0,0
USR8116,21,0,6473,331,1553,100000,0.23991966630619496,0.01553,1,339,0.58,3,0,0.45,0,0,0
USR2802,67,3,9646,101,1740,100000,0.18038565208376528,0.0174,2,558,0.63,0,0,0.33,0,1,0
USR9785,32,1,48177,283,79393,300000,1.6479440396869875,0.26464333333333334,11,628,0.89,0,1,0.31,2,0,0
USR1570,21,1,32818,121,56333,500000,1.716527515387897,0.112666,2,297,0.56,0,0,0.34,0,0,0
USR5643,61,1,9963,26,11509,200000,1.155174144334036,0.057545,8,607,0.21,0,0,0.43,0,0,0
USR8526,58,1,15420,253,3248,500000,0.2106355382619974,0.006496,7,459,0.27,0,0,0.57,2,0,0
USR4728,19,4,19363,137,10016,500000,0.5172752156174146,0.020032,0,299,0.44,0,0,0.97,1,0,0
USR5080,41,2,33972,189,52466,200000,1.5443894972330154,0.26233,3,388,0.8,2,0,0.2,2,0,0
USR1441,58,5,30924,66,45612,100000,1.4749708963911525,0.45612,1,161,0.29,0,0,0.04,1,0,0
USR4807,30,4,37891,277,24345,100000,0.64250085772347,0.24345,8,173,0.62,0,1,0.98,2,0,0
USR5301,59,1,6806,275,4965,300000,0.7295033793711431,0.01655,20,87,0.26,0,0,0.02,0,0,0
USR8365,63,1,24123,38,5673,300000,0.2351697550055963,0.01891,1,684,0.93,0,0,0.27,0,1,0
USR6765,26,1,30235,283,14502,500000,0.4796427980816934,0.029004,3,316,0.0,2,0,0.49,1,0,0
USR5819,43,1,37276,250,30185,300000,0.809770361626784,0.10061666666666666,14,24,0.39,3,1,0.81,0,0,0
USR1074,63,2,13419,35,12536,100000,0.9341977792682018,0.12536,7,560,0.74,0,1,0.32,0,1,0
USR3364,37,0,15087,316,23749,100000,1.5741366739577118,0.23749,18,338,0.44,1,1,0.75,0,0,0
USR4343,62,3,52470,41,62694,300000,1.1948542024013722,0.20898,3,211,0.09,2,0,0.89,0,0,0
USR7681,22,3,49416,48,74025,500000,1.4979966002914036,0.14805,8,313,0.18,2,0,0.06,0,1,0
USR2659,33,2,5606,47,2535,100000,0.45219407777381376,0.02535,11,227,0.3,0,0,0.81,2,0,0
USR6319,21,5,59472,320,88109,300000,1.4815207156308852,0.29369666666666666,19,48,0.64,3,0,0.52,0,0,0
USR8251,20,3,28219,15,38560,500000,1.3664552252028774,0.07712,15,181,0.44,0,1,0.26,0,0,0
USR6528,55,3,44450,277,31864,100000,0.7168503937007874,0.31864,8,49,0.14,0,1,0.36,0,0,0
USR8349,34,3,30701,126,21676,300000,0.7060356340184358,0.07225333333333334,3,48,0.37,0,0,0.12,0,1,0
USR7521,66,1,55095,148,53778,300000,0.9760958344677375,0.17926,11,207,0.86,3,0,0.73,0,0,0
USR4142,26,2,44542,107,17847,100000,0.4006780117641776,0.17847,0,117,0.8,3,0,0.04,1,0,0
USR7643,46,1,16357,26,20942,500000,1.28030812496179,0.041884,13,11,0.55,0,0,0.27,0,0,0
USR8732,46,5,43493,179,51495,300000,1.1839836295495827,0.17165,11,419,0.4,0,0,0.19,1,0,0
USR5227,30,2,27062,359,34379,100000,1.2703791294065478,0.34379,11,549,0.15,0,1,0.02,0,0,0
USR1361,23,0,15409,315,7963,500000,0.5167759101823609,0.015926,6,601,0.07,0,0,0.4,1,0,0
USR2670,36,4,20936,145,23007,200000,1.0989205196790217,0.115035,11,577,0.38,3,0,0.72,0,0,0
USR3934,46,3,13670,170,17983,100000,1.315508412582297,0.17983,5,582,0.52,1,0,0.99,0,0,0
USR8665,37,2,54241,152,51732,200000,0.953743478180712,0.25866,2,274,0.9,3,0,0.6,0,0,0
USR2565,31,4,43775,234,92887,500000,2.121918903483724,0.185774,12,461,0.65,0,0,0.57,0,0,0
USR5468,35,4,59843,344,44301,300000,0.7402870845378741,0.14767,1,192,0.66,1,0,0.48,1,0,0
USR3971,57,1,23049,99,16397,500000,0.711397457590351,0.032794,4,348,0.81,0,0,0.24,0,0,0
USR6041,32,3,56955,118,93537,200000,1.642296549907822,0.467685,2,644,0.22,0,0,0.42,2,0,0
USR3710,26,4,30109,283,19493,100000,0.6474143943671328,0.19493,8,309,0.98,0,0,0.75,1,0,0
USR8659,60,1,35997,293,25769,200000,0.7158652109898047,0.128845,1,400,0.3,2,0,0.53,0,0,0
USR3220,58,1,7081,351,1172,200000,0.16551334557265923,0.00586,5,481,0.43,0,0,0.36,2,0,0
USR7960,21,2,52172,18,35423,200000,0.6789657287433872,0.177115,3,335,0.25,0,1,0.02,2,0,0
USR5617,22,1,51107,6,61128,100000,1.1960788150351225,0.61128,1,257,0.14,1,0,0.77,2,0,0
USR4600,62,3,7477,161,6753,200000,0.9031697204761268,0.033765,5,282,0.1,1,1,0.57,1,0,0
USR3298,62,2,6382,207,8434,300000,1.321529301159511,0.028113333333333334,9,127,0.53,1,0,0.85,1,0,0
USR2017,30,3,46467,194,84080,200000,1.8094561731981837,0.4204,15,239,0.21,1,0,0.54,0,0,0
USR3315,50,2,26824,244,16938,500000,0.6314494482552938,0.033876,19,483,0.18,1,0,0.49,1,1,0
USR2986,19,4,44245,317,22142,300000,0.5004407277658492,0.07380666666666667,1,62,0.96,0,0,0.3,1,1,0
USR1674,55,3,51054,246,50163,200000,0.9825478904689152,0.250815,6,565,0.59,1,0,0.82,1,0,0
USR5378,68,3,21844,101,24000,100000,1.0986998718183483,0.24,0,448,0.38,1,0,0.88,0,0,0
USR4835,45,1,11341,88,12008,200000,1.0588131558063663,0.06004,2,428,0.59,2,1,0.19,0,0,0
USR4128,55,2,41358,138,29028,100000,0.701871463803859,0.29028,15,409,0.79,1,0,0.08,0,0,0
USR8207,19,1,39716,321,16183,300000,0.4074680229630376,0.053943333333333336,10,435,0.01,2,0,0.98,1,1,0
USR6727,35,2,42103,82,54459,100000,1.2934707740541054,0.54459,3,91,0.22,1,1,0.94,0,0,0
USR7678,20,1,10916,323,12651,200000,1.1589410040307806,0.063255,14,162,0.9,2,1,0.9,0,0,0
USR7231,32,2,52188,268,51245,300000,0.9819307120410823,0.17081666666666667,1,72,0.29,2,0,0.47,0,1,0
USR3772,44,4,48139,200,96012,500000,1.994474334738985,0.192024,10,211,0.91,0,0,0.99,0,0,1
USR3279,69,0,33191,199,45529,100000,1.3717272754662408,0.45529,10,537,0.23,0,0,0.29,0,0,0
USR9466,21,0,38338,199,49810,200000,1.2992331368355157,0.24905,16,235,0.43,1,0,1.0,2,0,0
USR4154,19,4,10624,244,2268,500000,0.2134789156626506,0.004536,2,339,0.79,0,1,0.36,2,0,0
USR6380,41,2,17553,133,21352,500000,1.2164302398450408,0.042704,21,70,0.31,1,0,0.14,1,1,0
USR7130,61,1,11474,31,10170,500000,0.886351751786648,0.02034,0,188,0.78,0,0,0.85,1,0,0
USR4816,63,2,18892,340,11121,300000,0.5886618674571247,0.03707,4,192,0.37,0,0,0.36,0,0,0
USR2785,18,4,37491,115,30244,500000,0.8067002747326025,0.060488,8,535,0.61,2,0,0.01,1,0,0
USR8140,43,3,14727,328,1000,200000,0.06790249202145719,0.005,11,368,0.9,3,1,0.64,1,0,0
USR6090,28,3,32922,289,50602,500000,1.5370269120952555,0.101204,11,596,0.92,0,1,0.98,0,0,0
USR3546,28,0,56203,3,89918,300000,1.5998790100172589,0.29972666666666664,7,196,0.72,2,1,0.54,0,0,0
USR4302,38,4,40913,159,3805,300000,0.09300222423190672,0.012683333333333333,5,218,0.0,1,0,0.81,2,0,0
USR1872,34,5,8742,197,6583,200000,0.7530313429421185,0.032915,2,623,0.24,2,1,0.48,2,0,0
USR5888,56,3,27005,272,31507,300000,1.1667098685428625,0.10502333333333333,13,148,0.51,3,0,0.23,0,0,0
USR1896,27,1,17371,316,26386,100000,1.5189683956018651,0.26386,1,449,0.39,3,0,0.8,2,0,0
USR1237,65,0,15457,2,12217,200000,0.7903862327747946,0.061085,7,249,0.33,1,0,0.35,0,1,0
USR3431,48,2,6212,217,6862,500000,1.104636188023181,0.013724,2,308,0.12,0,0,0.2,2,0,0
USR8692,49,2,11489,341,12151,300000,1.0576203324919489,0.040503333333333336,6,214,0.36,0,0,0.48,0,0,0
USR3328,49,1,10871,50,15573,500000,1.4325269064483488,0.031146,14,668,0.22,0,0,0.32,0,0,0
USR4262,52,4,15984,331,21822,500000,1.3652402402402402,0.043644,12,470,0.19,3,0,0.7,0,0,0
USR9854,38,5,27486,335,20879,200000,0.7596230808411555,0.104395,12,503,0.52,0,0,0.36,2,0,0
USR8349,32,2,12742,303,21221,200000,1.6654371370271543,0.106105,0,287,0.65,2,0,0.09,0,1,0
USR4392,31,4,31900,346,31499,200000,0.9874294670846395,0.157495,20,39,0.0,2,0,0.67,0,1,0
USR7720,18,3,26806,296,33456,300000,1.2480787883309707,0.11152,7,657,0.42,0,0,0.77,0,0,0
USR2405,38,2,35080,364,34565,200000,0.9853192702394526,0.172825,7,480,0.06,0,0,0.9,2,0,0
USR8832,68,1,49608,100,46521,300000,0.9377721335268505,0.15507,9,138,0.71,2,1,0.6,0,1,0
USR5480,56,0,34266,213,35473,100000,1.0352244207085741,0.35473,1,241,0.62,0,0,0.12,0,1,0
USR5633,26,3,22463,108,28860,500000,1.2847794150380627,0.05772,16,182,0.53,1,0,0.63,1,0,0
USR9619,23,2,46113,253,23003,500000,0.49883980656214083,0.046006,11,636,0.34,2,0,0.3,0,0,0
USR4598,67,3,49392,56,65765,300000,1.3314909297052153,0.21921666666666667,9,435,0.53,2,0,0.17,2,0,0
USR8234,54,1,54936,357,48427,300000,0.8815166739478666,0.16142333333333334,14,105,0.28,3,0,0.82,2,0,0
USR8309,65,3,7691,108,8829,200000,1.147965154076193,0.044145,1,458,0.06,1,0,0.44,0,0,0
USR9589,19,3,33812,352,19146,500000,0.566248669111558,0.038292,11,541,0.96,1,0,0.2,1,0,0
USR3413,46,0,47252,211,38055,500000,0.8053627359688479,0.07611,17,533,0.33,3,0,0.91,0,0,0
USR3405,29,1,42078,43,30188,200000,0.7174295356243168,0.15094,0,264,0.7,1,0,0.61,0,1,0
USR6747,66,5,9915,347,7332,300000,0.7394856278366112,0.02444,7,121,0.66,0,0,0.79,0,0,0
USR6584,35,1,45578,334,41931,500000,0.9199833252885163,0.083862,8,156,0.97,1,1,0.55,0,1,0
USR5118,56,4,21981,275,8803,200000,0.40048223465720395,0.044015,5,612,0.5,0,0,0.54,2,0,0
USR1797,33,0,30787,254,37615,100000,1.2217819209406569,0.37615,1,410,0.22,0,0,0.83,1,0,0
USR6572,43,3,35113,362,24965,200000,0.7109902315381768,0.124825,8,223,0.87,0,1,0.32,0,0,0
USR8015,61,0,19153,11,14788,200000,0.7720983657912599,0.07394,13,260,0.53,1,0,0.41,0,0,0
USR4330,66,0,10462,111,9323,100000,0.8911298030969222,0.09323,7,563,0.92,0,1,0.03,2,0,0
USR6691,18,0,42066,360,8922,300000,0.21209527884752533,0.02974,9,576,0.55,1,1,0.33,0,1,0
USR8418,62,0,35540,159,102526,300000,2.884805852560495,0.34175333333333335,0,681,0.8,2,0,0.81,2,1,1
USR9269,50,3,31279,109,24576,300000,0.7857028677387384,0.08192,3,89,0.97,0,0,0.24,0,1,0
USR7061,42,1,51034,159,54270,500000,1.0634087079202101,0.10854,4,137,0.62,1,0,0.86,0,1,0
USR3390,68,2,44245,167,16989,200000,0.38397559046219915,0.084945,3,431,0.61,0,1,0.14,0,0,0
USR1779,51,3,21948,164,22360,500000,1.0187716420630581,0.04472,17,649,0.61,1,0,0.61,0,0,0
USR6854,55,0,12704,212,15777,100000,1.2418923173803527,0.15777,14,170,0.14,0,1,0.17,0,0,0
USR7020,37,4,9251,69,1084,200000,0.11717652145713976,0.00542,5,633,0.06,0,0,0.65,1,0,0
USR7585,33,3,36740,3,26290,200000,0.7155688622754491,0.13145,4,201,0.48,2,0,0.48,2,0,0
USR8565,56,0,19809,316,16965,200000,0.8564288959563835,0.084825,2,245,0.74,2,0,0.54,0,0,0
USR1825,45,2,8295,212,10257,500000,1.2365280289330922,0.020514,10,43,0.72,0,0,0.87,2,0,0
USR5607,31,0,5595,179,8089,100000,1.4457551385165326,0.08089,10,553,0.84,0,0,0.41,0,0,0
USR8145,30,3,34688,70,10308,300000,0.2971632841328413,0.03436,0,387,0.96,1,1,0.98,2,0,0
USR2295,20,2,19451,179,4592,200000,0.2360804071770089,0.02296,12,61,0.23,0,0,0.24,0,0,0
USR1704,24,0,29509,269,14082,500000,0.47721034260734013,0.028164,19,389,0.92,0,1,0.23,0,0,0
USR7462,48,1,49765,232,78137,100000,1.5701195619411232,0.78137,14,394,0.23,2,0,0.33,0,1,0
USR6343,24,2,19886,147,30556,300000,1.5365583827818565,0.10185333333333334,0,16,0.58,1,0,0.27,0,0,0
USR4070,44,2,44905,336,36101,200000,0.8039416546041643,0.180505,8,148,0.65,1,0,0.6,0,0,0
USR1991,37,1,15972,235,28231,300000,1.7675306786877034,0.09410333333333333,9,149,0.51,0,1,0.12,2,0,0
USR6704,56,1,21430,234,9839,500000,0.45912272515165653,0.019678,27,546,0.86,1,0,0.18,0,1,0
USR8782,47,1,52820,192,105406,200000,1.9955698599015523,0.52703,8,168,0.33,2,1,0.64,0,0,0
USR2906,56,5,16993,115,15000,300000,0.882716412640499,0.05,1,276,0.49,1,0,0.09,2,0,0
USR1234,21,2,21281,353,20229,300000,0.9505662327898126,0.06743,8,559,0.69,0,0,0.18,2,0,0
USR9164,21,1,5246,248,8275,500000,1.5773922988943958,0.01655,8,454,0.27,0,0,0.91,0,0,0
USR7591,20,3,40407,214,64584,300000,1.5983369218204766,0.21528,10,498,0.25,0,0,0.17,1,0,0
USR9382,60,2,32398,167,31439,300000,0.9703994073708253,0.10479666666666666,25,198,0.36,3,0,0.52,1,1,0
USR1546,31,4,7886,55,12520,200000,1.5876236368247527,0.0626,15,337,0.5,1,0,0.43,0,1,0
USR5370,70,2,37816,152,1000,300000,0.026443833298074888,0.0033333333333333335,7,26,0.83,0,0,0.79,0,0,0
USR2090,23,1,57979,268,25239,500000,0.4353127856637748,0.050478,9,318,0.09,2,0,0.82,0,1,0
USR4785,66,1,58626,306,91061,300000,1.5532528229795655,0.3035366666666667,12,687,0.93,3,1,0.31,0,0,0
USR5644,30,5,21564,201,19952,200000,0.9252457800037099,0.09976,5,106,0.44,2,0,0.18,0,0,0
USR3783,60,2,18044,282,1000,200000,0.055420084238528046,0.005,7,469,0.91,2,1,0.74,0,1,0
USR3445,32,1,24970,200,19704,300000,0.7891069283139768,0.06568,6,518,0.43,0,0,0.1,0,1,0
USR6869,48,3,31185,123,43339,100000,1.3897386564053231,0.43339,11,94,0.48,2,1,0.14,1,0,0
USR9274,61,0,26484,236,59022,200000,2.228590847304033,0.29511,7,178,1.0,1,0,0.76,2,0,1
USR9508,68,3,6371,225,15143,500000,2.3768639146130908,0.030286,12,630,0.97,2,0,0.78,0,0,1
USR4112,62,0,23999,194,24188,200000,1.0078753281386725,0.12094,4,174,0.59,2,1,0.87,2,0,0
USR6977,45,2,44350,310,61717,200000,1.3915896279594138,0.308585,9,32,0.47,0,0,0.03,1,0,0
USR5894,66,1,5346,133,4281,500000,0.8007856341189674,0.008562,9,123,0.76,0,0,0.83,2,1,0
USR9711,48,3,34648,17,58099,100000,1.6768356037866543,0.58099,11,387,0.19,2,0,0.62,0,1,0
USR3883,65,2,12641,63,5646,100000,0.44664187959813306,0.05646,0,324,0.75,2,0,0.36,2,0,0
USR3620,62,1,7568,202,1000,300000,0.1321353065539112,0.0033333333333333335,7,582,0.52,0,0,0.71,2,1,0
USR4584,36,0,20892,214,1000,500000,0.047865211564235115,0.002,0,388,0.29,0,0,0.98,0,0,0
USR4878,42,1,45896,349,43578,100000,0.9494945093254314,0.43578,12,390,0.42,3,0,0.75,0,0,0
USR6673,38,0,34257,102,7068,100000,0.20632279534109818,0.07068,1,633,0.43,0,1,0.97,0,0,0
USR8648,38,3,39632,177,16476,500000,0.41572466693580945,0.032952,7,537,0.2,2,0,0.56,0,0,0
USR5744,39,3,30762,184,13975,500000,0.45429425915090044,0.02795,18,386,0.12,1,0,0.06,1,0,0
USR2075,49,4,33841,203,60074,200000,1.77518394846488,0.30037,12,185,0.09,3,0,0.79,0,0,0
USR7091,30,1,20521,3,19771,500000,0.9634520734856976,0.039542,6,205,0.55,1,1,0.49,1,0,0
USR8325,38,2,43370,70,46335,200000,1.0683652294212589,0.231675,11,594,0.51,1,0,0.91,0,0,0
USR3826,40,3,27840,141,15274,200000,0.5486350574712644,0.07637,5,583,0.2,0,0,0.17,1,0,0
USR6605,53,2,59454,341,89584,300000,1.5067783496484677,0.29861333333333334,4,222,0.54,2,0,0.83,0,0,0
USR7981,68,2,13094,332,23085,300000,1.763021231098213,0.07695,7,165,0.95,3,0,0.72,0,1,0
USR5547,32,2,30940,75,26844,300000,0.8676147382029735,0.08948,23,389,0.64,2,1,0.62,2,0,0
USR6380,21,1,33463,85,24427,100000,0.7299704150853181,0.24427,0,26,0.13,0,0,0.12,0,0,0
USR1828,53,5,49210,176,5070,300000,0.10302783986994514,0.0169,2,53,0.34,1,1,0.54,1,0,0
USR1231,52,0,24366,62,57335,200000,2.353073955511779,0.286675,7,22,0.74,1,1,0.08,2,0,0
USR8731,42,0,10214,1,2168,200000,0.21225768552966517,0.01084,4,571,0.98,3,0,0.79,0,1,0
USR4662,41,2,30579,185,76490,500000,2.5013898427025083,0.15298,7,483,0.05,1,0,0.96,1,1,1
USR6622,70,2,26419,121,19662,500000,0.7442371020856202,0.039324,7,240,0.44,1,0,0.29,2,0,0
USR5890,47,3,33233,351,36151,500000,1.0878042909156562,0.072302,5,68,0.32,0,0,0.35,0,0,0
USR3293,26,5,48334,180,19836,500000,0.41039433938842224,0.039672,1,639,0.16,0,1,0.05,1,0,0
USR3401,22,1,12735,64,12448,300000,0.9774636827640362,0.04149333333333333,11,55,0.44,0,0,0.49,1,1,0
USR3059,45,0,58963,59,56885,200000,0.9647575598256534,0.284425,6,481,0.22,2,1,0.91,0,0,0
USR7350,35,1,8542,244,17092,500000,2.000936548817607,0.034184,26,35,0.4,0,0,0.42,2,0,0
USR2440,26,1,37647,86,6983,300000,0.1854862273222302,0.023276666666666668,0,12,0.32,0,1,0.61,0,0,0
USR2682,23,1,43537,230,81299,300000,1.8673542044697613,0.27099666666666666,6,196,0.85,3,1,0.82,0,0,1
USR3986,44,1,14522,12,1000,200000,0.06886103842445944,0.005,0,351,0.17,1,1,0.16,0,0,0
USR1623,46,1,7306,55,13070,500000,1.7889405967697782,0.02614,12,317,0.94,1,0,0.26,1,0,0
USR9678,36,3,55591,64,9047,300000,0.16274217049522405,0.030156666666666665,4,509,0.47,1,0,0.22,0,0,0
USR6254,37,1,14808,60,30950,300000,2.0900864397622905,0.10316666666666667,18,527,0.84,1,0,0.52,0,1,1
USR6779,20,1,54933,21,51673,200000,0.9406549797025467,0.258365,7,550,0.67,0,1,0.74,1,0,0
USR7506,20,0,49155,345,65617,300000,1.3348998067338012,0.21872333333333333,3,456,0.98,0,0,0.68,0,0,0
USR9674,53,4,14133,136,21141,500000,1.4958607514328168,0.042282,11,59,0.02,0,0,0.28,0,0,0
USR1172,21,2,47662,300,8974,100000,0.18828416768075196,0.08974,10,493,0.95,1,0,0.51,0,0,0
USR7329,66,3,56768,284,77471,300000,1.3646948985343856,0.25823666666666667,6,307,0.97,1,0,0.65,1,0,0
USR6206,49,5,48982,187,104427,500000,2.131946429300559,0.208854,1,129,0.69,1,0,0.1,1,0,0
USR6658,26,2,23523,235,24155,100000,1.0268673213450665,0.24155,7,398,0.51,2,0,0.68,0,0,0
USR8482,36,3,10706,211,16025,100000,1.496824210722959,0.16025,12,229,0.4,0,0,0.97,0,0,0
USR7515,55,1,26976,93,42809,200000,1.586929122182681,0.214045,23,137,0.43,3,0,0.75,1,0,0
USR5497,56,3,7947,129,1000,300000,0.12583364791745313,0.0033333333333333335,2,638,0.03,3,0,0.07,1,0,0
USR7492,67,0,23193,27,7497,500000,0.323244082266201,0.014994,10,625,0.95,1,0,0.53,1,0,0
USR9588,35,3,29164,265,23525,100000,0.8066451789877932,0.23525,4,388,0.84,0,1,0.5,0,0,0
USR1630,42,1,44265,7,100802,500000,2.2772393538913365,0.201604,3,334,0.17,3,0,0.65,0,0,0
USR7456,67,1,33453,52,40613,300000,1.214031626461005,0.13537666666666667,11,482,0.15,0,0,0.24,0,0,0
USR5551,29,1,22771,153,24585,100000,1.079662728909578,0.24585,1,453,0.38,2,0,0.41,2,1,0
USR2260,67,0,48875,215,34023,300000,0.6961227621483376,0.11341,31,381,0.93,1,0,0.01,1,0,0
USR9069,24,2,46185,363,90367,200000,1.9566309407816391,0.451835,5,380,0.68,1,0,0.71,2,0,0
USR2503,32,3,7559,98,8068,500000,1.0673369493319222,0.016136,7,261,0.3,2,0,0.38,2,1,0
USR7995,46,2,52434,278,67528,100000,1.2878666514093908,0.67528,11,134,0.26,0,0,0.01,2,0,0
USR6520,48,0,58372,81,39410,300000,0.6751524703625026,0.13136666666666666,13,220,0.64,0,0,0.61,2,0,0
USR4548,51,2,47301,360,38279,500000,0.8092640747552906,0.076558,20,466,0.03,0,0,0.06,0,0,0
USR7989,67,2,23525,34,26495,300000,1.12624867162593,0.08831666666666667,1,555,0.41,1,0,0.66,0,1,0
USR2646,61,1,16910,69,5745,200000,0.3397397989355411,0.028725,9,168,0.48,3,0,0.55,0,1,0
USR5663,65,2,9325,145,1000,500000,0.10723860589812333,0.002,0,62,0.69,0,0,0.41,0,1,0
USR1510,56,4,20709,17,38113,500000,1.840407552271959,0.076226,15,615,0.89,2,0,0.32,0,1,1
USR1244,44,2,13533,157,25876,100000,1.9120667996748688,0.25876,9,290,0.71,0,0,0.76,0,0,1
USR7479,53,7,8097,179,7255,100000,0.8960108682227985,0.07255,4,546,0.09,1,0,0.12,0,0,0
USR7763,29,2,30233,147,35427,500000,1.1717990275526742,0.070854,4,403,0.09,0,0,0.74,2,0,0
USR1553,27,3,32569,127,40825,100000,1.253492584973441,0.40825,1,163,0.73,3,0,0.93,2,0,0
USR3643,58,1,33500,254,37289,500000,1.1131044776119403,0.074578,13,257,0.89,2,0,0.93,0,1,0
USR8632,41,3,14828,242,20411,200000,1.3765173995144322,0.102055,14,27,0.86,0,0,0.01,0,0,0
USR4482,66,0,28452,313,25051,100000,0.8804653451426965,0.25051,1,658,1.0,1,0,0.39,0,1,0
USR7402,25,1,51854,104,86892,200000,1.6757048636556486,0.43446,10,523,0.87,0,0,0.31,0,0,0
USR4512,57,1,47863,19,23968,200000,0.5007625932348578,0.11984,9,343,0.47,0,0,0.46,0,0,0
USR8294,19,2,40154,134,86901,500000,2.16419285749863,0.173802,2,273,0.05,0,1,0.64,0,0,0
USR5504,32,0,17046,76,1000,300000,0.05866478939340608,0.0033333333333333335,11,652,0.37,0,0,0.09,2,0,0
USR3943,55,3,14044,283,7370,200000,0.5247792651666192,0.03685,17,536,0.65,2,0,0.68,0,0,0
USR4036,57,1,28907,230,33413,200000,1.1558791988099768,0.167065,12,303,0.96,1,0,0.43,0,0,0
USR7614,56,2,10648,292,14858,100000,1.3953794139744553,0.14858,11,354,0.94,0,0,0.14,1,0,0
USR5673,66,3,56998,73,1000,200000,0.01754447524474543,0.005,0,37,0.18,0,0,0.82,1,0,0
USR2698,50,4,26896,117,17787,100000,0.6613251041046996,0.17787,5,270,0.1,0,0,0.83,2,1,0
USR3578,65,2,6578,233,7545,100000,1.1470051687442993,0.07545,11,679,0.34,3,1,0.11,1,0,0
USR6908,24,4,57341,307,1000,200000,0.017439528435151112,0.005,0,366,0.67,0,0,0.29,0,0,0
USR2652,40,5,59063,18,2235,200000,0.03784094949460745,0.011175,9,226,0.56,0,0,0.79,1,0,0
USR9889,58,1,48013,108,12197,500000,0.2540353654218649,0.024394,16,133,0.1,1,0,0.98,2,0,0
USR8967,64,1,5321,270,4686,200000,0.8806615297876339,0.02343,17,338,0.8,1,1,0.45,2,0,0
USR2358,57,1,57004,90,105583,500000,1.852203354150586,0.211166,12,627,0.77,1,0,0.1,0,0,0
USR6144,42,1,31728,255,23615,300000,0.7442952597075139,0.07871666666666667,1,349,0.83,3,1,0.28,0,0,0
USR7861,46,2,26948,28,39343,500000,1.459959922814309,0.078686,11,597,0.58,2,1,0.37,1,1,0
USR7814,23,0,54294,332,88223,500000,1.624912513353225,0.176446,1,60,0.29,0,0,0.9,2,0,0
USR5416,65,1,37866,26,47415,300000,1.2521787355411187,0.15805,12,408,0.4,0,0,0.99,2,0,0
USR6275,46,3,52288,206,77306,100000,1.4784654222766218,0.77306,1,103,0.74,2,0,0.25,0,0,0
USR6597,48,3,46184,305,81584,500000,1.7664992205092673,0.163168,3,626,0.84,0,0,0.21,0,0,0
USR3840,58,3,27689,112,14029,500000,0.5066632958936762,0.028058,7,398,0.29,1,0,0.6,2,0,0
USR5278,64,0,35412,63,17827,200000,0.5034169208178019,0.089135,0,40,0.57,0,0,0.84,0,0,0
USR8698,21,0,46629,8,34409,500000,0.7379313302880182,0.068818,0,340,0.36,0,0,0.99,0,0,0
USR6595,47,1,39511,241,19003,300000,0.4809546708511554,0.06334333333333333,5,274,0.1,2,0,0.47,0,1,0
USR2818,56,3,45806,242,77426,300000,1.6903025804479763,0.2580866666666667,4,156,0.28,1,1,0.89,1,0,0
USR5650,36,1,14739,286,23182,300000,1.5728339778818101,0.07727333333333333,1,135,0.76,3,0,0.4,0,0,0
USR4267,69,1,54113,196,64991,200000,1.2010237835640234,0.324955,19,101,0.41,1,1,0.17,0,0,0
USR9170,36,2,11207,213,13142,500000,1.1726599446774337,0.026284,13,693,0.39,0,0,0.61,0,0,0
USR6664,45,1,27491,301,36832,200000,1.3397839292859481,0.18416,0,350,0.79,1,0,0.74,2,0,0
USR5733,42,2,30684,106,48296,200000,1.573979924390562,0.24148,10,475,0.35,1,1,0.52,1,1,0
USR1891,23,0,52281,194,40942,500000,0.7831143245155984,0.081884,1,668,0.18,1,1,0.76,1,0,0
USR9661,20,1,34350,15,21305,200000,0.6202328966521107,0.106525,1,263,0.95,2,0,0.22,0,0,0
USR2339,38,2,39047,247,26311,300000,0.6738289753374139,0.08770333333333333,1,303,0.17,1,0,0.81,0,0,0
USR9950,20,1,22640,116,21359,500000,0.9434187279151943,0.042718,0,59,0.69,2,0,0.56,0,1,0
USR1207,44,4,58752,5,28794,500000,0.490093954248366,0.057588,2,549,0.4,3,0,0.46,2,0,0
USR2078,67,3,28957,3,22852,300000,0.7891701488413855,0.07617333333333333,6,455,0.94,3,1,0.28,1,1,0
USR4894,56,3,53975,112,45500,100000,0.8429828624363132,0.455,20,411,0.96,0,0,0.13,0,0,0
USR7687,20,3,41301,141,27182,500000,0.6581438706084598,0.054364,6,679,0.35,1,0,0.32,0,0,0
USR3060,50,4,5956,143,4758,100000,0.7988582941571525,0.04758,8,646,0.57,0,0,0.16,0,0,0
USR9556,28,2,53027,231,27055,500000,0.5102117789050861,0.05411,8,621,0.82,0,0,0.54,0,0,0
USR6998,54,1,23327,225,15901,100000,0.6816564496077506,0.15901,6,214,0.4,3,0,0.86,0,0,0
USR1572,41,1,19523,354,16984,500000,0.8699482661476208,0.033968,9,325,0.0,3,0,0.52,1,0,0
USR2780,26,2,22780,320,38445,200000,1.6876646180860404,0.192225,0,636,0.43,1,0,0.45,0,0,0
USR2122,55,2,23184,17,6204,200000,0.2675983436853002,0.03102,3,164,0.03,1,0,0.15,0,0,0
USR9741,61,3,27865,306,29692,100000,1.0655661223757402,0.29692,13,86,0.63,3,0,0.69,2,0,0
USR2525,34,3,36444,74,44649,500000,1.2251399407309844,0.089298,22,239,0.39,3,0,0.68,0,1,0
USR7057,26,3,20325,330,17832,300000,0.8773431734317343,0.05944,15,465,0.9,2,0,0.73,2,0,0
USR5931,33,1,47138,63,50985,100000,1.0816114387542959,0.50985,3,173,0.62,0,0,0.77,0,0,0
USR2158,52,4,41764,269,86749,300000,2.077123838712767,0.28916333333333333,7,398,0.21,1,0,0.86,0,0,0
USR6194,40,4,52326,343,61654,300000,1.178267018308298,0.20551333333333333,15,422,0.88,3,0,0.35,0,0,0
USR8356,28,2,20430,173,32010,300000,1.566813509544787,0.1067,20,516,0.41,0,0,0.54,0,1,0
USR7104,49,5,31606,167,42604,500000,1.3479719040688476,0.085208,14,45,0.14,0,0,0.59,0,1,0
USR3230,51,1,14963,156,1000,500000,0.06683151774376796,0.002,5,384,0.49,2,0,0.98,2,1,0
USR2366,20,3,41972,44,33696,100000,0.8028209282378729,0.33696,16,500,0.45,1,0,0.11,1,0,0
USR4913,42,1,49657,171,1000,500000,0.020138147693175183,0.002,7,109,0.02,0,0,0.2,2,0,0
USR5149,53,1,37277,68,22731,300000,0.6097861952410334,0.07577,0,374,0.85,0,0,0.58,0,1,0
USR4003,65,1,39747,351,34872,100000,0.8773492339044456,0.34872,0,360,0.71,1,1,0.69,0,0,0
USR1812,22,4,20211,94,22019,300000,1.0894562367027856,0.07339666666666667,3,282,0.5,1,0,0.17,0,0,0
USR3170,49,0,47959,306,32176,300000,0.670906399215997,0.10725333333333334,0,134,0.37,3,1,0.06,0,0,0
USR8795,52,0,26575,237,15355,300000,0.5777986829727187,0.05118333333333333,20,281,0.27,1,0,0.26,0,0,0
USR4286,46,5,51121,130,23102,500000,0.4519082177578686,0.046204,8,405,0.26,3,0,0.69,0,0,0
USR8154,32,5,38406,264,15135,200000,0.3940790501484143,0.075675,10,386,0.58,0,0,0.82,1,0,0
USR5617,47,1,31955,274,34248,200000,1.0717571585041465,0.17124,6,544,0.3,1,1,0.1,0,0,0
USR2735,64,2,54845,74,41920,100000,0.764335855593035,0.4192,15,156,0.89,3,0,0.42,1,0,0
USR1589,30,4,10345,52,7726,100000,0.7468342194296762,0.07726,7,403,0.72,1,0,0.7,0,0,0
USR6234,47,2,53827,107,28964,300000,0.5380942649599644,0.09654666666666667,6,416,0.11,0,1,0.82,0,0,0
USR5568,63,3,58232,266,25781,100000,0.44272908366533864,0.25781,1,60,0.7,1,0,0.9,1,0,0
USR6388,68,2,22433,5,41444,200000,1.8474568715731288,0.20722,12,104,0.28,0,0,0.22,0,0,0
USR2530,19,3,36614,175,13730,300000,0.3749931720107063,0.045766666666666664,2,398,0.46,2,0,0.11,2,0,0
USR7912,49,1,46457,150,42723,300000,0.9196245990916331,0.14241,0,258,0.66,3,1,0.0,0,0,0
USR8245,24,2,10262,221,9637,300000,0.9390956928473981,0.03212333333333333,5,368,0.89,0,1,0.27,2,0,0
USR4595,49,3,48457,207,58809,100000,1.2136327052850981,0.58809,0,593,0.92,0,0,0.09,2,0,0
USR9477,46,0,35253,6,4732,200000,0.13422971094658612,0.02366,9,573,0.05,3,1,0.51,0,0,0
USR2045,26,1,20882,244,20953,200000,1.00340005746576,0.104765,11,579,0.36,1,0,0.26,2,0,0
USR2327,61,3,42965,16,40278,200000,0.9374607238449901,0.20139,6,567,0.58,2,0,0.73,0,0,0
USR5442,26,0,51805,314,35926,500000,0.6934851848277194,0.071852,4,164,0.77,1,1,0.83,1,0,0
USR3265,23,1,51507,197,1000,100000,0.019414836818296543,0.01,2,257,0.08,0,0,0.45,1,0,0
USR5631,28,2,49829,219,40401,500000,0.8107929117582131,0.080802,1,689,0.81,0,0,0.06,1,1,0
USR4386,33,2,59495,142,97382,200000,1.6368098159509203,0.48691,7,120,0.34,0,0,0.49,0,0,0
USR7834,48,1,19060,36,24815,300000,1.3019412381951732,0.08271666666666666,8,251,0.13,0,0,0.34,2,0,0
USR2340,57,0,20732,347,10706,100000,0.5163997684738568,0.10706,13,327,0.26,3,0,0.03,2,1,0
USR7254,43,1,55552,251,69656,300000,1.2538882488479262,0.23218666666666668,9,140,0.42,0,0,0.99,1,0,0
USR3219,44,3,45824,168,99405,300000,2.1692781075418996,0.33135,5,477,0.81,2,0,0.83,0,1,1
USR9411,50,0,40730,72,50771,200000,1.2465259022833293,0.253855,0,336,0.04,0,0,0.25,0,0,0
USR6232,55,2,26327,334,9830,200000,0.3733809397196794,0.04915,7,428,0.38,3,1,0.06,2,1,0
USR2424,20,1,11961,285,16021,500000,1.3394365019647188,0.032042,11,267,0.66,1,0,0.9,2,0,0
USR8194,57,1,55677,78,54576,200000,0.980225227652352,0.27288,2,162,0.89,0,0,0.15,0,1,0
USR7163,29,1,5715,53,5478,200000,0.9585301837270341,0.02739,10,436,0.3,1,0,0.92,1,0,0
USR8540,37,1,28549,90,35189,500000,1.2325825773231986,0.070378,8,339,0.19,2,0,0.09,0,0,0
USR9732,54,4,7549,131,9914,500000,1.313286528016956,0.019828,17,571,0.23,3,1,0.27,0,1,0
USR7619,61,2,8256,313,6309,100000,0.764171511627907,0.06309,1,434,0.42,1,1,0.53,1,0,0
USR2331,30,0,55070,59,66289,100000,1.2037225349555112,0.66289,6,425,0.03,3,1,0.29,1,0,0
USR8060,68,2,59844,149,56536,500000,0.9447229463271172,0.113072,14,690,0.67,0,1,0.81,0,0,0
USR7317,35,4,48280,86,27275,200000,0.56493371996686,0.136375,1,690,0.15,2,1,0.41,2,0,0
USR1680,22,2,26960,167,22465,300000,0.8332715133531158,0.07488333333333333,11,587,0.04,0,0,0.45,0,0,0
USR1119,25,0,10858,328,17094,300000,1.5743230797568613,0.05698,0,504,0.35,1,0,0.0,2,0,0
USR5678,47,4,40511,126,1000,100000,0.024684653550887413,0.01,2,175,0.3,1,0,0.64,0,0,0
USR1530,52,1,58880,55,77277,300000,1.3124490489130434,0.25759,11,84,0.19,3,0,0.12,0,1,0
USR9305,24,2,38772,329,29449,500000,0.759542969152997,0.058898,0,13,0.92,0,0,0.0,2,1,0
USR2263,66,3,30937,286,15872,500000,0.5130426350324854,0.031744,6,381,0.33,2,0,0.98,1,0,0
USR5455,54,2,33770,10,23094,200000,0.6838614154575067,0.11547,17,333,0.44,1,1,0.14,0,0,0
USR4945,38,2,47129,329,35185,200000,0.7465679305735322,0.175925,1,392,0.8,0,1,0.39,1,0,0
USR9581,27,0,17285,209,1528,200000,0.0884003471217819,0.00764,17,579,0.9,3,1,0.04,0,0,0
USR1369,23,3,58639,207,70540,200000,1.2029536656491413,0.3527,6,191,0.27,2,0,0.62,2,0,0
USR6888,36,1,21192,242,14843,100000,0.7004058135145338,0.14843,1,31,0.72,0,0,0.44,0,0,0
USR1264,36,2,19798,139,21549,500000,1.088443277098697,0.043098,7,415,0.37,0,0,0.81,0,1,0
USR2409,35,0,16709,170,29319,300000,1.7546831049135196,0.09773,4,694,0.83,0,0,0.32,0,0,0
USR6003,66,1,47506,67,35880,300000,0.7552730181450764,0.1196,9,199,0.32,0,0,0.45,0,1,0
USR1214,49,3,51116,65,1000,200000,0.019563346114719462,0.005,8,296,0.46,3,0,0.14,0,0,0
USR2196,19,0,28758,10,33461,200000,1.1635371027192434,0.167305,2,271,0.44,0,0,0.29,1,0,0
USR6691,57,3,36826,179,5011,300000,0.13607234019442785,0.016703333333333334,5,46,0.31,3,0,0.13,0,1,0
USR1997,60,1,22523,180,68207,200000,3.0283265994760913,0.341035,9,223,0.04,1,0,0.78,0,1,1
USR5542,43,2,48584,87,116291,500000,2.393606948789725,0.232582,1,141,0.75,0,0,0.95,0,0,1
USR8283,55,2,18903,355,37117,300000,1.963550759138761,0.12372333333333334,11,557,0.02,1,0,0.84,1,0,0
USR5594,54,2,16143,219,19090,200000,1.1825559065848974,0.09545,11,186,0.31,2,0,0.36,0,1,0
USR1921,45,1,33698,170,65670,500000,1.9487803430470652,0.13134,2,567,0.18,1,0,0.29,0,0,0
USR3198,35,1,46351,217,9441,100000,0.20368492589156653,0.09441,3,393,0.08,1,0,0.97,0,0,0
USR8851,53,3,9220,75,9391,500000,1.0185466377440346,0.018782,20,59,0.91,3,0,0.14,0,0,0
USR5270,57,3,56965,286,32211,300000,0.5654524708154129,0.10737,6,199,0.48,0,0,0.97,2,0,0
USR7152,35,0,44330,235,64279,300000,1.450011279043537,0.21426333333333333,14,532,0.01,2,0,0.45,2,1,0
USR2409,52,2,20214,127,21212,200000,1.0493717225685169,0.10606,18,127,0.43,3,0,0.25,0,0,0
USR8985,25,1,22430,150,39569,200000,1.7641105662059742,0.197845,1,263,0.59,2,0,0.65,0,0,0
USR2714,48,2,51929,88,43163,100000,0.8311925898823393,0.43163,1,232,0.59,0,1,0.65,0,0,0
USR6853,25,2,11858,24,19640,200000,1.656265812109968,0.0982,13,461,0.62,1,1,0.26,0,1,0
USR7350,70,4,12216,225,11712,100000,0.9587426326129665,0.11712,12,528,0.47,2,1,0.08,0,0,0
USR1013,46,1,22300,327,29578,500000,1.3263677130044842,0.059156,2,694,0.97,0,0,0.29,2,1,0
USR6291,52,2,59309,56,19622,100000,0.3308435481967324,0.19622,11,319,0.3,2,0,0.13,2,1,0
USR8422,40,1,25810,53,44489,500000,1.7237117396358002,0.088978,9,648,0.34,0,0,0.67,1,0,0
USR4672,25,4,58250,305,74830,300000,1.2846351931330473,0.24943333333333334,7,49,0.13,1,0,0.97,0,1,0
USR7929,27,1,7001,306,3030,200000,0.43279531495500645,0.01515,19,241,0.14,0,0,0.29,0,0,0
USR1350,23,1,39363,27,25571,500000,0.6496202017122679,0.051142,1,616,0.72,1,0,0.01,2,0,0
USR2855,18,1,25607,234,28782,500000,1.1239895341117663,0.057564,13,410,0.75,2,0,0.72,2,1,0
USR3588,21,2,56106,214,72499,100000,1.292179089580437,0.72499,3,384,0.24,1,0,0.2,0,0,0
USR1075,69,1,43260,101,39280,100000,0.9079981507165973,0.3928,11,666,0.32,2,0,0.18,2,1,0
USR8331,38,2,56530,362,32812,200000,0.5804351671678755,0.16406,8,338,0.7,0,0,0.9,0,1,0
USR1526,69,0,32431,318,31230,200000,0.9629675310659555,0.15615,1,18,0.57,3,0,0.59,0,0,0
USR3036,61,1,49184,147,59702,100000,1.2138500325309043,0.59702,7,231,0.81,0,1,0.93,2,0,0
USR7245,56,1,13643,187,28156,200000,2.063768965769992,0.14078,12,69,0.12,0,1,0.17,2,0,0
USR7507,59,2,33859,227,40262,500000,1.1891077704598483,0.080524,9,570,0.6,1,1,0.7,1,0,0
USR7720,26,2,16262,280,24377,100000,1.4990161111794367,0.24377,9,586,0.9,0,0,0.61,2,0,0
USR9769,62,0,53421,102,91419,500000,1.7112933116190263,0.182838,9,678,0.66,0,0,0.7,1,1,0
USR1158,31,2,46611,124,13297,200000,0.2852760078093154,0.066485,7,403,0.27,0,1,0.2,2,1,0
USR5433,45,0,40574,183,19417,300000,0.4785576970473702,0.06472333333333333,8,566,0.36,3,0,0.25,1,1,0
USR4132,55,5,38239,80,43129,500000,1.1278799131776458,0.086258,2,495,0.66,0,0,0.99,0,0,0
USR8436,53,5,12406,158,4977,200000,0.40117684991133323,0.024885,0,585,0.5,0,1,0.85,0,0,0
USR3119,27,5,17323,139,11186,300000,0.6457311089303238,0.03728666666666667,3,654,0.75,1,0,0.02,0,0,0
USR9824,51,4,23808,311,18192,500000,0.7641129032258065,0.036384,2,537,0.07,0,0,0.46,0,0,0
USR3376,47,1,9798,120,15046,200000,1.5356195141865687,0.07523,16,603,0.65,0,0,0.56,0,0,0
USR9643,65,2,34324,268,52132,300000,1.5188206502738608,0.17377333333333334,2,360,0.83,3,1,0.82,0,0,0
USR6712,59,2,25809,284,1096,200000,0.042465806501607965,0.00548,1,644,0.82,2,0,0.62,0,0,0
USR9769,39,1,41187,26,40142,100000,0.9746279165756185,0.40142,3,436,0.31,1,0,0.58,0,0,0
USR8610,36,3,31051,190,60483,200000,1.9478599723036296,0.302415,7,139,0.67,2,1,0.08,1,0,0
USR6264,18,1,18793,27,24797,300000,1.3194806576916938,0.08265666666666667,9,472,0.91,3,0,0.9,0,0,0
USR5168,37,1,21235,14,33358,100000,1.5708971038380033,0.33358,7,129,0.31,0,0,0.03,0,0,0
USR7893,57,3,37494,289,55979,100000,1.4930122152877794,0.55979,17,390,0.41,1,0,0.94,1,1,0
USR8231,58,2,47269,27,66939,200000,1.4161289640144703,0.334695,9,267,0.58,0,0,0.97,2,0,0
USR6094,22,0,13334,239,11197,500000,0.8397330133493325,0.022394,8,275,0.97,2,0,0.94,0,0,0
USR6114,23,3,40507,310,40392,200000,0.9971609845211938,0.20196,4,36,0.88,3,0,0.93,0,0,0
USR6436,53,3,11901,35,21917,500000,1.8416099487438031,0.043834,3,340,0.07,0,0,0.17,2,0,0
USR9551,65,2,18442,147,26417,200000,1.4324368289773344,0.132085,11,555,0.76,1,0,0.24,0,1,0
USR2185,57,0,55157,44,71643,300000,1.2988922530231883,0.23881,7,346,0.04,1,0,0.97,0,0,0
USR2795,20,4,49408,38,58241,200000,1.1787767163212435,0.291205,9,450,0.86,2,0,0.87,0,0,0
USR2723,58,3,12630,347,26596,500000,2.1057798891528106,0.053192,6,696,0.15,1,1,0.68,1,1,0
USR5069,69,2,25331,45,10566,100000,0.41711736607319094,0.10566,3,261,0.86,1,1,0.97,0,0,0
USR6591,64,3,55550,310,44316,500000,0.7977677767776777,0.088632,5,608,0.7,2,1,0.77,0,1,0
USR5431,22,1,33131,182,59555,100000,1.7975611964625275,0.59555,10,625,0.79,3,1,0.62,1,0,0
USR7056,38,1,57984,286,110133,500000,1.8993687913907285,0.220266,16,163,0.85,1,0,0.38,1,0,0
USR4892,28,2,46196,355,65815,200000,1.4246904493895576,0.329075,7,249,0.16,3,1,0.17,0,0,0
USR3238,45,1,8724,323,9916,500000,1.1366345712975698,0.019832,13,153,0.66,1,0,0.9,0,1,0
USR2640,24,2,41807,317,74713,300000,1.7870930705384265,0.24904333333333334,6,120,0.83,0,0,0.16,0,0,0
USR3518,69,4,21955,293,15241,100000,0.6941926668184923,0.15241,5,165,0.19,1,1,0.69,0,0,0
USR7991,33,0,30133,247,34578,100000,1.1475126937244882,0.34578,4,548,0.21,0,1,0.57,1,0,0
USR2044,49,3,41825,206,50131,300000,1.1985893604303646,0.16710333333333333,13,102,0.1,1,0,0.94,2,0,0
USR3422,36,1,52300,10,39932,200000,0.7635181644359464,0.19966,5,608,0.31,1,0,0.73,1,0,0
USR2715,52,0,17319,138,18613,500000,1.0747156302326923,0.037226,4,680,0.75,0,0,0.44,2,0,0
USR3190,33,0,9681,329,6844,300000,0.7069517611816961,0.022813333333333335,1,400,0.33,2,0,0.9,2,0,0
USR5346,57,4,59970,7,114022,100000,1.9013173253293314,1.14022,1,390,0.78,1,0,0.31,1,1,1
USR8350,64,1,23819,30,15989,500000,0.6712708342079852,0.031978,14,352,0.39,0,1,0.94,1,0,0
USR9826,46,2,53932,90,15961,100000,0.29594674775643404,0.15961,3,556,0.78,1,1,0.43,0,1,0
USR4662,26,2,52223,43,59487,300000,1.1390958007008407,0.19829,17,397,0.64,3,1,0.26,2,0,0
USR5421,40,1,33468,38,46970,500000,1.4034301422254094,0.09394,20,433,0.25,0,0,0.41,1,0,0
USR3905,42,2,52741,185,67339,200000,1.2767865607402211,0.336695,4,488,0.3,0,1,0.97,2,0,0
USR9431,58,3,30682,190,20844,200000,0.6793559741868196,0.10422,8,170,0.36,0,1,0.48,0,0,0
USR4884,52,3,14554,250,12160,300000,0.835509138381201,0.04053333333333333,19,155,0.51,0,0,0.7,0,0,0
USR9095,58,4,27127,195,1000,300000,0.036863641390496554,0.0033333333333333335,2,122,0.44,0,0,0.53,1,0,0
USR9511,37,2,7558,293,7981,100000,1.0559671870865308,0.07981,15,179,0.87,0,0,0.27,0,0,0
USR9240,34,1,53312,296,1000,100000,0.01875750300120048,0.01,2,490,0.97,1,0,0.83,0,0,0
USR9123,29,1,25731,334,3224,300000,0.12529633515992383,0.010746666666666667,8,673,0.32,2,1,0.75,1,0,0
USR8206,21,2,14822,274,17612,300000,1.1882337066522737,0.058706666666666664,7,33,0.45,1,0,0.83,0,1,0
USR4387,67,1,13522,237,16263,200000,1.2027067001922793,0.081315,24,449,0.44,3,0,0.02,0,0,0
USR3861,63,5,53530,100,50316,100000,0.9399589015505324,0.50316,11,615,0.07,1,0,0.74,0,1,0
USR7013,35,2,27337,183,25429,100000,0.9302044847642389,0.25429,8,349,0.04,2,0,0.14,0,1,0
USR3177,24,2,34821,17,27784,500000,0.7979093076017346,0.055568,8,166,0.08,0,0,0.54,1,0,0
USR6707,22,4,44238,253,39645,300000,0.8961752339617524,0.13215,1,12,0.65,1,1,0.91,1,0,0
USR1973,24,2,52285,157,41314,500000,0.79016926460744,0.082628,1,77,0.98,0,1,0.41,1,1,0
USR6677,20,1,27254,73,20537,500000,0.7535407646583988,0.041074,12,345,0.49,0,0,0.29,2,1,0
USR3345,49,1,18689,111,38579,100000,2.0642624003424475,0.38579,7,94,0.65,3,0,0.85,2,1,1
USR3591,23,1,20133,91,36222,100000,1.799135747280584,0.36222,5,572,0.94,0,0,0.74,1,0,0
USR4423,54,6,12120,228,11529,500000,0.9512376237623762,0.023058,11,700,0.21,0,0,0.47,0,1,0
USR8014,32,0,7948,80,8228,300000,1.035228988424761,0.027426666666666665,3,194,0.31,1,0,0.27,1,0,0
USR7673,70,2,6124,191,6132,300000,1.001306335728282,0.02044,12,293,0.1,3,0,0.34,0,1,0
USR3543,22,0,54991,86,49915,200000,0.9076939862886654,0.249575,17,131,0.58,2,0,0.04,0,0,0
USR5895,69,4,29997,340,41950,100000,1.3984731806513986,0.4195,8,187,0.78,0,1,0.58,1,0,0
USR2007,30,2,16428,201,12419,100000,0.7559654248843438,0.12419,12,107,0.66,1,0,0.93,0,1,0
USR6415,57,2,37790,332,78867,300000,2.0869806827202964,0.26289,10,215,0.12,1,0,0.66,0,0,0
USR4613,27,1,24879,33,32521,300000,1.3071666867639375,0.10840333333333334,9,209,0.15,0,0,0.59,0,0,0
USR9819,38,2,45089,316,64745,200000,1.4359378118831645,0.323725,1,63,0.11,1,0,0.34,2,0,0
USR5189,25,3,43422,14,73563,500000,1.6941412187370457,0.147126,0,74,0.97,3,0,0.36,2,0,0
USR8554,28,0,39644,271,34061,100000,0.8591716274846131,0.34061,3,697,0.3,0,0,1.0,1,1,0
USR7892,44,3,38690,266,48286,500000,1.2480227448953218,0.096572,5,258,0.97,1,0,0.08,2,0,0
USR9310,64,3,34394,110,20382,200000,0.5926033610513461,0.10191,12,410,0.21,0,0,0.47,2,0,0
USR3105,55,0,43700,233,67680,100000,1.548741418764302,0.6768,14,498,0.59,2,0,0.58,0,0,0
USR8606,34,2,51614,142,71284,300000,1.381098151664277,0.23761333333333334,13,638,0.47,1,0,0.82,1,0,0
USR2735,34,2,30507,287,26734,500000,0.8763234667453371,0.053468,4,192,0.28,0,0,0.36,1,0,0
USR9283,54,1,58822,235,92670,200000,1.5754309612049913,0.46335,6,159,0.57,0,1,0.51,0,0,0
USR4755,61,2,43717,163,35283,300000,0.8070773383352015,0.11761,4,264,0.95,3,1,0.13,0,0,0
USR9340,29,4,59926,91,1000,300000,0.016687247605379967,0.0033333333333333335,7,130,0.18,1,0,0.77,1,0,0
USR6964,39,2,27041,107,11251,200000,0.4160718908324396,0.056255,5,633,1.0,3,1,1.0,2,1,0
USR2638,18,4,41277,30,69233,300000,1.677277902948373,0.23077666666666666,10,700,0.78,0,0,0.86,1,0,0
USR3030,25,5,14081,66,12454,300000,0.8844542291030466,0.04151333333333333,20,266,0.26,2,0,0.48,0,0,0
USR8148,30,3,55551,207,35598,100000,0.6408165469568504,0.35598,3,148,0.38,3,0,0.47,2,0,0
USR8410,21,2,42431,239,51380,100000,1.2109071197944898,0.5138,20,374,0.63,0,0,0.08,0,0,0
USR9792,19,1,55121,294,120518,300000,2.186426225939297,0.4017266666666667,7,521,0.74,1,1,0.7,2,1,1
USR2136,69,0,14066,159,11052,100000,0.7857244419166786,0.11052,8,650,0.56,1,0,0.47,0,1,0
USR3844,44,2,39211,318,35385,200000,0.9024253398281095,0.176925,2,150,0.2,1,0,0.52,2,0,0
USR3143,44,4,55134,178,53921,100000,0.9779990568433272,0.53921,12,300,0.24,0,0,0.64,0,0,0
USR9609,43,2,57758,93,74860,500000,1.2960975103016033,0.14972,16,175,0.44,2,0,0.66,0,0,0
USR5366,35,0,21897,278,23023,100000,1.0514225693017307,0.23023,8,50,0.83,0,0,0.02,2,1,0
USR6610,25,4,37753,143,72918,300000,1.931449156358435,0.24306,1,329,0.17,1,0,0.7,0,0,0
USR6316,62,2,39568,34,62835,100000,1.588025677315002,0.62835,7,350,0.75,1,0,0.64,1,0,0
USR6556,59,3,13364,349,6980,200000,0.5222987129601916,0.0349,0,672,0.81,0,0,0.49,1,1,0
USR1086,56,4,52879,191,72441,100000,1.3699389171504757,0.72441,0,403,0.5,1,0,0.21,0,0,0
USR9498,36,0,9356,352,16093,500000,1.720072680632749,0.032186,6,227,0.51,3,0,0.9,0,0,0
USR4555,67,0,46165,42,2530,200000,0.05480342250622766,0.01265,1,304,0.57,0,1,0.81,1,0,0
USR7875,43,0,54304,67,91640,200000,1.6875368296994697,0.4582,1,128,0.68,1,0,0.44,2,0,0
USR7482,32,3,52278,58,45191,100000,0.8644362829488503,0.45191,5,146,0.52,0,1,0.15,0,0,0
USR3600,27,4,47920,203,55973,100000,1.168050918196995,0.55973,4,559,0.46,0,1,0.67,1,1,0
USR8567,28,1,15520,155,19057,200000,1.2278994845360824,0.095285,6,146,0.57,1,0,0.1,1,1,0
USR7174,30,1,33728,235,23497,300000,0.6966615275142315,0.07832333333333333,10,410,0.85,3,0,0.99,0,0,0
USR1291,35,1,48465,280,72781,500000,1.5017228928092439,0.145562,1,20,0.89,0,0,0.68,0,0,0
USR2658,35,3,53581,54,15698,300000,0.2929769881114574,0.05232666666666667,2,649,0.7,0,0,0.66,2,1,0
USR9077,64,2,55104,14,1000,200000,0.018147502903600465,0.005,2,697,0.13,0,0,0.5,1,0,0
USR4446,29,2,30705,242,2004,300000,0.06526624328285295,0.00668,27,684,0.81,0,1,0.1,0,0,0
USR7907,28,1,37342,227,13438,300000,0.35986288897220287,0.04479333333333333,19,536,0.73,1,0,0.41,0,0,0
USR3377,56,3,9462,339,2315,100000,0.24466286197421264,0.02315,16,373,0.25,1,0,0.89,0,0,0
USR2697,25,0,17279,281,9537,300000,0.5519416632906997,0.03179,1,14,0.56,2,1,0.96,0,0,0
USR5288,39,1,16204,99,6314,300000,0.3896568748457171,0.02104666666666667,3,602,0.79,0,0,0.0,0,0,0
USR9847,56,1,5430,93,3360,500000,0.6187845303867403,0.00672,5,603,0.4,2,0,0.97,2,1,0
USR1994,59,1,31843,8,63538,200000,1.9953521967151335,0.31769,11,210,0.14,0,0,0.0,0,0,0
USR5821,64,0,44318,276,73937,200000,1.66832889570829,0.369685,22,103,0.75,0,0,0.78,1,0,0
USR5648,29,1,36819,131,1000,500000,0.027159890274043294,0.002,10,670,0.87,0,0,0.05,1,0,0
USR5635,70,3,57356,113,24069,300000,0.4196422344654439,0.08023,0,647,0.01,0,1,0.88,0,0,0
USR9350,34,1,48747,51,91643,500000,1.8799721008472317,0.183286,9,640,0.78,0,0,0.66,1,1,1
USR7400,64,1,34284,10,1000,100000,0.029168125072920312,0.01,9,614,0.64,1,1,0.67,1,1,0
USR8251,58,3,20540,337,53378,100000,2.59873417721519,0.53378,6,13,0.22,1,0,0.68,0,0,0
USR7588,19,3,33357,45,31633,500000,0.948316695146446,0.063266,5,693,0.22,0,1,0.9,0,0,0
USR7916,62,0,8977,202,21730,300000,2.4206305001670936,0.07243333333333334,7,509,0.38,0,0,0.53,2,0,0
USR6436,52,0,31472,258,28621,500000,0.9094115404168785,0.057242,11,353,0.26,2,0,0.25,0,0,0
USR8852,43,6,39072,13,50146,100000,1.2834254709254709,0.50146,1,87,0.03,0,1,0.84,0,0,0
USR4638,53,3,56427,348,66599,300000,1.1802683112694277,0.22199666666666668,4,603,0.82,2,0,0.81,1,0,0
USR4469,53,5,46755,338,46066,500000,0.9852636081702492,0.092132,4,299,0.43,1,1,0.52,2,0,0
USR8759,58,2,29671,24,32690,100000,1.10174918270365,0.3269,5,610,0.21,0,0,0.22,2,1,0
USR8113,42,1,12421,29,3651,300000,0.29393768617663635,0.01217,7,313,0.81,0,1,0.27,2,1,0
USR3051,43,1,37905,104,77178,100000,2.03609022556391,0.77178,4,602,0.16,2,0,0.42,0,0,0
USR1869,22,1,52472,173,62125,200000,1.183964781216649,0.310625,4,314,0.3,1,1,0.82,2,0,0
USR5719,46,3,53822,9,70570,500000,1.311173869421426,0.14114,7,311,0.29,0,0,0.42,2,0,0
USR1071,42,1,50545,206,57819,500000,1.1439113661094074,0.115638,8,42,0.9,2,0,0.17,0,0,0
USR4252,50,2,34464,162,22020,100000,0.6389275766016713,0.2202,0,375,0.18,0,0,0.24,0,0,0
USR9479,25,3,38730,125,63257,100000,1.6332816937774335,0.63257,0,524,0.56,0,0,0.01,0,1,0
USR6501,44,1,57647,197,67615,500000,1.1729144621576144,0.13523,5,11,0.85,1,1,0.16,0,0,0
USR2762,59,2,13595,84,6536,100000,0.48076498712762045,0.06536,2,585,0.37,1,1,0.3,0,0,0
USR2408,18,1,12133,332,16018,300000,1.3202011044259458,0.053393333333333334,16,423,0.84,1,0,0.92,0,0,0
USR4481,61,2,18737,276,9128,200000,0.4871644340075786,0.04564,2,205,0.56,1,1,0.7,0,0,0
USR4302,40,3,16763,59,26996,500000,1.610451589810893,0.053992,2,287,0.43,1,0,0.85,0,0,0
USR6249,29,1,43435,238,1000,500000,0.023022907793254287,0.002,0,308,0.79,0,0,0.75,2,0,0
USR8205,58,5,22850,262,24245,100000,1.0610503282275712,0.24245,4,10,0.75,3,1,0.78,0,1,0
USR7438,29,5,32773,285,37891,300000,1.1561651359350684,0.12630333333333332,2,533,0.88,2,0,0.22,1,0,0
USR9745,60,2,46126,125,27211,100000,0.589927589645753,0.27211,5,611,0.54,3,1,0.46,1,0,0
USR6381,49,6,14433,93,15352,300000,1.0636735259474814,0.051173333333333335,6,540,0.48,0,0,0.41,0,0,0
USR6401,60,2,50208,65,35576,500000,0.708572339069471,0.071152,3,318,0.88,1,0,0.41,1,0,0
USR8796,18,3,51779,198,35374,200000,0.6831727148071612,0.17687,7,132,0.68,0,0,0.66,0,1,0
USR2094,58,0,53053,131,70869,500000,1.3358151282679585,0.141738,13,609,0.99,3,0,0.52,2,0,0
USR9012,70,3,20024,39,13560,500000,0.6771873751498202,0.02712,5,621,0.46,2,1,0.86,0,0,0
USR5539,55,2,46290,114,68861,500000,1.487599913588248,0.137722,26,675,0.16,0,0,0.34,0,0,0
USR7585,51,5,24062,331,41617,200000,1.7295736015293823,0.208085,1,195,0.17,2,0,0.6,0,0,0
USR2400,27,2,27036,161,32583,200000,1.2051708832667554,0.162915,0,446,0.23,0,0,0.72,2,0,0
USR7604,38,1,27799,113,19941,100000,0.7173279614374618,0.19941,9,310,0.18,0,0,0.52,0,0,0
USR8199,45,1,18266,107,1000,500000,0.05474652359575167,0.002,4,21,0.71,1,0,0.08,1,0,0
USR3315,19,0,24176,71,32064,300000,1.3262739907346128,0.10688,12,637,0.83,0,0,0.81,2,0,0
USR6966,68,3,50452,263,1000,300000,0.019820819789106478,0.0033333333333333335,10,580,0.92,1,0,1.0,0,0,0
USR1954,20,0,24677,186,27154,500000,1.1003768691494105,0.054308,14,557,0.09,3,0,0.7,0,1,0
USR3380,60,1,57836,357,75560,100000,1.306452728404454,0.7556,1,320,0.52,0,1,0.61,2,0,0
USR7720,24,2,28127,24,20630,300000,0.7334589540299357,0.06876666666666667,3,230,0.13,3,0,0.4,2,0,0
USR9929,46,2,55172,201,32549,300000,0.5899550496628725,0.10849666666666667,0,364,0.59,2,0,0.98,1,0,0
USR7446,65,1,58348,249,72910,300000,1.2495715362994446,0.24303333333333332,4,12,0.84,1,0,0.08,2,1,0
USR6909,41,2,37814,46,26651,300000,0.7047918760247527,0.08883666666666666,2,13,0.18,1,1,0.69,2,0,0
USR3835,33,1,27701,349,44307,500000,1.5994729432150463,0.088614,14,428,0.42,0,0,0.97,2,1,0
USR6218,54,0,23729,317,27976,500000,1.1789793080197226,0.055952,8,402,0.36,1,0,0.16,1,0,0
USR5030,57,1,37027,124,1000,500000,0.027007318983444512,0.002,10,514,0.56,0,1,0.62,0,0,0
USR3315,68,2,47095,19,69131,300000,1.4679052978023144,0.23043666666666668,2,686,0.45,1,0,0.13,0,0,0
USR8110,34,1,57207,83,42635,500000,0.745275927771077,0.08527,8,130,0.4,0,0,0.08,2,0,0
USR4833,39,2,14733,290,17036,200000,1.1563157537500848,0.08518,4,697,0.36,1,1,0.73,1,0,0
USR7677,57,2,47884,21,9399,500000,0.19628685991145267,0.018798,4,556,0.03,1,0,0.01,0,1,0
USR2259,41,1,5627,202,7140,100000,1.2688821752265862,0.0714,4,561,0.49,3,1,0.38,1,0,0
USR1303,49,2,55126,287,19202,200000,0.3483292820084896,0.09601,0,49,0.29,0,0,0.73,2,0,0
USR5216,30,0,24053,177,51112,300000,2.124974015715295,0.17037333333333332,7,280,0.96,0,0,0.45,2,0,0
USR1923,63,3,36740,210,71683,500000,1.9510887316276537,0.143366,0,202,0.43,0,1,0.26,0,1,0
USR2114,20,3,38082,362,1000,200000,0.026259125045953468,0.005,15,645,0.07,1,0,0.62,0,0,0
USR1895,57,2,33040,348,30932,300000,0.9361985472154963,0.10310666666666667,17,61,0.11,0,0,0.05,2,0,0
USR3467,64,1,11710,276,8786,500000,0.7502988898377455,0.017572,2,283,0.48,3,0,0.13,0,0,0
USR6885,32,3,44854,356,28746,500000,0.6408792972756053,0.057492,9,607,0.66,1,0,0.53,1,1,0
USR6587,26,1,47048,292,94042,500000,1.9988522360142833,0.188084,22,615,0.11,1,0,0.79,0,0,0
USR9576,33,1,19592,340,25130,200000,1.282666394446713,0.12565,6,525,0.38,2,0,0.04,1,0,0
USR4692,41,1,9507,164,9041,200000,0.9509834858525297,0.045205,11,218,0.54,0,1,0.81,0,0,0
USR4524,30,2,19800,341,10984,200000,0.5547474747474748,0.05492,5,333,0.73,0,0,0.38,2,1,0
USR2371,38,1,20179,57,26673,300000,1.3218197135636058,0.08891,9,623,0.29,0,0,0.37,0,0,0
USR3102,33,1,6071,26,3384,200000,0.557404052050733,0.01692,7,46,0.27,0,0,0.11,0,0,0
USR1576,36,1,31903,89,32169,100000,1.008337773877065,0.32169,15,132,0.87,1,0,0.66,2,1,0
USR4258,20,2,24743,241,44281,500000,1.7896374732247504,0.088562,3,435,0.87,3,0,1.0,0,0,0
USR8968,69,0,31197,89,38139,300000,1.2225213962881045,0.12713,6,170,0.51,2,1,0.53,0,0,0
USR1763,24,1,36937,12,24844,500000,0.6726047053090397,0.049688,6,337,0.45,0,0,0.61,0,0,0
USR4655,40,4,43677,137,91136,100000,2.08659019621311,0.91136,8,624,0.01,1,0,0.96,0,1,1
USR1371,26,0,44756,120,42725,200000,0.9546206095272143,0.213625,14,621,0.07,2,1,0.55,0,1,0
USR1620,60,2,56019,56,60662,500000,1.0828825934058088,0.121324,4,571,0.82,2,0,0.77,0,1,0
USR5994,40,2,54418,208,118315,100000,2.174188687566614,1.18315,13,65,0.16,0,0,0.89,1,1,1
USR6913,41,3,37701,356,13420,300000,0.355958727885202,0.04473333333333333,8,470,0.86,0,0,0.98,2,1,0
USR9923,39,1,46292,255,36401,300000,0.7863345718482675,0.12133666666666666,11,635,0.52,0,1,0.19,1,0,0
USR8084,23,0,15584,86,1653,300000,0.10607032854209446,0.00551,21,646,0.96,1,0,0.49,1,0,0
USR5020,56,2,50673,193,53055,300000,1.047007281984489,0.17685,13,386,0.2,0,0,0.67,2,0,0
USR9209,33,5,26261,93,43030,500000,1.638551464148357,0.08606,3,153,0.73,1,0,0.21,1,0,0
USR8335,46,2,37440,321,28423,300000,0.7591613247863248,0.09474333333333333,1,469,0.73,0,0,0.34,1,0,0
USR4033,30,6,27156,144,21595,200000,0.7952202091618795,0.107975,5,9,0.6,1,0,0.91,1,0,0
USR6023,65,6,55781,308,58514,300000,1.0489951775694233,0.19504666666666667,9,92,0.17,1,0,0.63,0,0,0
USR5014,68,0,33935,320,72834,100000,2.146279652276411,0.72834,9,477,0.53,3,0,0.01,0,0,0
USR2140,31,3,56752,250,91538,200000,1.6129475613194248,0.45769,11,671,0.31,0,1,0.11,0,0,0
USR4008,21,1,43673,96,46276,200000,1.0596020424518582,0.23138,10,315,0.53,2,0,0.89,2,0,0
USR9382,45,1,29597,185,31964,300000,1.079974321721796,0.10654666666666666,5,346,0.19,3,0,0.37,2,1,0
USR5188,56,3,21699,39,5444,200000,0.2508871376561132,0.02722,3,587,0.18,1,0,0.01,1,0,0
USR5189,23,1,52042,238,59953,100000,1.1520118365935206,0.59953,0,657,0.81,1,0,0.75,2,1,0
USR8502,42,5,24842,35,32564,100000,1.3108445374768538,0.32564,18,683,0.35,1,0,0.37,0,0,0
USR2105,19,0,22714,176,12082,100000,0.5319186404860439,0.12082,16,150,0.19,1,0,0.57,0,0,0
USR4119,27,5,34404,172,37372,200000,1.0862690384838973,0.18686,4,326,0.94,1,1,0.68,0,0,0
USR2983,68,2,42143,239,84246,200000,1.9990508506750824,0.42123,1,393,0.91,0,0,0.16,0,1,1
USR5420,57,2,35824,198,15772,300000,0.440263510495757,0.05257333333333333,5,116,0.7,0,0,0.75,1,0,0
USR5150,62,1,20967,175,28935,100000,1.3800257547574761,0.28935,6,78,0.47,0,0,0.3,0,0,0
USR1034,47,1,23397,188,14462,500000,0.6181134333461555,0.028924,15,446,0.55,0,0,0.67,1,1,0
USR1526,57,4,35110,344,43970,200000,1.252349757903731,0.21985,16,52,0.61,0,0,0.25,0,0,0
USR5912,59,2,41051,250,31947,100000,0.7782270833840832,0.31947,1,18,0.15,0,0,0.76,0,0,0
USR9390,41,1,39676,238,21993,100000,0.5543149511039419,0.21993,9,426,0.62,3,0,0.87,1,0,0
USR2026,59,0,36079,250,32763,300000,0.9080905790071787,0.10921,14,263,0.51,1,0,0.0,0,0,0
USR1014,37,0,52744,344,76147,500000,1.4437092370696194,0.152294,0,442,0.24,1,0,0.4,2,1,0
USR5864,32,1,22457,318,53918,300000,2.4009440263614907,0.17972666666666667,4,31,0.03,0,1,0.41,2,0,0
USR7032,52,1,29783,306,16795,300000,0.5639122989624954,0.055983333333333336,16,589,0.63,1,0,0.49,0,0,0
USR2798,40,2,13151,333,20212,300000,1.5369173446886168,0.06737333333333333,5,589,0.95,1,0,0.07,1,0,0
USR3277,67,1,49826,360,48015,500000,0.9636535142295187,0.09603,2,78,0.05,0,0,0.72,2,1,0
USR8383,69,0,45422,103,78865,500000,1.736273171590859,0.15773,9,42,0.75,3,0,0.9,0,1,0
USR4829,61,2,42528,134,22864,500000,0.5376222723852521,0.045728,3,65,0.5,0,1,0.38,2,0,0
USR1846,53,0,53889,85,49522,100000,0.9189630536844254,0.49522,0,385,0.9,0,0,0.19,0,0,0
USR8778,34,2,12700,315,12497,300000,0.984015748031496,0.04165666666666667,1,316,0.45,1,1,0.06,0,0,0
USR4242,21,1,38149,234,69866,100000,1.831397939657658,0.69866,13,15,0.34,0,0,0.79,2,0,0
USR2650,21,2,7343,281,13585,300000,1.8500612828544192,0.045283333333333335,1,624,0.15,0,1,0.26,0,1,0
USR5078,33,2,39789,48,51942,100000,1.30543617582749,0.51942,0,644,0.56,2,0,0.77,0,0,0
USR6155,25,2,28263,235,31406,300000,1.1112054629727912,0.10468666666666666,4,497,0.65,0,0,0.81,0,0,0
USR6281,46,3,43342,278,1000,100000,0.023072308615200036,0.01,5,535,0.5,1,0,0.09,0,0,0
USR1463,48,4,51101,75,16966,500000,0.3320091583334964,0.033932,28,481,0.68,0,0,0.76,0,1,1
USR1917,66,2,29793,110,59416,500000,1.9942939616688484,0.118832,6,535,0.17,3,0,0.56,2,0,0
USR8921,25,2,14640,25,18908,300000,1.2915300546448087,0.06302666666666666,8,226,0.97,0,1,0.85,2,0,0
USR3592,33,0,20254,188,24731,100000,1.2210427569862743,0.24731,6,19,0.06,0,1,0.92,0,0,0
USR3866,60,2,49505,57,21334,200000,0.43094636905363093,0.10667,17,554,0.06,1,1,0.8,1,0,0
USR7412,56,0,45068,260,49902,200000,1.1072601402325375,0.24951,5,143,0.23,1,0,0.23,0,0,0
USR1316,70,5,9888,57,9061,500000,0.9163632686084142,0.018122,10,545,0.24,1,0,0.44,1,1,0
USR5769,45,3,37439,218,14310,100000,0.38222174737573117,0.1431,1,52,0.2,0,0,0.4,0,1,0
USR6041,61,0,48606,80,15446,300000,0.3177796979796733,0.05148666666666667,8,317,0.23,0,0,0.12,1,0,0
USR7708,51,1,39514,272,56833,200000,1.4383003492433062,0.284165,1,545,0.29,2,0,0.77,1,0,0
USR8646,46,3,59102,130,79969,500000,1.353067578085344,0.159938,12,395,0.66,2,1,0.7,0,0,0
USR7385,30,1,12676,251,19950,100000,1.5738403281792364,0.1995,0,146,0.53,0,0,0.41,0,0,0
USR5578,23,5,35887,109,27183,200000,0.7574609189957366,0.135915,13,163,0.34,1,0,0.91,1,0,0
USR5289,31,2,20677,20,26769,300000,1.294626880108333,0.08923,16,628,0.03,1,1,0.44,0,0,0
USR9706,19,1,19808,243,30312,200000,1.5302907915993538,0.15156,0,274,0.95,3,0,0.27,2,0,0
USR5710,54,2,14020,349,17966,300000,1.2814550641940086,0.059886666666666664,7,273,0.16,0,0,0.38,1,0,0
USR5145,56,1,36286,41,27972,500000,0.7708758198754341,0.055944,2,413,0.07,1,1,0.69,0,1,0
USR4232,63,2,35009,191,16282,500000,0.4650804078951127,0.032564,2,194,0.99,0,0,0.03,0,0,0
USR3692,45,2,57087,44,36537,500000,0.6400231226023438,0.073074,8,441,0.87,1,0,0.62,1,1,0
USR1504,50,1,20448,92,8234,300000,0.40267996870109546,0.027446666666666668,3,339,0.57,1,0,0.94,1,0,0
USR2961,30,2,10688,289,10614,100000,0.9930763473053892,0.10614,2,139,0.58,2,0,0.06,2,1,0
USR2900,62,2,30676,119,38242,300000,1.246642326248533,0.12747333333333333,5,600,0.71,0,1,0.37,1,0,0
USR2979,27,2,49432,288,64633,500000,1.3075133516750284,0.129266,4,434,0.83,0,1,0.17,0,0,0
USR7599,25,1,36181,214,24628,500000,0.6806887592935519,0.049256,7,85,0.07,2,1,0.5,2,0,0
USR7628,51,0,22964,19,17358,100000,0.7558787667653719,0.17358,8,697,0.46,2,0,0.59,0,0,0
USR5493,20,2,28517,255,35641,200000,1.2498158992881439,0.178205,6,184,0.05,3,0,0.27,2,0,0
USR3412,25,4,55237,88,71630,300000,1.2967757119322194,0.23876666666666665,14,59,0.12,0,0,0.1,2,0,0
USR7473,41,0,46637,294,52474,500000,1.125158136243755,0.104948,5,359,0.94,1,0,0.63,2,0,0
USR3443,66,0,44361,277,81402,500000,1.834990194089403,0.162804,13,471,0.64,1,0,0.96,1,0,0
USR2064,37,4,7406,268,4825,300000,0.6514987847691062,0.016083333333333335,13,596,0.36,2,0,0.82,0,0,0
USR3902,39,0,24840,106,6218,300000,0.2503220611916264,0.020726666666666668,14,599,0.19,0,0,0.13,0,1,0
USR8181,24,0,55750,240,64348,500000,1.1542242152466369,0.128696,11,274,0.3,1,0,0.49,0,0,0
USR9482,70,3,29386,6,41573,500000,1.4147212958551691,0.083146,11,166,0.65,1,0,0.57,1,0,0
USR1361,70,2,47283,167,41020,500000,0.8675422456273925,0.08204,14,520,0.48,0,0,0.42,0,1,0
USR3693,43,0,11908,47,12720,100000,1.0681894524689284,0.1272,18,212,0.25,1,1,0.14,1,0,0
USR1600,47,5,31329,19,54249,100000,1.731590539117112,0.54249,5,378,0.15,3,0,0.45,0,0,0
USR1001,50,6,14087,102,14335,300000,1.0176048839355434,0.04778333333333333,25,470,0.97,2,1,0.02,0,0,0
USR3392,49,2,9251,352,4058,200000,0.43865528051021513,0.02029,7,217,0.96,3,0,0.44,0,0,0
USR8729,63,1,47421,67,32147,300000,0.6779064127707134,0.10715666666666666,9,125,0.39,1,0,0.1,1,0,0
USR7627,22,2,52454,180,76713,300000,1.4624814122850498,0.25571,8,103,0.73,0,0,0.35,1,0,0
USR8237,34,4,6634,361,5383,200000,0.811425987337956,0.026915,2,614,0.55,2,0,0.27,2,0,0
USR6184,29,2,20136,188,11970,500000,0.5944576877234803,0.02394,8,249,0.26,0,0,0.66,1,0,0
USR7409,69,0,41263,238,63067,200000,1.5284152873033954,0.315335,26,489,0.29,0,0,0.95,0,1,1
USR8582,64,3,51026,60,86774,300000,1.7005840159918473,0.28924666666666665,4,333,0.19,3,0,0.5,1,0,0
USR2917,48,2,11407,334,13869,500000,1.2158323836240905,0.027738,12,620,0.69,3,0,0.89,2,1,0
USR1623,53,0,16640,111,1000,100000,0.06009615384615385,0.01,9,373,0.38,0,0,0.37,2,0,0
USR2362,62,0,27867,44,19309,500000,0.6928984103060968,0.038618,10,442,0.59,3,1,0.75,1,1,0
USR4324,39,0,28473,45,41758,200000,1.4665823762863064,0.20879,10,564,0.63,0,0,0.78,1,0,0
USR6815,34,1,56351,78,59046,200000,1.0478252382388955,0.29523,2,624,0.45,2,0,0.43,2,1,0
USR7952,31,1,54794,327,78212,500000,1.4273825601343213,0.156424,2,291,0.4,1,0,0.51,0,0,0
USR4962,57,1,57679,60,9582,300000,0.1661263198044349,0.03194,12,672,0.91,1,0,0.32,0,1,0
USR7051,60,1,36059,234,69437,500000,1.925649629773427,0.138874,2,267,0.98,2,0,0.05,1,1,1
USR6473,45,2,32158,307,39549,200000,1.2298339448970708,0.197745,4,158,0.11,1,0,0.32,2,0,0
USR5846,41,5,6311,355,8275,500000,1.3112026620186976,0.01655,5,38,0.54,3,0,0.74,2,0,0
USR8471,27,2,8834,67,2232,200000,0.252660176590446,0.01116,5,657,0.75,1,0,0.66,1,0,0
USR1498,68,1,46546,215,47895,100000,1.0289820822412237,0.47895,1,578,0.8,0,0,0.85,0,1,0
USR1953,58,5,29491,217,15250,500000,0.5171069139737547,0.0305,8,566,0.99,2,0,0.56,1,1,0
USR2640,51,2,16584,360,18966,200000,1.143632416787265,0.09483,7,115,0.23,1,1,0.88,1,0,0
USR9455,53,1,49122,70,41190,500000,0.8385244900451936,0.08238,2,552,0.87,3,1,0.57,2,1,0
USR7353,48,3,9165,245,4282,500000,0.46721222040370974,0.008564,2,440,0.98,2,0,0.56,1,1,0
USR3283,66,1,42184,107,53048,100000,1.2575384031860422,0.53048,12,673,0.45,0,0,0.97,0,1,0
USR9633,37,1,55137,267,53860,100000,0.9768395088597494,0.5386,7,193,0.49,3,0,0.63,1,0,0
USR9288,37,2,18727,153,13615,500000,0.7270251508517115,0.02723,2,360,0.32,0,0,0.27,2,0,0
USR5210,62,2,21699,79,13318,300000,0.6137610028111895,0.04439333333333333,6,594,0.92,0,0,0.68,0,0,0
USR2546,29,0,30246,328,35649,500000,1.1786351914302717,0.071298,0,117,0.31,0,0,0.34,0,0,0
USR3914,33,5,56053,290,88318,100000,1.5756159349187375,0.88318,3,486,0.49,0,0,0.12,0,0,0
USR2952,28,4,50911,282,61334,200000,1.2047298226316514,0.30667,11,64,0.94,0,0,0.88,2,1,0
USR4718,37,5,34248,44,1000,500000,0.02919878533053025,0.002,14,256,0.34,2,0,0.93,1,0,0
USR4639,35,5,26882,69,11859,100000,0.4411502120377948,0.11859,16,466,0.14,0,0,0.24,2,0,0
USR4338,22,3,12435,48,32572,100000,2.619380780056293,0.32572,16,391,0.04,3,0,0.67,0,1,0
USR8966,23,0,50051,147,67445,200000,1.347525523965555,0.337225,2,438,0.17,3,0,0.93,0,0,0
USR9383,69,0,15430,31,23664,300000,1.5336357744653273,0.07888,3,479,0.86,1,1,0.27,0,0,0
USR3262,59,2,57943,72,123167,500000,2.1256579742160397,0.246334,11,343,0.68,0,0,0.72,0,0,0
USR7519,63,3,50757,96,95856,100000,1.8885276907618653,0.95856,7,254,0.64,1,0,0.48,0,0,0
USR1428,29,6,53045,48,49718,500000,0.93727966820624,0.099436,7,561,0.66,0,0,0.44,1,0,0
USR6043,69,4,23416,120,35967,200000,1.5360010249402118,0.179835,16,116,0.11,0,0,0.54,0,1,0
USR4224,70,2,22378,241,21587,200000,0.9646527839842702,0.107935,14,460,0.92,1,1,0.38,0,0,0
USR9890,62,4,51369,31,11950,200000,0.23263057486032432,0.05975,11,371,0.11,3,0,0.93,0,0,0
USR5425,59,1,17189,2,21095,300000,1.227238350107627,0.07031666666666667,2,631,0.9,0,0,0.12,0,1,0
USR4730,18,0,55228,195,6800,200000,0.1231259506047657,0.034,19,690,0.65,1,0,0.82,2,0,0
USR2623,40,2,24491,266,30353,500000,1.2393532317994365,0.060706,20,187,0.85,0,1,0.92,2,0,0
USR4147,58,3,44530,240,49869,300000,1.1198966988547048,0.16623,0,309,0.7,2,0,0.78,2,1,0
USR7091,34,2,9677,354,1208,500000,0.12483207605662912,0.002416,6,261,0.18,1,0,0.06,0,0,0
USR5486,35,2,29993,110,55071,500000,1.8361284299669922,0.110142,1,590,0.71,3,1,0.32,2,0,0
USR3258,37,2,51701,92,95151,200000,1.840409276416317,0.475755,8,584,0.67,0,0,0.42,0,1,0
USR3508,23,2,13963,86,9827,100000,0.7037885841151615,0.09827,13,220,0.64,0,0,0.87,2,0,0
USR8638,59,2,40324,33,44518,200000,1.1040075389346296,0.22259,5,38,0.67,1,1,0.92,1,0,0
USR6341,50,1,27723,255,8301,100000,0.2994264689968618,0.08301,14,79,0.7,1,1,0.62,0,0,0
USR3050,60,1,10269,184,13724,500000,1.3364495082286494,0.027448,10,134,0.12,0,0,0.84,0,0,0
USR4306,40,0,38536,264,53043,100000,1.376453186630683,0.53043,5,103,0.29,2,1,0.57,0,1,0
USR2654,70,2,59724,158,22686,500000,0.3798472975688166,0.045372,15,438,0.17,2,0,0.79,2,1,0
USR7682,54,2,41488,209,41267,300000,0.9946731585036637,0.13755666666666666,5,166,0.79,0,0,0.72,0,0,0
USR4305,18,3,43911,232,63165,100000,1.438477830156453,0.63165,5,395,0.69,1,1,0.07,1,0,0
USR7998,27,3,55840,76,114648,200000,2.0531518624641834,0.57324,8,420,0.49,0,0,0.8,1,1,1
USR6634,49,3,31198,133,18389,500000,0.5894288095390731,0.036778,12,545,0.48,0,0,0.06,1,0,0
USR6662,19,1,23564,336,1000,200000,0.04243761670344594,0.005,13,492,0.35,0,0,0.4,0,0,0
USR2242,59,3,57989,133,88005,500000,1.5176154098191037,0.17601,8,312,0.42,0,1,0.65,0,0,0
USR3555,18,2,59659,213,1000,500000,0.016761930303893797,0.002,5,339,0.35,2,0,0.78,2,1,0
USR9677,66,2,59827,279,63169,100000,1.0558610660738463,0.63169,2,190,0.95,0,0,0.41,2,0,0
USR8151,33,2,57713,122,51701,300000,0.895829362535304,0.17233666666666667,8,603,0.79,3,0,0.79,2,0,0
USR9406,47,2,49006,133,40145,100000,0.8191854058686692,0.40145,20,370,0.33,2,1,0.82,0,1,0
USR7185,41,3,11485,115,16616,300000,1.446756639094471,0.05538666666666667,24,78,0.3,0,0,0.51,2,0,0
USR7384,30,0,30467,330,1000,100000,0.0328223980043982,0.01,5,513,0.96,3,0,0.22,0,1,0
USR6350,23,2,7680,279,3145,100000,0.4095052083333333,0.03145,8,468,0.39,0,0,0.9,0,0,0
USR2540,33,2,52838,261,94970,300000,1.797380673000492,0.31656666666666666,1,64,0.14,0,0,0.17,1,0,0
USR1943,39,5,19192,89,33873,200000,1.764954147561484,0.169365,3,677,0.18,0,0,0.21,1,0,0
USR1481,49,2,43235,105,10585,200000,0.24482479472649474,0.052925,3,175,0.02,1,0,0.6,0,0,0
USR9756,44,3,18801,69,38324,200000,2.0384022126482635,0.19162,13,553,0.54,2,0,0.69,2,0,0
USR2465,55,4,40558,193,43726,200000,1.0781103604714237,0.21863,0,287,0.71,2,0,0.73,1,1,0
USR2315,51,4,51602,80,93173,300000,1.8056083097554358,0.31057666666666667,3,523,0.69,2,0,0.93,0,0,0
USR4253,30,0,41122,219,1000,500000,0.02431788337143135,0.002,10,624,0.93,1,0,0.48,0,1,0
USR5175,24,1,53593,327,63929,100000,1.1928610079674584,0.63929,15,584,0.36,2,0,0.05,0,1,0
USR5379,43,2,59861,112,51730,100000,0.8641686573896192,0.5173,9,150,0.84,1,0,0.74,0,0,0
USR7953,45,0,47029,328,1000,200000,0.021263475727742457,0.005,5,296,0.4,3,0,0.28,1,0,0
USR9552,55,2,53513,117,46398,500000,0.8670416534300076,0.092796,2,389,0.86,1,0,0.41,0,0,0
USR3867,23,1,21392,347,10196,500000,0.4766267763649963,0.020392,5,584,0.66,0,1,0.81,1,0,0
USR6843,40,3,53986,78,65775,300000,1.218371429629904,0.21925,12,122,0.12,2,0,0.77,1,0,0
USR4480,61,4,30096,286,48684,500000,1.6176236044657097,0.097368,3,237,0.76,1,0,0.8,0,0,0
USR2849,52,4,49661,21,79345,100000,1.5977326272125008,0.79345,13,623,0.23,1,0,0.71,2,0,0
USR2294,60,0,59522,39,105526,300000,1.7728906958771546,0.3517533333333333,2,361,0.69,3,1,0.76,0,0,0
USR8094,25,0,48899,85,35923,100000,0.7346367001370171,0.35923,5,538,0.86,0,0,0.54,0,1,0
USR3148,69,2,26987,7,34477,300000,1.2775410382776893,0.11492333333333334,3,624,0.3,1,0,0.29,1,0,0
USR9818,21,1,15046,293,9564,500000,0.6356506712747574,0.019128,3,80,0.99,0,0,0.18,0,1,0
USR9001,64,2,8793,203,12809,500000,1.4567269418855908,0.025618,12,57,0.2,0,0,0.94,2,0,0
USR9376,58,4,13709,173,13024,500000,0.9500328251513604,0.026048,7,464,0.89,1,0,0.92,2,1,0
USR3346,66,2,43446,314,1000,300000,0.023017078672374902,0.0033333333333333335,6,439,0.03,1,0,0.44,1,0,0
USR9967,49,6,37627,196,54884,500000,1.4586334281234221,0.109768,3,542,0.16,0,0,0.89,2,0,0
USR1246,27,0,50245,209,52052,200000,1.0359637774902974,0.26026,11,590,0.61,0,1,0.56,0,0,0
USR4472,45,2,9555,256,11616,300000,1.2156985871271586,0.03872,5,692,0.37,2,1,0.4,2,1,0
USR8676,47,4,50334,99,76684,100000,1.5235029999602654,0.76684,7,579,0.06,1,0,0.29,0,1,0
USR2962,21,1,18164,137,2317,300000,0.12756000880863247,0.007723333333333333,11,490,0.24,0,1,0.48,2,0,0
USR4344,27,0,55946,181,59132,100000,1.0569477710649555,0.59132,7,20,0.08,0,1,0.68,1,1,0
USR1727,64,1,30755,173,1000,100000,0.03251503820516989,0.01,10,188,0.29,3,0,0.66,0,0,0
USR3230,66,1,35107,104,84202,200000,2.398439057737773,0.42101,18,610,0.1,0,0,0.49,1,0,0
USR9804,55,1,46918,57,22754,300000,0.48497378404876595,0.07584666666666667,11,172,0.75,1,0,0.67,1,1,0
USR1334,60,5,13071,13,14178,500000,1.0846913013541428,0.028356,7,233,0.18,3,0,0.21,1,0,0
USR4464,19,3,31104,251,51078,200000,1.642168209876543,0.25539,15,620,0.51,1,1,0.54,0,0,0
USR1312,50,1,13553,69,18747,100000,1.3832361838707297,0.18747,5,493,0.81,2,1,0.93,0,0,0
USR9781,42,2,35392,23,22412,500000,0.633250452079566,0.044824,9,17,0.75,1,0,0.66,1,0,0
USR7700,60,1,33547,338,21502,500000,0.6409515008793633,0.043004,9,635,0.8,2,0,0.83,2,0,0
USR4440,65,0,10063,23,5114,200000,0.508198350392527,0.02557,2,317,0.45,1,0,0.53,1,0,0
USR8920,32,4,13870,166,11226,100000,0.8093727469358327,0.11226,11,572,0.45,0,0,0.68,1,0,0
USR2210,19,2,15749,215,11471,300000,0.7283637056321036,0.03823666666666667,4,423,0.13,3,1,0.21,2,0,0
USR5404,64,0,22361,250,1000,500000,0.044720719109163275,0.002,2,389,0.16,0,1,0.17,1,0,0
USR8793,42,1,26244,188,42326,500000,1.6127876848041458,0.084652,12,391,0.69,1,0,0.71,1,1,0
USR1397,35,3,13480,267,14347,200000,1.0643175074183977,0.071735,6,69,0.51,0,0,0.33,1,0,0
USR8538,53,3,17917,202,7533,200000,0.42043868951275326,0.037665,2,268,0.43,0,0,0.42,0,0,0
USR6065,68,1,56852,138,90305,100000,1.5884225708858088,0.90305,1,524,0.58,3,0,0.46,1,0,0
USR3087,21,0,29628,143,2242,200000,0.07567166194140677,0.01121,2,491,0.81,0,0,0.27,0,0,0
USR5023,18,0,58151,211,79653,200000,1.3697614830355453,0.398265,4,104,0.68,0,1,0.89,2,0,0
USR3788,53,0,36711,305,54016,200000,1.4713845986216665,0.27008,3,634,0.46,1,0,0.17,1,0,0
USR8242,31,4,25426,105,30290,200000,1.1913002438448832,0.15145,8,140,0.32,1,0,0.84,2,0,0
USR5268,60,2,11484,219,4043,200000,0.35205503308951586,0.020215,10,360,0.27,2,0,0.31,1,0,0
USR1059,50,5,5509,354,4381,200000,0.7952441459430024,0.021905,21,371,0.19,2,1,0.43,1,0,0
USR8419,20,1,31749,144,38556,500000,1.2144004535575923,0.077112,18,610,0.06,1,0,0.47,0,0,0
USR6015,53,0,26993,295,44299,100000,1.6411291816396845,0.44299,3,399,0.57,1,0,0.86,0,0,0
USR1022,53,2,40132,46,29303,200000,0.7301654540017941,0.146515,14,622,0.07,2,0,0.32,0,0,0
USR1568,21,2,24098,205,23932,200000,0.9931114615320773,0.11966,8,259,0.49,1,0,0.68,1,0,0
USR8314,60,1,13355,162,15667,100000,1.17311868214152,0.15667,21,642,0.41,0,1,0.9,0,1,0
USR7775,50,1,47932,170,53883,200000,1.1241550529917383,0.269415,11,92,0.74,1,0,0.99,1,0,0
USR2650,49,1,9802,356,3995,100000,0.40756988369720465,0.03995,6,294,0.53,0,0,0.32,1,0,0
USR9374,51,2,31849,79,15590,300000,0.4894973154573142,0.05196666666666667,4,131,0.69,0,0,0.91,1,0,0
USR2457,28,3,29495,84,34045,100000,1.1542634344804203,0.34045,2,261,0.31,0,0,0.31,2,0,0
USR7915,20,4,54242,323,67124,200000,1.237491242948269,0.33562,6,486,0.61,0,0,0.23,1,1,0
USR8099,43,2,8152,189,10917,200000,1.339180569185476,0.054585,8,90,0.29,1,0,0.01,2,1,0
USR4151,36,3,27794,45,26012,100000,0.9358854429013456,0.26012,5,229,0.17,0,1,0.76,2,0,0
USR1307,36,0,46039,145,28113,100000,0.6106344620864919,0.28113,18,30,0.27,3,0,0.52,2,0,0
USR9762,41,2,6437,313,10001,100000,1.5536740717725648,0.10001,0,332,0.15,0,0,0.12,0,0,0
USR7383,24,2,45128,331,46057,300000,1.0205858890267683,0.15352333333333334,5,425,0.8,1,0,0.4,0,0,0
USR1519,26,2,14113,325,18721,300000,1.3265074753773116,0.06240333333333333,4,536,0.91,1,0,0.49,2,0,0
USR5223,56,1,28902,82,41822,300000,1.4470278873434363,0.13940666666666668,3,590,0.25,1,1,0.14,1,1,0
USR5952,30,2,53833,58,77740,300000,1.4440956290751026,0.2591333333333333,1,684,0.2,1,0,0.56,1,0,0
USR2271,19,2,48722,78,79525,100000,1.6322195312179304,0.79525,8,688,0.17,3,0,0.83,0,0,0
USR6498,42,8,19138,256,1000,100000,0.05225206395652628,0.01,1,356,0.98,1,1,0.24,0,0,0
USR1885,58,2,30819,15,51595,500000,1.6741295953794737,0.10319,14,642,0.34,0,1,0.97,0,1,0
USR3820,41,3,5227,92,1000,100000,0.1913143294432753,0.01,1,507,0.41,0,1,0.52,0,0,0
USR3693,24,3,18182,166,24855,300000,1.367011329886701,0.08285,10,459,0.95,1,1,0.15,0,0,0
USR8754,56,3,9366,160,1000,300000,0.10676916506512919,0.0033333333333333335,1,448,0.72,0,0,0.05,1,0,0
USR3675,42,1,41094,229,16690,500000,0.4061420158660632,0.03338,4,541,0.37,3,0,0.43,2,0,0
USR6031,65,1,47353,184,25067,500000,0.529364559795578,0.050134,5,169,0.41,2,1,0.15,1,0,0
USR1707,63,1,56171,68,92643,200000,1.6493030211319009,0.463215,1,697,0.17,3,0,0.14,0,1,0
USR6365,68,0,34125,221,3477,300000,0.1018901098901099,0.01159,4,216,0.94,1,0,0.47,0,1,0
USR4764,54,1,36816,136,59473,200000,1.6154117774880488,0.297365,4,334,0.48,0,0,0.51,1,0,0
USR1719,68,2,39962,346,58568,500000,1.4655923126970622,0.117136,2,221,0.24,0,0,0.84,0,0,0
USR1912,51,4,19756,279,39395,100000,1.9940777485320915,0.39395,16,350,0.31,0,0,0.89,2,0,0
USR4392,50,2,48397,280,49892,200000,1.0308903444428374,0.24946,1,433,0.87,0,0,0.34,1,0,0
USR8426,54,1,46835,139,46479,100000,0.9923988470161205,0.46479,7,319,0.79,0,0,0.38,0,0,0
USR6397,24,2,12532,223,9809,500000,0.7827162464091925,0.019618,25,26,0.72,2,0,0.51,0,1,0
USR1116,57,2,39512,105,10705,200000,0.2709303502733347,0.053525,19,671,0.42,3,0,0.17,0,1,0
USR2940,23,5,41954,164,40755,200000,0.9714210802307289,0.203775,2,344,0.5,0,1,0.83,1,0,0
USR3106,37,5,57056,191,50212,300000,0.8800476724621424,0.16737333333333335,7,690,0.47,2,0,0.3,0,1,0
USR2005,66,1,17489,331,10886,100000,0.6224483961347133,0.10886,10,237,0.13,0,0,0.18,0,0,0
USR3083,26,1,41681,38,1000,500000,0.023991746839087353,0.002,2,572,0.22,0,0,0.25,0,0,0
USR7336,58,2,51376,70,1000,500000,0.019464341326689505,0.002,1,327,0.87,1,1,0.03,2,0,0
USR3840,22,1,22145,190,31811,300000,1.4364867916008128,0.10603666666666667,2,697,0.85,1,0,0.31,0,1,0
USR3145,26,1,59714,62,108327,200000,1.8140971966373045,0.541635,1,87,0.51,0,0,0.37,0,1,0
USR7393,62,2,18485,197,14588,300000,0.7891804165539626,0.048626666666666665,16,600,0.74,0,1,0.45,0,0,0
USR1416,44,0,18698,157,14411,200000,0.7707241416194245,0.072055,14,505,0.21,0,0,0.82,0,0,0
USR8970,58,2,17409,211,27278,300000,1.566890688724223,0.09092666666666667,13,695,0.76,1,0,0.62,0,1,0
USR9895,42,2,54679,128,91085,100000,1.6658132006803343,0.91085,3,446,0.84,0,1,0.77,0,0,0
USR3238,24,0,38371,276,8966,500000,0.23366604988142087,0.017932,4,347,0.6,3,0,0.12,1,0,0
USR6894,20,4,36879,157,34407,100000,0.9329699829171073,0.34407,11,48,0.32,2,1,0.36,2,0,0
USR6744,58,3,28799,313,8494,500000,0.294940796555436,0.016988,5,180,0.83,0,1,0.07,0,0,0
USR3670,21,1,55749,309,51720,300000,0.927729645374805,0.1724,12,59,0.41,1,0,0.49,0,0,0
USR6730,67,0,14047,150,10549,500000,0.7509788566953798,0.021098,4,465,0.25,0,0,0.26,0,1,0
USR3644,58,2,31333,330,23712,500000,0.7567740082341301,0.047424,10,217,0.98,0,1,0.25,1,1,0
USR7306,21,2,46181,206,29535,100000,0.6395487321625777,0.29535,6,265,0.59,0,0,0.2,2,0,0
USR4395,69,3,33801,86,42077,500000,1.244844827076122,0.084154,0,589,0.53,0,1,0.6,2,1,0
USR3320,31,2,34304,33,31118,100000,0.9071245335820896,0.31118,9,141,0.08,3,0,0.24,0,0,0
USR8247,50,2,37383,157,20186,200000,0.5399780648958082,0.10093,13,122,0.17,1,1,0.71,2,0,0
USR3660,42,2,7202,236,4858,100000,0.6745348514301583,0.04858,2,258,0.65,0,0,0.52,0,1,0
USR1247,58,1,15537,331,20560,200000,1.3232927849649225,0.1028,0,129,0.35,1,0,0.26,0,1,0
USR1952,58,1,6628,277,6934,200000,1.0461677730838865,0.03467,12,562,0.24,2,0,0.74,2,0,0
USR9595,66,1,37683,127,27615,100000,0.7328238197595733,0.27615,8,455,0.6,2,0,0.16,0,1,0
USR1198,40,2,56084,118,52389,500000,0.9341166821196776,0.104778,9,397,0.72,0,1,0.68,0,0,0
USR8510,64,4,47995,35,15936,300000,0.3320345869361392,0.05312,1,583,0.21,0,1,0.34,2,0,0
USR1951,43,2,55471,337,98040,200000,1.767409998016982,0.4902,3,580,0.41,2,0,0.8,1,0,0
USR8077,40,4,57725,86,39536,300000,0.6849025552187094,0.13178666666666666,13,154,0.58,2,1,0.2,0,0,0
USR9307,30,3,29060,102,1775,100000,0.06108052305574673,0.01775,7,601,0.3,1,0,0.43,0,0,0
USR3755,58,1,49970,27,19510,100000,0.3904342605563338,0.1951,12,226,0.92,0,0,0.97,0,0,0
USR1576,62,2,28805,359,20257,300000,0.703245964242319,0.06752333333333334,10,422,0.28,3,0,0.08,0,0,0
USR2599,19,2,17996,281,12746,500000,0.7082685041120249,0.025492,13,504,0.24,3,0,0.85,1,1,0
USR2271,47,2,28896,116,6597,100000,0.2283014950166113,0.06597,5,314,0.54,0,0,0.87,1,0,0
USR6852,45,1,17100,294,31001,300000,1.812923976608187,0.10333666666666666,7,10,0.1,0,0,0.97,0,0,0
USR3290,34,2,21250,218,35018,200000,1.647905882352941,0.17509,14,577,0.64,2,0,0.3,2,0,0
USR2129,70,4,44869,90,75987,200000,1.693530054157659,0.379935,3,176,0.78,1,0,0.31,2,0,0
USR3565,31,1,24935,79,56469,100000,2.264648085021055,0.56469,2,195,0.23,1,0,0.68,2,0,0
USR9036,52,2,55607,85,98461,100000,1.7706583703490568,0.98461,17,205,0.84,2,1,0.59,0,0,0
USR7656,67,2,5533,127,5717,100000,1.0332550153623712,0.05717,1,535,0.44,1,0,0.23,2,0,0
USR3103,20,4,27956,237,43594,500000,1.5593790241808556,0.087188,5,463,0.31,0,1,0.42,1,0,0
USR1609,59,1,39260,111,29628,500000,0.7546612328069282,0.059256,7,610,0.53,0,0,0.05,1,0,0
USR3723,24,3,41116,46,1000,100000,0.024321432045918863,0.01,3,495,0.62,0,0,0.64,0,1,0
USR3151,70,3,36103,127,26393,500000,0.7310472813893583,0.052786,3,344,0.52,0,0,0.89,2,0,0
USR8309,40,3,27907,140,36250,200000,1.2989572508689575,0.18125,0,233,0.0,0,0,0.42,2,0,0
USR1094,50,2,57046,216,1666,100000,0.029204501630263297,0.01666,3,695,0.42,1,1,0.02,2,1,0
USR1873,69,3,51718,9,52695,300000,1.0188909083877953,0.17565,8,285,0.4,1,0,0.64,2,1,0
USR2909,61,3,47332,141,52529,500000,1.1097988675737345,0.105058,8,387,0.03,2,0,0.53,0,1,0
USR6212,39,3,59481,78,61970,100000,1.041845295136262,0.6197,1,180,0.77,3,0,0.01,1,0,0
USR4405,48,4,23287,260,29315,500000,1.2588568729333962,0.05863,5,154,0.5,3,0,0.65,1,0,0
USR5796,43,1,8834,11,8285,100000,0.9378537468870274,0.08285,6,515,0.6,0,1,0.98,1,1,0
USR6769,66,4,34229,147,14120,500000,0.4125157030588098,0.02824,8,245,0.42,0,0,0.72,2,0,0
USR3874,52,3,20260,5,28761,100000,1.4195952615992102,0.28761,5,39,0.89,1,1,0.98,0,1,0
USR7203,65,2,10424,277,19027,200000,1.8253069838833462,0.095135,6,452,0.9,1,0,0.75,0,1,1
USR9097,28,4,44561,271,70160,500000,1.5744709499337985,0.14032,15,446,0.06,2,0,0.67,0,0,0
USR5954,37,2,33794,76,5653,100000,0.1672782150677635,0.05653,3,47,0.42,0,1,0.87,2,0,0
USR6973,20,2,23505,334,7831,100000,0.33316315677515423,0.07831,16,694,0.55,0,0,0.52,0,0,0
USR4852,24,3,51147,25,61916,500000,1.2105499833812345,0.123832,9,514,0.06,0,1,0.68,0,0,0
USR2067,66,2,29264,324,22267,200000,0.7609007654455987,0.111335,10,261,0.65,2,0,0.83,2,0,0
USR5321,22,1,21776,336,30487,500000,1.4000275532696547,0.060974,8,242,0.07,3,0,0.44,0,0,0
USR4773,29,1,40550,125,45960,200000,1.133415536374846,0.2298,8,434,0.08,0,0,0.93,1,0,0
USR6455,25,1,13210,332,11223,200000,0.8495836487509463,0.056115,3,642,0.48,3,0,0.78,0,0,0
USR4312,51,2,23267,38,22500,300000,0.9670348562341514,0.075,6,211,0.44,0,0,0.09,1,0,0
USR9065,54,1,22144,136,47293,300000,2.1357026734104045,0.15764333333333333,6,592,0.31,0,0,0.59,1,1,0
USR1623,67,1,29780,166,34622,300000,1.1625923438549361,0.11540666666666667,4,77,0.05,1,0,0.36,0,0,0
USR1970,55,3,28720,229,53369,500000,1.8582520891364902,0.106738,11,114,0.25,1,0,0.34,2,0,0
USR8910,54,4,26173,298,29521,200000,1.127918083521186,0.147605,5,553,0.02,2,1,0.33,2,0,0
USR6356,53,4,9912,38,5644,300000,0.569410815173527,0.018813333333333335,14,601,0.98,0,0,0.52,1,0,0
USR9533,64,2,59317,94,82644,200000,1.393259942343679,0.41322,3,226,0.23,0,1,0.91,0,0,0
USR9766,29,2,7415,129,7502,300000,1.0117329737019556,0.025006666666666667,21,94,0.8,0,0,0.87,2,0,0
USR7485,56,1,58310,325,58030,100000,0.9951980792316927,0.5803,1,472,0.68,3,0,0.72,2,0,0
USR5565,50,1,50704,255,44590,200000,0.879417797412433,0.22295,22,85,0.67,0,0,0.38,2,0,0
USR5936,18,3,6606,187,10369,100000,1.5696336663639117,0.10369,18,337,0.26,0,0,0.89,2,0,0
USR2420,25,2,9828,352,13932,200000,1.4175824175824177,0.06966,10,237,0.09,0,0,0.59,0,0,0
USR1543,66,3,50974,69,58980,300000,1.1570604621964138,0.1966,1,641,0.56,0,1,0.72,2,0,0
USR9380,35,4,41180,68,17798,100000,0.43220009713453134,0.17798,8,603,0.67,1,0,0.28,1,0,0
USR1776,39,1,49737,68,40013,100000,0.8044916259525102,0.40013,27,509,0.6,3,0,0.98,1,0,0
USR8478,23,2,32867,239,58525,500000,1.7806614537377916,0.11705,8,570,0.11,1,1,0.26,0,1,0
USR2089,59,0,26469,341,17074,500000,0.6450564811666478,0.034148,7,679,0.13,0,0,0.16,0,1,0
USR3455,32,2,46547,272,72253,200000,1.5522590070251574,0.361265,2,32,0.98,2,0,0.03,0,1,0
USR5117,27,2,22296,29,17290,100000,0.775475421600287,0.1729,18,459,0.16,1,0,0.58,0,0,0
USR8542,52,3,14803,14,20532,200000,1.3870161453759373,0.10266,11,42,0.42,3,0,0.15,1,0,0
USR1302,60,5,5942,216,8070,500000,1.3581285762369573,0.01614,1,220,0.02,1,0,0.88,0,0,0
USR1283,25,3,16067,95,10726,100000,0.6675795107985312,0.10726,7,10,0.45,1,0,0.1,1,0,0
USR8132,33,1,45793,328,56831,200000,1.2410412071714017,0.284155,3,424,0.45,1,0,0.72,0,0,0
USR1940,38,2,37053,148,55961,200000,1.510296062397107,0.279805,11,544,0.33,2,0,0.62,1,0,0
USR5751,63,2,50217,18,72247,200000,1.4386960591034907,0.361235,6,175,0.3,1,0,0.34,2,0,0
USR9041,62,3,42553,313,57389,100000,1.34864756891406,0.57389,19,677,0.32,1,0,0.15,0,0,0
USR5453,53,6,44411,217,76511,100000,1.7227939024115646,0.76511,4,686,0.46,0,0,0.34,2,1,0
USR9613,48,5,12613,104,11314,500000,0.8970110203758027,0.022628,12,466,0.56,1,0,0.84,1,0,0
USR6458,56,2,14891,162,25827,200000,1.7344033308709959,0.129135,2,521,0.06,0,0,0.27,2,0,0
USR7351,18,0,8928,227,10177,100000,1.1398969534050178,0.10177,2,230,0.93,3,1,0.19,1,1,0
USR1301,31,1,33949,344,31404,100000,0.9250346107396389,0.31404,5,698,0.52,1,0,0.99,0,0,0
USR7983,48,4,38017,76,41905,200000,1.1022700370886709,0.209525,20,134,0.52,0,1,0.53,0,0,0
USR8784,61,3,43532,341,1000,100000,0.02297160709363227,0.01,1,470,0.85,0,0,0.98,0,0,0
USR5228,64,1,35085,35,4186,200000,0.11931024654410717,0.02093,3,405,0.18,3,0,0.28,0,0,0
USR8445,19,0,41205,77,85385,500000,2.0721999757311007,0.17077,0,364,0.2,1,0,0.98,0,0,0
USR3695,20,1,38418,221,42071,100000,1.0950856369410171,0.42071,5,394,0.76,3,0,0.83,0,0,0
USR1599,62,1,32354,326,51598,100000,1.594795079433764,0.51598,12,220,0.71,0,0,0.67,0,1,0
USR3585,45,2,46473,308,44673,500000,0.9612678329352528,0.089346,4,501,0.38,2,0,0.15,0,1,0
USR5639,39,1,14476,32,17828,100000,1.231555678364189,0.17828,3,467,0.04,3,1,0.39,0,0,0
USR7594,42,3,15134,209,6722,300000,0.4441654552662878,0.022406666666666665,0,355,0.89,3,0,0.81,0,0,0
USR5233,41,1,48401,3,18998,200000,0.3925125513935662,0.09499,5,206,0.34,0,0,0.37,1,0,0
USR8385,22,2,11125,267,18371,300000,1.6513258426966293,0.06123666666666667,8,6,0.53,0,0,0.2,2,0,0
USR4777,70,1,28254,1,1000,200000,0.03539321865930488,0.005,3,281,0.0,1,0,0.16,2,0,0
USR9862,35,2,36920,82,1000,300000,0.027085590465872156,0.0033333333333333335,2,202,0.35,3,1,0.28,1,0,0
USR7689,45,1,18284,123,1000,200000,0.05469262743382192,0.005,21,89,0.17,0,0,0.11,0,0,0
USR6894,28,1,37716,114,17499,500000,0.463967546929685,0.034998,5,522,0.59,1,1,0.93,0,0,0
USR8247,53,0,19742,317,23849,500000,1.2080336338770135,0.047698,16,168,0.13,1,1,0.81,2,1,0
USR4715,70,4,49501,56,61620,300000,1.2448233369022847,0.2054,3,350,0.39,3,0,0.73,0,0,0
USR3679,66,4,5779,60,6109,200000,1.0571033050700813,0.030545,6,481,0.39,3,0,0.68,0,0,0
USR1435,35,3,18085,286,34221,100000,1.8922311307713575,0.34221,5,623,0.28,3,0,0.38,0,0,0
USR8300,49,2,7273,233,6779,100000,0.9320775470919841,0.06779,8,564,0.76,0,0,0.26,1,0,0
USR4781,60,2,21887,211,18936,500000,0.8651711061360625,0.037872,11,421,0.26,1,0,0.07,2,0,0
USR3992,62,4,34390,317,8589,300000,0.24975283512649027,0.02863,7,313,0.85,0,0,0.57,1,1,0
USR7156,43,2,12775,232,10081,300000,0.789119373776908,0.03360333333333333,4,70,0.74,2,0,0.32,0,1,0
USR9651,62,2,37077,234,26339,300000,0.710386492974081,0.08779666666666666,5,595,0.13,0,0,0.41,0,1,0
USR7357,61,4,55541,154,15529,500000,0.2795952539565366,0.031058,10,72,0.12,0,1,0.62,0,0,0
USR7469,25,1,47537,103,76883,500000,1.6173296590024613,0.153766,2,690,0.7,1,1,0.42,1,0,0
USR3864,65,1,14953,210,23270,100000,1.5562094562963953,0.2327,7,84,0.11,0,1,0.54,0,0,0
USR3085,44,3,46127,106,84800,200000,1.8384026708868992,0.424,14,66,1.0,0,0,0.87,0,0,1
USR3503,56,7,47425,362,97152,300000,2.048539799683711,0.32384,1,354,0.28,0,0,0.63,2,0,0
USR6475,41,4,52030,151,22645,100000,0.43522967518739186,0.22645,8,252,0.26,3,0,0.76,2,1,0
USR3485,24,4,58642,175,68237,200000,1.1636199311073974,0.341185,7,140,0.3,1,0,0.08,0,0,0
USR1919,43,3,11033,314,3959,200000,0.3588325931297018,0.019795,16,363,0.24,0,0,0.27,0,1,0
USR1965,22,3,29816,285,38328,100000,1.2854843037295411,0.38328,8,342,0.89,1,0,0.16,0,0,0
USR2733,43,2,9171,298,9172,500000,1.0001090393632102,0.018344,6,223,0.71,1,0,0.81,2,0,0
USR4621,67,3,38403,87,37755,300000,0.9831263182563862,0.12585,1,362,0.87,2,0,0.33,0,0,0
USR1713,60,1,40387,211,54026,100000,1.3377076782132864,0.54026,19,422,0.46,1,0,0.45,0,0,0
USR3920,66,3,45740,347,20408,300000,0.4461740271097508,0.06802666666666667,6,94,0.85,1,0,0.87,2,0,0
USR3195,44,2,21065,161,36270,300000,1.7218134346071683,0.1209,2,624,0.91,1,0,0.32,2,1,0
USR2328,28,2,46699,90,78128,300000,1.673012270070023,0.26042666666666664,17,311,0.13,0,0,0.72,2,0,0
USR3290,45,2,38911,77,55727,300000,1.432165711495464,0.18575666666666665,1,101,0.15,3,0,0.55,2,0,0
USR1227,46,1,10837,266,1926,100000,0.1777244624896189,0.01926,3,279,0.62,0,0,0.28,1,0,0
USR8709,24,1,46375,187,24730,500000,0.5332614555256064,0.04946,5,560,0.55,2,0,0.53,2,0,0
USR6321,34,3,48054,300,33730,200000,0.7019186748241562,0.16865,13,499,0.56,0,0,0.59,2,0,0
USR9609,48,0,47301,236,76669,300000,1.6208748229424326,0.2555633333333333,17,618,0.99,1,0,0.34,0,0,0
USR8315,25,4,34606,285,21217,500000,0.6131017742587991,0.042434,11,287,0.5,1,1,0.9,0,0,0
USR9270,39,0,7214,44,11634,200000,1.6126975325755475,0.05817,11,584,0.98,1,1,0.75,0,0,0
USR9569,19,6,17569,17,18034,100000,1.0264670726848426,0.18034,1,136,0.9,1,0,0.04,0,1,0
USR6442,26,3,57931,321,91803,300000,1.5846955861283252,0.30601,4,615,0.43,2,0,0.42,0,0,0
USR3415,53,0,47902,338,64983,200000,1.3565821886351301,0.324915,0,594,0.82,0,0,0.46,2,1,0
USR5286,65,3,8471,353,5607,200000,0.6619053240467477,0.028035,0,85,0.99,0,1,0.7,2,0,0
USR9935,55,3,55480,318,19833,200000,0.35748017303532803,0.099165,11,83,0.97,3,0,0.53,2,0,0
USR8915,42,2,55850,251,49901,300000,0.8934825425246196,0.16633666666666666,11,435,0.13,3,0,0.98,0,0,0
USR5615,29,2,19220,49,7794,300000,0.4055150884495317,0.02598,18,56,0.28,1,1,0.18,2,0,0
USR8501,36,2,22603,179,29137,300000,1.2890766712383313,0.09712333333333334,3,82,0.27,1,1,0.37,1,0,0
USR4378,27,0,26734,76,26416,100000,0.9881050347871624,0.26416,2,149,0.26,0,1,0.54,0,0,0
USR7391,41,1,55010,153,108628,200000,1.9746955099072896,0.54314,0,690,0.87,0,0,0.17,1,1,1
USR8008,58,2,35640,275,29648,500000,0.8318742985409652,0.059296,8,663,0.95,3,0,0.32,2,0,0
USR7079,64,1,9839,88,7985,300000,0.8115662160788698,0.026616666666666667,5,577,0.31,3,0,0.15,0,0,0
USR6890,39,2,21164,261,29469,500000,1.3924116424116424,0.058938,13,34,0.33,3,0,0.08,1,0,0
USR8432,40,1,41248,262,37230,200000,0.9025892164468581,0.18615,8,5,0.2,1,0,0.26,0,0,0
USR4251,43,2,19626,221,9390,500000,0.47844695811678384,0.01878,18,391,0.58,1,0,0.59,2,0,0
USR6102,51,2,6203,72,3799,100000,0.6124455908431404,0.03799,2,241,0.08,3,1,0.4,1,0,0
USR5831,48,2,36145,22,48685,100000,1.3469359524138884,0.48685,5,178,0.87,1,0,0.51,0,0,0
USR8654,51,2,19930,259,14463,300000,0.725689914701455,0.04821,6,81,0.08,0,1,0.96,2,0,0
USR4855,60,1,10607,218,13310,300000,1.2548317149052512,0.044366666666666665,8,413,0.8,0,0,0.57,2,0,0
USR2333,19,2,6102,283,1000,500000,0.1638806948541462,0.002,3,597,0.75,0,0,0.21,0,0,0
USR7063,52,4,45452,306,41971,500000,0.9234137111678254,0.083942,0,591,0.45,0,0,0.92,0,0,0
USR5835,37,0,27090,61,16799,300000,0.6201181247692875,0.05599666666666667,3,42,0.98,1,0,0.44,0,1,0
USR4233,21,1,34613,249,30018,300000,0.8672464103082657,0.10006,7,323,0.17,1,0,0.42,1,1,0
USR9446,49,3,11119,133,10240,200000,0.9209461282489433,0.0512,5,149,0.09,0,0,0.16,2,0,0
USR2406,45,0,40575,156,50892,300000,1.2542698706099815,0.16964,6,641,0.68,0,0,0.44,0,1,0
USR4985,21,2,5104,63,6055,300000,1.1863244514106583,0.020183333333333334,18,8,0.34,2,0,0.09,0,1,0
USR6351,46,1,15581,78,10851,100000,0.6964251331750209,0.10851,2,681,0.66,1,0,0.01,1,1,0
USR6820,49,2,34963,291,10745,100000,0.30732488630838317,0.10745,6,44,0.36,2,0,0.94,0,0,0
USR8083,25,1,26470,5,36223,300000,1.3684548545523234,0.12074333333333333,4,91,0.25,0,0,0.85,0,0,0
USR1736,55,2,41000,34,66068,500000,1.6114146341463416,0.132136,5,674,0.2,1,0,0.29,0,1,0
USR1271,33,0,9600,258,3739,500000,0.38947916666666665,0.007478,9,588,0.04,0,0,0.07,1,0,0
USR5609,60,2,18980,311,1000,500000,0.05268703898840885,0.002,12,437,0.04,2,0,0.37,2,0,0
USR9346,34,0,41198,32,17942,300000,0.43550657798922277,0.05980666666666667,5,95,0.68,0,1,0.32,2,0,0
USR6012,43,2,31353,38,54457,200000,1.7368991803017255,0.272285,2,282,0.12,2,0,0.02,0,1,0
USR9302,29,0,52496,207,99322,300000,1.891991770801585,0.33107333333333333,9,394,0.75,0,0,0.4,0,0,0
USR9704,69,0,55423,228,94468,300000,1.704490915323963,0.31489333333333336,20,673,0.21,1,1,0.95,0,0,0
USR4482,21,3,15018,336,26118,300000,1.7391130643228125,0.08706,4,477,0.44,2,1,0.57,0,0,0
USR1312,37,0,49553,17,76742,100000,1.5486852461001352,0.76742,9,433,0.25,0,0,0.5,0,1,0
USR8815,29,2,52159,42,111590,200000,2.1394198508406985,0.55795,2,194,0.8,0,0,0.2,2,0,0
USR9189,33,2,43419,32,56948,500000,1.3115916994863999,0.113896,1,590,0.7,0,0,0.72,2,0,0
USR7028,56,0,13708,304,17180,500000,1.2532827545958565,0.03436,5,482,0.97,0,1,0.26,0,0,0
USR8381,50,2,43538,70,36467,200000,0.8375901511323441,0.182335,4,93,0.46,1,0,0.59,0,0,0
USR4254,42,3,44955,348,26154,100000,0.5817817817817817,0.26154,5,627,0.67,1,0,0.05,1,0,0
USR8209,49,3,46437,98,43699,200000,0.9410383961065529,0.218495,1,457,0.85,3,0,0.57,2,0,0
USR9113,52,2,32801,355,49149,300000,1.4983994390414925,0.16383,19,283,0.21,0,0,0.98,2,0,0
USR8123,18,0,52628,115,39352,100000,0.7477388462415444,0.39352,1,464,0.49,1,0,0.52,1,1,0
USR8137,49,1,23763,32,8982,300000,0.37798257795732865,0.02994,12,688,0.29,2,0,0.88,0,0,0
USR3468,24,2,41748,295,35093,500000,0.8405911660438823,0.070186,2,12,0.21,2,0,0.35,0,1,0
USR6562,63,7,27881,64,12790,200000,0.4587353394784979,0.06395,2,349,0.31,0,0,0.91,1,0,0
USR4169,59,1,11445,282,15850,100000,1.3848842289209262,0.1585,0,570,0.77,1,1,0.95,0,1,0
USR4631,40,1,13394,88,22367,500000,1.6699268329102583,0.044734,8,411,0.96,1,0,0.8,2,0,0
USR4453,30,3,15212,100,9892,200000,0.6502760978175125,0.04946,18,636,0.88,3,0,0.09,0,0,0
USR3377,20,2,19751,106,8755,200000,0.44326869525593643,0.043775,9,199,0.49,2,0,0.86,0,0,0
USR1581,33,1,45319,254,48230,300000,1.0642335444294888,0.16076666666666667,6,294,0.96,2,0,0.92,2,0,0
USR5155,18,0,47834,278,1000,200000,0.020905631977254674,0.005,11,448,0.24,1,1,1.0,0,0,0
USR2844,27,2,26613,211,32228,300000,1.2109871115620185,0.10742666666666667,5,516,0.99,2,0,0.78,2,0,0
USR8352,39,6,5679,33,9981,500000,1.757527733755943,0.019962,0,11,0.88,1,0,0.6,0,0,0
USR3393,26,1,7140,209,11733,100000,1.6432773109243697,0.11733,8,300,0.03,0,0,0.16,0,1,0
USR1823,45,2,6859,356,14067,300000,2.050882052777373,0.04689,4,398,0.35,1,0,0.22,2,1,0
USR4131,65,2,45936,357,23721,500000,0.5163923719958202,0.047442,2,158,0.97,3,1,0.32,1,0,0
USR6690,55,0,36443,255,31306,200000,0.8590401448837911,0.15653,15,94,0.17,0,1,0.38,2,0,0
USR9505,70,5,14102,62,10822,100000,0.7674088781733087,0.10822,10,660,0.37,2,0,1.0,1,1,0
USR6371,30,2,54945,104,59481,100000,1.0825552825552827,0.59481,6,549,0.99,0,0,0.44,1,0,0
USR7831,52,4,19859,114,25932,200000,1.3058059318193262,0.12966,4,338,1.0,3,1,0.46,0,0,0
USR3562,26,1,10557,161,26177,100000,2.479587003883679,0.26177,6,575,0.31,0,1,0.1,0,0,0
USR3166,27,4,37265,359,14833,200000,0.3980410572923655,0.074165,9,457,0.95,0,0,0.18,0,0,0
USR6616,51,1,7840,104,12003,300000,1.5309948979591836,0.04001,13,358,0.34,1,0,0.51,0,1,0
USR4163,25,2,52148,205,76415,200000,1.4653486231494977,0.382075,0,560,0.66,0,1,0.31,0,1,0
USR2296,19,6,7161,70,12199,300000,1.7035330261136712,0.040663333333333336,3,659,0.93,0,0,0.43,0,0,0
USR5301,27,0,36713,151,49113,500000,1.337755018658241,0.098226,5,293,0.28,0,1,0.62,2,0,0
USR7593,18,0,44451,336,59878,300000,1.347056309194394,0.19959333333333334,11,532,0.63,1,0,0.0,2,0,0
USR3768,39,4,49565,336,87916,500000,1.7737516392615758,0.175832,2,175,0.36,3,0,0.42,0,0,0
USR8617,29,3,30078,155,11699,300000,0.3889553826717202,0.038996666666666666,5,523,0.56,1,0,0.03,0,0,0
USR9085,31,2,38809,176,20949,500000,0.5397974696590997,0.041898,11,546,0.33,0,1,0.71,0,0,0
USR9817,36,4,12619,75,12671,300000,1.0041207702670576,0.042236666666666665,5,429,0.69,3,1,0.39,0,0,0
USR2128,66,2,27857,81,14072,100000,0.5051513084682485,0.14072,0,670,0.57,3,0,0.98,2,0,0
USR1876,37,3,6338,267,6693,300000,1.056011360050489,0.02231,20,661,0.92,0,0,0.15,0,0,0
USR9446,31,1,26618,197,26420,100000,0.9925614245998948,0.2642,0,336,0.59,1,0,0.0,1,0,0
USR6831,53,2,44424,55,17055,300000,0.38391410048622365,0.05685,13,624,0.39,0,1,0.62,0,0,0
USR1504,42,3,31982,260,63096,200000,1.97285973360015,0.31548,28,548,0.36,1,0,0.87,0,0,1
USR5282,21,2,15608,337,5806,200000,0.3719887237314198,0.02903,3,283,0.13,2,0,0.71,0,1,0
USR9702,68,3,21915,350,46005,100000,2.0992470910335386,0.46005,22,120,0.02,0,1,0.77,0,0,0
USR2026,56,1,33768,250,44744,100000,1.3250414593698177,0.44744,2,174,0.44,1,0,0.32,0,0,0
USR7781,49,0,25663,229,24896,200000,0.9701126134902389,0.12448,14,439,0.6,1,1,0.75,2,0,0
USR1779,59,1,14205,10,21511,100000,1.5143259415698698,0.21511,12,574,0.33,1,0,0.11,2,0,0
USR8965,40,3,22878,266,19651,300000,0.8589474604423464,0.06550333333333333,16,694,0.23,3,0,0.39,0,0,0
USR6416,36,3,20521,239,16383,300000,0.7983529067784221,0.05461,1,454,0.96,2,0,0.87,2,0,0
USR2950,55,2,34686,96,38149,200000,1.099838551577005,0.190745,12,94,0.07,1,0,0.19,1,1,0
USR6506,20,2,45351,94,59750,300000,1.3175012678882494,0.19916666666666666,0,368,0.6,0,0,0.2,1,0,0
USR6180,18,4,57205,113,51179,300000,0.8946595577309676,0.17059666666666667,12,94,0.11,1,1,0.03,1,0,0
USR7285,37,1,42077,216,37483,300000,0.890819212396321,0.12494333333333334,7,63,0.34,1,1,0.31,0,1,0
USR9794,48,1,59382,29,47669,100000,0.8027516755919302,0.47669,0,553,0.23,0,0,1.0,0,0,0
USR8745,26,1,30849,274,7735,100000,0.25073746312684364,0.07735,4,411,0.56,2,0,0.99,1,1,0
USR4995,70,2,32252,261,15890,200000,0.4926826243333747,0.07945,14,254,0.88,1,0,0.14,0,0,0
USR8884,37,2,14577,337,21839,500000,1.498182067640804,0.043678,5,138,0.39,2,0,0.06,1,0,0
USR4463,35,0,10238,130,1000,100000,0.09767532721234616,0.01,15,165,0.3,2,1,0.91,0,0,0
USR8729,70,1,37106,276,38323,100000,1.0327979302538672,0.38323,16,444,0.7,0,0,0.97,0,0,0
USR2957,63,1,11621,116,5722,300000,0.4923844763789691,0.019073333333333334,12,577,0.39,3,0,0.76,0,0,0
USR6323,43,0,20484,261,6089,300000,0.2972563952353056,0.020296666666666668,15,360,0.83,1,1,0.85,1,1,0
USR1192,50,1,50977,156,19568,500000,0.38385938756694193,0.039136,10,198,0.93,0,0,0.44,0,0,0
USR5019,30,4,45840,163,53010,200000,1.156413612565445,0.26505,9,120,0.66,1,0,0.08,1,0,0
USR4326,41,4,23094,55,46634,100000,2.01931237550879,0.46634,5,677,0.5,2,0,0.85,1,0,0
USR3796,45,1,17540,31,10193,300000,0.5811288483466363,0.03397666666666667,6,557,0.18,1,1,0.01,0,1,0
USR3074,48,0,33013,361,29626,200000,0.8974040529488383,0.14813,1,87,0.56,3,0,0.04,0,0,0
USR1206,33,3,54621,10,49676,300000,0.9094670547957745,0.16558666666666666,1,298,0.06,1,0,0.57,2,0,0
USR3276,68,2,18886,185,6948,300000,0.36789155988562955,0.02316,1,44,0.11,0,0,0.25,0,0,0
USR2317,34,2,32304,351,26409,500000,0.8175148588410104,0.052818,12,370,0.73,1,0,0.32,0,0,0
USR4705,25,2,6191,240,5375,500000,0.8681957680503958,0.01075,5,201,0.31,1,1,0.78,0,0,0
USR2264,31,3,50330,226,38110,300000,0.7572024637393204,0.12703333333333333,10,359,0.88,0,0,0.34,1,1,0
USR5828,29,0,55892,37,73964,100000,1.3233378658842052,0.73964,11,202,0.5,0,0,0.67,1,0,0
USR9179,41,0,6429,260,9533,200000,1.482812256960647,0.047665,1,656,0.54,3,1,0.83,0,0,0
USR4812,36,4,32682,334,37026,100000,1.1329172021296126,0.37026,7,141,0.6,3,0,0.28,0,0,0
USR9420,26,1,52624,247,14332,500000,0.27234721799939193,0.028664,2,458,0.22,1,0,0.62,2,0,0
USR4481,55,2,20009,159,9131,200000,0.4563446449097906,0.045655,11,275,0.99,1,0,0.78,0,0,0
USR7735,32,0,15211,100,9097,200000,0.5980540398395898,0.045485,7,532,0.51,1,0,0.29,0,0,0
USR4562,36,3,28021,69,9319,500000,0.33257199957174977,0.018638,2,268,0.67,3,0,0.53,0,0,0
USR5917,45,1,19944,265,15107,200000,0.7574709185720016,0.075535,2,687,0.66,0,1,0.64,0,1,0
USR7239,33,2,42078,237,47729,200000,1.1342982080897381,0.238645,5,350,0.6,0,0,0.02,0,0,0
USR1150,64,1,20647,248,10786,100000,0.5224003487189423,0.10786,1,553,0.26,1,0,0.88,1,0,0
USR3597,32,1,17665,317,2926,200000,0.16563826776110954,0.01463,3,517,0.57,0,0,0.29,0,0,0
USR4441,45,1,56290,355,17369,300000,0.3085627997868183,0.057896666666666666,4,97,0.79,1,0,0.11,0,1,0
USR6884,25,1,47580,171,63391,100000,1.3323034888608658,0.63391,1,22,0.56,2,0,0.98,0,0,0
USR9137,60,0,39259,279,22864,200000,0.5823887516238315,0.11432,6,494,0.54,2,0,0.37,1,0,0
USR4595,20,1,14259,196,19595,200000,1.3742197910091871,0.097975,8,162,0.78,1,1,0.12,0,0,0
USR4371,53,3,14693,308,29009,500000,1.9743415231743007,0.058018,4,295,0.6,0,1,0.09,1,0,0
USR7138,51,3,50690,7,5608,300000,0.1106332609982245,0.018693333333333333,1,290,0.79,0,1,0.6,0,0,0
USR4456,44,0,9509,271,17047,500000,1.7927226837732675,0.034094,7,120,0.17,0,0,0.6,0,0,0
USR2449,29,1,29625,360,18620,300000,0.6285232067510549,0.062066666666666666,0,413,0.05,1,0,0.22,2,0,0
USR1724,39,2,21324,202,30360,100000,1.4237478897017446,0.3036,0,430,0.6,0,0,0.54,0,0,0
USR3361,53,1,5588,83,6763,300000,1.2102720114531138,0.022543333333333332,15,236,0.49,1,0,0.23,1,1,0
USR8907,45,2,38077,315,27219,200000,0.714840980119232,0.136095,0,295,0.88,0,0,0.63,0,0,0
USR1782,45,0,20634,133,30676,300000,1.4866724823107493,0.10225333333333333,7,60,0.55,1,1,0.61,1,0,0
USR3493,20,2,37258,263,50234,200000,1.3482741961457942,0.25117,8,642,0.76,0,0,0.32,2,1,0
USR4725,36,3,30469,57,43367,100000,1.4233155010010174,0.43367,0,666,0.1,2,0,0.83,2,0,0
USR4193,56,0,43608,207,50483,500000,1.157654558796551,0.100966,1,438,0.54,2,1,0.24,0,1,0
USR9665,43,3,30154,51,49897,500000,1.6547390064336407,0.099794,6,567,0.54,0,0,0.67,1,0,0
USR7772,57,4,22032,291,29984,100000,1.3609295570079885,0.29984,15,234,0.1,0,0,0.32,0,0,0
USR8643,54,1,51353,232,68506,200000,1.334021381418807,0.34253,10,409,0.22,0,0,0.67,0,0,0
USR2512,26,3,53421,65,51603,500000,0.9659684393777728,0.103206,12,223,0.77,0,1,0.59,2,0,0
USR6505,33,1,5676,307,3313,200000,0.5836856941508104,0.016565,8,252,0.93,0,1,0.15,2,0,0
USR2477,62,1,15038,91,14580,500000,0.9695438223167975,0.02916,10,107,0.47,0,0,0.1,0,0,0
USR1032,58,1,45316,166,70058,200000,1.545988171948098,0.35029,0,606,0.09,0,0,0.09,2,0,0
USR4182,41,1,33982,76,53798,300000,1.5831322464834323,0.17932666666666666,10,507,0.6,0,0,0.98,0,0,0
USR1665,51,2,17505,249,27013,100000,1.5431590974007428,0.27013,19,150,0.37,2,0,0.11,0,0,0
USR9405,64,1,15557,12,1000,200000,0.064279745452208,0.005,12,169,0.8,1,0,0.43,1,0,0
USR5626,30,2,53475,297,49209,500000,0.9202244039270687,0.098418,16,427,0.54,1,0,0.99,1,0,0
USR8335,38,1,57066,353,32577,500000,0.5708653138471244,0.065154,13,225,0.59,0,0,0.5,1,0,0
USR1775,65,2,16989,81,20644,300000,1.2151392077226442,0.06881333333333334,3,438,0.46,1,0,0.84,0,0,0
USR5121,29,5,29670,357,30564,500000,1.0301314459049544,0.061128,0,394,0.41,2,1,0.92,0,0,0
USR6521,35,3,22741,311,10200,100000,0.4485290884305879,0.102,1,458,0.02,0,0,0.38,0,0,0
USR3845,68,1,18263,335,8438,100000,0.46202704922520943,0.08438,9,457,0.39,0,0,0.71,1,1,0
USR8712,60,1,9553,158,14912,500000,1.5609756097560976,0.029824,3,365,0.9,1,0,0.04,0,0,0
USR1855,56,3,34374,307,65228,200000,1.8975970210042474,0.32614,4,458,0.09,0,0,0.15,0,0,0
USR6705,46,2,19344,240,1895,200000,0.09796319272125724,0.009475,20,628,0.93,0,1,0.36,0,0,0
USR4588,49,6,51788,243,37856,200000,0.7309801498416622,0.18928,9,346,0.03,1,0,0.65,0,0,0
USR8212,43,0,51106,345,35075,500000,0.6863186318631863,0.07015,4,182,0.01,1,0,0.76,2,1,0
USR6225,41,2,32043,122,9408,300000,0.2936054676528415,0.03136,8,510,0.05,1,1,0.56,1,0,0
USR7136,41,3,49667,151,29941,200000,0.6028348803028167,0.149705,2,541,0.77,0,0,0.2,1,0,0
USR6396,36,1,29578,32,30247,200000,1.022618162147542,0.151235,8,595,0.48,0,0,0.85,0,1,0
USR7099,36,2,35894,48,67118,100000,1.869894689920321,0.67118,20,682,0.03,0,0,0.16,1,1,0
USR2887,63,2,45775,287,53923,100000,1.17800109229929,0.53923,5,21,0.26,2,0,0.43,2,0,0
USR3549,43,3,45969,90,89513,100000,1.9472470577998215,0.89513,13,575,0.37,0,0,0.59,2,0,0
USR5721,19,4,15833,184,21379,300000,1.350281058548601,0.07126333333333333,9,296,0.24,0,1,0.02,1,0,0
USR4465,64,4,19874,209,19532,300000,0.982791586998088,0.06510666666666666,20,68,0.96,3,0,0.02,0,0,0
USR6919,63,4,58594,249,39520,300000,0.6744717889203673,0.13173333333333334,1,561,0.79,0,0,0.34,0,0,0
USR1564,63,2,58900,244,37455,200000,0.6359083191850594,0.187275,18,576,0.22,0,0,0.32,1,1,0
USR4191,62,2,58834,181,80767,300000,1.3727946425536255,0.2692233333333333,12,509,0.63,0,0,0.96,1,0,0
USR4653,69,3,29320,99,27838,300000,0.9494542974079127,0.09279333333333334,9,423,0.86,1,1,0.34,2,0,0
USR3149,26,1,38757,130,19800,500000,0.5108754547565602,0.0396,9,290,0.79,2,0,0.74,1,0,0
USR8313,69,2,46877,327,41748,500000,0.890586001663929,0.083496,6,154,0.86,1,0,0.1,0,1,0
USR8486,56,4,52135,337,38642,500000,0.7411911383907164,0.077284,21,657,0.33,0,0,0.25,0,0,0
USR1671,59,1,7042,181,14665,300000,2.0825049701789267,0.048883333333333334,1,402,0.95,1,0,0.49,0,0,0
USR3538,26,4,25653,207,10413,200000,0.4059174365571278,0.052065,9,206,0.88,0,0,0.27,0,0,0
USR2664,21,2,57674,34,1261,300000,0.021864271595519645,0.004203333333333333,3,559,0.89,3,0,0.07,0,0,0
USR8207,53,5,21087,118,30883,300000,1.464551619481197,0.10294333333333333,1,223,0.34,1,0,0.11,0,1,0
USR4313,21,2,5860,343,3421,200000,0.5837883959044369,0.017105,4,134,0.78,0,0,0.17,0,0,0
USR3176,36,0,10820,268,16634,500000,1.5373382624768945,0.033268,4,478,0.06,1,0,0.88,0,0,0
USR1685,33,2,13585,110,5226,200000,0.384688995215311,0.02613,15,212,0.85,0,0,0.67,0,0,0
USR1066,56,5,10336,245,17446,100000,1.6878869969040247,0.17446,14,588,0.28,3,0,0.34,2,0,0
USR1632,48,2,32293,69,11406,100000,0.3532034806304772,0.11406,8,476,0.1,2,1,0.06,0,0,0
USR3199,55,2,57818,152,74957,300000,1.2964301774533882,0.24985666666666667,2,193,0.91,0,0,0.76,2,0,0
USR7975,30,2,14484,211,23303,100000,1.6088787627727148,0.23303,3,145,0.93,3,0,0.26,2,0,0
USR8943,39,3,17760,59,8889,200000,0.5005067567567567,0.044445,10,597,0.31,1,0,0.54,2,1,0
USR2180,36,3,38440,252,29985,300000,0.7800468262226847,0.09995,24,617,0.71,0,1,0.62,1,1,0
USR3214,18,5,31803,321,38553,200000,1.2122441279124612,0.192765,5,671,0.59,3,0,0.96,2,0,0
USR9625,45,2,6998,178,5669,300000,0.8100885967419262,0.018896666666666666,2,280,0.23,0,0,0.43,1,1,0
USR8426,57,2,31416,330,63935,100000,2.0351094983447924,0.63935,0,422,0.95,1,0,0.1,0,0,0
USR4511,48,2,24646,240,4004,100000,0.16246043982796396,0.04004,10,556,0.05,3,0,0.05,1,0,0
USR7930,38,3,23372,126,25450,100000,1.0889098066061955,0.2545,6,438,0.47,1,0,0.84,0,0,0
USR5289,45,1,52718,184,58262,300000,1.1051633218255623,0.19420666666666667,7,6,0.94,1,0,0.72,1,1,0
USR3341,35,1,12470,312,8841,500000,0.708981555733761,0.017682,7,175,0.03,1,1,0.17,1,0,0
USR3877,61,1,47672,353,3124,500000,0.06553112938412485,0.006248,0,330,0.94,2,1,0.88,1,0,0
USR9544,34,3,59615,289,110828,300000,1.8590623165310745,0.3694266666666667,10,618,0.77,0,1,0.24,0,0,0
USR1594,65,2,28992,258,24735,100000,0.8531663907284768,0.24735,13,659,0.48,0,0,0.64,2,0,0
USR5932,31,4,58989,184,117959,200000,1.9996779060502805,0.589795,23,647,0.42,0,0,0.14,0,1,0
USR6370,63,2,5331,307,2139,100000,0.4012380416432189,0.02139,16,113,0.93,2,0,0.61,2,0,0
USR4782,62,1,33141,47,65451,100000,1.974925319091156,0.65451,5,643,0.6,1,0,0.5,0,0,0
USR4595,43,3,48140,153,48398,200000,1.005359368508517,0.24199,5,75,0.22,3,0,0.86,1,0,0
USR8713,19,1,41372,42,27391,200000,0.662066131683264,0.136955,22,592,0.93,1,0,0.9,0,1,0
USR7616,44,3,28600,58,14266,200000,0.4988111888111888,0.07133,1,15,0.52,3,1,0.08,2,0,0
USR1307,20,1,24889,326,21860,200000,0.8782996504479891,0.1093,8,576,0.6,0,0,0.56,0,1,0
USR9189,34,1,57204,221,45051,200000,0.7875498216907909,0.225255,4,81,0.39,3,0,0.08,0,0,0
USR1356,51,1,46793,70,127213,300000,2.718633128886799,0.4240433333333333,2,440,0.26,1,0,0.33,0,0,0
USR9775,43,3,23448,185,13371,500000,0.5702405322415558,0.026742,6,71,0.89,1,0,0.1,0,0,0
USR5690,55,0,25620,40,17592,100000,0.6866510538641686,0.17592,3,661,0.87,2,0,0.88,2,0,0
USR9279,53,0,23299,329,1000,500000,0.042920297008455295,0.002,3,582,0.72,2,0,0.61,1,0,0
USR9310,70,1,40476,10,25950,100000,0.6411206640972428,0.2595,18,413,0.85,1,0,0.92,0,0,0
USR7672,33,1,48166,192,15195,300000,0.3154714944151476,0.05065,3,503,0.43,0,0,0.73,0,0,0
USR2204,22,2,23480,139,10462,200000,0.4455706984667802,0.05231,12,301,0.99,2,1,0.53,0,0,0
USR4216,19,0,23535,244,28447,300000,1.2087104312725727,0.09482333333333333,5,48,0.48,1,0,0.61,2,0,0
USR4281,66,1,6432,342,4329,100000,0.6730410447761194,0.04329,8,531,0.89,0,0,0.2,0,0,0
USR4062,51,2,46336,144,35669,300000,0.7697902279005525,0.11889666666666666,6,148,0.97,1,0,0.43,0,1,0
USR9764,40,1,47812,319,63737,500000,1.3330753785660503,0.127474,23,509,0.56,2,0,0.64,0,0,0
USR1137,34,1,41548,212,46206,200000,1.112111292962357,0.23103,1,607,0.56,3,1,0.34,0,0,0
USR9423,59,4,9574,160,10222,100000,1.0676833089617714,0.10222,0,612,0.83,1,0,0.32,0,0,0
USR1328,26,1,11253,186,24675,200000,2.1927486003732337,0.123375,15,250,0.6,1,1,0.04,2,0,0
USR6869,20,1,56081,308,51416,200000,0.9168167472049357,0.25708,3,317,0.71,1,0,0.51,1,1,0
USR2021,47,1,11897,329,11101,200000,0.9330923762293015,0.055505,8,602,0.59,2,0,0.06,2,0,0
USR9586,39,0,28520,344,1000,100000,0.03506311360448808,0.01,16,679,0.18,0,1,0.74,2,0,0
USR4628,58,1,41145,316,29778,300000,0.7237331388990157,0.09926,4,46,0.96,0,1,0.99,2,1,0
USR2225,44,4,21177,354,39178,200000,1.8500259715729328,0.19589,7,88,0.59,0,0,0.59,0,0,0
USR5255,25,1,17535,92,17736,500000,1.0114627887082976,0.035472,4,205,0.18,0,0,0.61,1,0,0
USR7869,28,1,9819,238,20936,100000,2.1321926876463997,0.20936,1,405,0.79,3,1,0.12,2,0,0
USR7888,50,1,23096,53,40690,500000,1.7617769310703153,0.08138,6,412,0.24,1,0,0.55,0,1,0
USR6028,66,1,58902,174,122984,500000,2.0879426844589317,0.245968,6,171,0.74,0,0,0.83,2,0,1
USR1653,30,1,16523,358,21297,200000,1.2889305816135084,0.106485,4,355,0.31,1,0,0.19,0,1,0
USR7890,70,1,54859,63,1000,500000,0.018228549554311965,0.002,0,310,0.64,0,0,0.81,2,0,0
USR1826,41,2,15854,297,34453,500000,2.1731424246247,0.068906,8,434,0.44,1,0,0.2,0,0,0
USR8764,23,2,28255,111,1000,500000,0.03539196602371262,0.002,2,368,0.06,0,1,0.23,1,0,0
USR7750,33,4,56516,64,112481,100000,1.9902505485172342,1.12481,22,690,0.96,3,0,0.39,0,0,0
USR7733,55,3,18552,25,37956,500000,2.0459249676584736,0.075912,8,466,0.83,1,0,0.37,0,0,0
USR7930,41,2,20133,202,23707,100000,1.1775194953558834,0.23707,1,349,0.32,0,0,0.33,1,0,0
USR2990,70,2,41935,215,42507,100000,1.0136401573864313,0.42507,0,601,0.12,2,0,0.56,0,0,0
USR3200,23,2,46852,364,70731,500000,1.5096687441304533,0.141462,15,84,0.67,3,0,0.86,2,0,0
USR8106,33,2,45203,13,35131,100000,0.7771829303364821,0.35131,12,186,0.99,0,0,0.61,0,0,0
USR4645,32,4,38292,236,19434,300000,0.5075211532434973,0.06478,8,103,0.56,1,0,0.11,1,0,0
USR6997,59,0,22106,346,18488,500000,0.8363340269610061,0.036976,7,392,0.29,0,0,0.98,0,0,0
USR5380,50,1,6996,161,14181,500000,2.0270154373927958,0.028362,0,410,0.64,1,0,0.49,0,0,0
USR7948,47,3,28636,98,29660,100000,1.0357591842436094,0.2966,13,600,0.91,1,0,0.15,0,0,0
USR2222,70,0,29086,344,57295,100000,1.9698480368562195,0.57295,3,507,0.95,1,0,0.77,1,0,1
USR4231,52,1,55087,306,27158,500000,0.49300197868825674,0.054316,7,610,0.02,2,1,0.99,1,0,0
USR7422,38,1,55905,21,74220,300000,1.3276093372685807,0.2474,7,247,0.69,2,0,0.81,2,0,0
USR1597,35,2,21112,89,30951,500000,1.4660382720727547,0.061902,0,81,0.23,0,0,0.61,2,0,0
USR6695,25,3,53033,155,47027,500000,0.8867497595836554,0.094054,4,700,0.88,0,0,0.49,0,0,0
USR7398,45,2,19375,31,32525,300000,1.6787096774193548,0.10841666666666666,2,637,0.61,3,0,0.72,0,0,0
USR4891,44,2,31133,306,21863,300000,0.7022452060514567,0.07287666666666667,8,96,0.02,1,0,0.44,2,1,0
USR5060,70,1,11883,66,18993,200000,1.5983337541024993,0.094965,1,279,0.11,3,0,0.63,1,1,0
USR3761,40,3,30383,246,1000,300000,0.03291314221768752,0.0033333333333333335,12,35,1.0,1,1,0.12,0,1,0
USR6434,63,1,17173,76,27024,300000,1.5736330285913935,0.09008,6,90,0.34,3,0,0.15,1,0,0
USR1118,48,1,9124,234,1000,300000,0.10960105217010083,0.0033333333333333335,17,97,0.45,0,0,0.58,0,0,0
USR5706,65,1,41104,14,23833,500000,0.5798219151420786,0.047666,15,51,0.09,0,1,0.6,2,0,0
USR1165,56,2,25904,183,22566,500000,0.8711395923409512,0.045132,6,344,0.72,0,0,0.03,0,0,0
USR4457,59,3,53749,356,1000,200000,0.01860499730227539,0.005,3,601,0.69,0,0,0.14,0,0,0
USR6629,30,1,22913,66,24336,100000,1.062104482171693,0.24336,0,108,0.32,1,0,0.58,2,0,0
USR2598,44,5,12236,357,7447,200000,0.6086139261196469,0.037235,9,178,0.77,2,0,0.1,0,0,0
USR5248,33,2,39537,189,36766,500000,0.9299137516756456,0.073532,5,80,0.96,2,0,0.17,2,0,0
USR6297,32,3,10695,131,5815,500000,0.5437120149602618,0.01163,5,207,0.84,3,0,0.95,0,0,0
USR4438,56,2,56738,96,71164,500000,1.2542564066410518,0.142328,5,250,0.8,0,0,0.37,0,0,0
USR5676,19,4,5499,62,3788,200000,0.6888525186397527,0.01894,21,461,0.91,1,0,0.77,0,1,0
USR2423,70,1,45512,254,1245,100000,0.027355422745649498,0.01245,5,133,0.81,0,1,0.01,0,0,0
USR4332,62,4,28744,99,9871,100000,0.3434107987753966,0.09871,1,383,0.12,1,0,0.31,1,1,0
USR1770,19,3,34945,307,42659,500000,1.220746887966805,0.085318,0,45,0.69,2,0,0.73,0,1,0
USR8094,43,3,28823,334,31376,100000,1.0885750962772787,0.31376,6,449,0.51,1,0,0.99,0,0,0
USR9846,29,1,57635,286,40617,100000,0.7047280298429773,0.40617,11,112,0.87,1,0,0.25,0,0,0
USR1482,24,2,34742,9,37556,300000,1.0809970640723043,0.12518666666666667,2,166,0.34,0,0,0.47,1,0,0
USR4253,42,3,7808,334,3293,500000,0.4217469262295082,0.006586,17,607,0.15,0,0,0.32,2,0,0
USR2711,63,3,12353,72,1000,300000,0.08095199546668826,0.0033333333333333335,9,598,0.01,1,1,0.45,0,1,0
USR7627,50,4,18010,170,12765,300000,0.7087729039422543,0.04255,6,208,0.16,2,0,1.0,0,1,0
USR6652,44,2,22631,60,39790,200000,1.7582077681056958,0.19895,13,667,0.77,1,1,0.86,2,0,0
USR4987,25,3,38082,140,34791,100000,0.9135812194737671,0.34791,5,453,0.43,0,0,0.47,0,1,0
USR5120,49,1,18617,72,24442,200000,1.3128860718697963,0.12221,9,296,0.72,3,0,0.63,2,0,0
USR6641,59,1,8620,77,3682,100000,0.4271461716937355,0.03682,4,316,0.71,2,1,0.44,1,0,0
USR8009,42,4,35621,155,56720,500000,1.5923191375873782,0.11344,2,65,0.03,0,1,0.67,2,0,0
USR3535,52,4,11504,360,11962,100000,1.0398122392211404,0.11962,24,321,0.76,0,1,0.26,0,0,0
USR4666,51,4,34255,31,18806,300000,0.5490001459640929,0.06268666666666667,5,58,0.07,0,0,0.23,1,0,0
USR4405,57,3,5360,361,5871,100000,1.0953358208955224,0.05871,14,54,0.5,3,0,0.78,2,0,0
USR7935,43,2,48022,52,1000,200000,0.02082378909666403,0.005,15,215,0.45,3,0,0.41,1,0,0
USR4160,31,1,39151,338,21318,100000,0.5445071645679549,0.21318,1,385,0.1,1,0,0.41,0,0,0
USR2937,69,1,53740,188,83055,200000,1.5454968366207666,0.415275,1,561,0.87,0,0,0.07,2,0,0
USR9485,38,1,48636,265,49121,200000,1.0099720371741097,0.245605,0,266,0.2,1,0,0.37,0,0,0
USR1763,63,1,45628,209,45675,100000,1.0010300692557201,0.45675,0,233,0.96,0,1,0.58,1,0,0
USR3916,70,5,23583,1,24551,200000,1.0410465165585379,0.122755,5,8,0.83,3,0,0.43,0,0,0
USR1720,41,1,20647,256,21151,500000,1.0244103259553445,0.042302,9,516,0.56,0,0,0.9,2,1,0
USR2573,60,5,11675,92,23628,500000,2.023811563169165,0.047256,4,444,0.15,0,1,0.27,0,0,0
USR1173,43,3,45603,312,43896,300000,0.9625682520886784,0.14632,6,485,0.38,1,0,0.91,0,0,0
USR1209,48,1,45035,24,48885,300000,1.0854890640612858,0.16295,9,188,0.03,3,0,0.18,0,1,0
USR4476,59,4,11111,282,13879,200000,1.2491224912249121,0.069395,8,367,0.11,1,0,0.9,0,0,0
USR8188,61,4,33809,195,1000,500000,0.029577923038244254,0.002,9,574,0.81,0,0,0.18,2,0,0
USR8957,34,1,18773,174,13072,300000,0.6963191818036542,0.04357333333333333,19,166,0.9,1,0,0.14,2,0,0
USR9477,19,5,39055,167,35462,500000,0.9080015362949686,0.070924,5,687,0.57,0,1,0.32,1,1,0
USR9115,58,4,38538,232,30734,300000,0.7974985728371996,0.10244666666666667,1,78,0.09,2,0,0.31,0,0,0
USR7290,47,2,38531,258,1000,100000,0.025953128649658715,0.01,3,241,0.48,0,1,0.38,0,0,0
USR4584,45,7,9809,139,7705,300000,0.7855031093893363,0.025683333333333332,2,530,0.12,2,1,0.16,0,0,0
USR5042,57,1,53183,128,77945,200000,1.4655999097455954,0.389725,4,218,0.36,3,0,0.6,2,0,0
USR4833,19,3,43611,26,71751,200000,1.6452500515924882,0.358755,0,74,0.02,1,0,0.38,1,0,0
USR5449,70,3,5467,99,6652,300000,1.2167550759100054,0.022173333333333333,7,603,0.17,0,0,0.28,0,0,0
USR8935,22,3,34517,273,24264,200000,0.7029579627429962,0.12132,5,42,0.19,3,1,0.49,1,0,0
USR6479,59,4,34399,148,39338,500000,1.1435797552254425,0.078676,12,698,0.5,1,0,0.04,0,0,0
USR2331,29,0,27380,48,13822,500000,0.5048210372534697,0.027644,20,340,0.12,3,0,0.22,0,0,0
USR3416,66,2,33471,192,6684,100000,0.1996952585820561,0.06684,1,337,0.69,1,1,0.98,0,0,0
USR9742,64,2,7430,328,1902,500000,0.2559892328398385,0.003804,4,265,0.96,0,1,0.52,0,0,0
USR1054,33,3,36421,231,39053,200000,1.0722660003843936,0.195265,15,131,0.67,0,1,0.81,0,1,0
USR1601,40,2,31309,238,24525,300000,0.7833210897824907,0.08175,8,402,0.37,3,0,0.4,1,0,0
USR6639,57,1,19589,172,13558,100000,0.6921231303282455,0.13558,21,437,0.32,0,0,0.43,2,0,0
USR6136,58,3,8824,108,8998,300000,1.0197189483227562,0.029993333333333334,11,568,0.3,1,0,0.14,0,0,0
USR7727,31,4,28112,195,24209,300000,0.8611624928856004,0.08069666666666667,7,239,0.24,0,0,0.08,0,0,0
USR1555,38,3,26377,309,51682,200000,1.9593585320544413,0.25841,5,603,0.68,2,0,0.2,0,1,0
USR1742,24,2,47702,161,38328,300000,0.8034883233407404,0.12776,8,506,0.22,1,0,0.41,0,1,0
USR8687,62,3,16050,66,22049,200000,1.3737694704049843,0.110245,6,382,0.82,1,1,0.24,0,0,0
USR2641,19,2,43401,179,32950,200000,0.7591990967950047,0.16475,2,360,0.76,3,0,0.72,2,0,0
USR1696,19,1,49075,51,95833,500000,1.9527865511971472,0.191666,9,14,0.7,3,0,0.95,2,1,1
USR5882,43,1,57136,245,77601,300000,1.358180481657799,0.25867,7,552,0.65,2,0,0.13,0,0,0
USR3955,45,2,21255,173,23558,500000,1.1083509762408845,0.047116,2,538,0.5,3,0,0.25,0,0,0
USR6351,49,3,39392,325,31410,200000,0.7973700243704306,0.15705,23,111,0.3,0,0,0.54,0,0,0
USR9777,42,1,33164,118,30469,200000,0.9187371848992884,0.152345,18,109,0.16,2,0,0.87,1,0,0
USR2808,26,3,22199,88,17388,500000,0.7832785260597325,0.034776,5,547,0.16,3,0,0.26,1,1,0
USR1357,43,1,52641,154,67265,500000,1.2778062726771908,0.13453,15,632,0.23,0,0,0.29,0,1,0
USR5564,30,4,11102,277,16198,100000,1.459016393442623,0.16198,14,621,0.37,0,0,0.47,0,1,0
USR2372,61,2,24726,183,46615,200000,1.8852624767451265,0.233075,9,54,0.4,0,0,0.56,0,0,0
USR4573,62,2,51621,258,63294,200000,1.2261289010286511,0.31647,9,556,0.73,2,0,0.87,0,0,0
USR5920,29,3,11244,67,1000,500000,0.08893632159373888,0.002,12,90,0.94,3,0,0.19,0,0,0
USR1398,63,2,52017,343,1000,100000,0.019224484303208566,0.01,0,20,0.51,1,0,0.11,2,0,0
USR5578,62,4,28908,78,48319,100000,1.6714750242147502,0.48319,0,520,0.51,1,0,0.69,0,0,0
USR2317,66,0,40893,201,84475,300000,2.065756975521483,0.28158333333333335,6,120,0.36,2,0,0.14,0,0,0
USR8081,48,2,36672,165,28543,300000,0.778332242582897,0.09514333333333333,11,664,0.45,0,0,0.4,2,0,0
USR8269,35,0,35439,107,28207,100000,0.7959310364287931,0.28207,7,70,0.13,3,1,0.01,0,0,0
USR6070,39,4,11128,267,5963,100000,0.5358554996405464,0.05963,5,396,0.65,1,1,0.96,2,0,0
USR6995,54,3,28676,30,24563,100000,0.8565699539684754,0.24563,2,555,0.71,1,0,0.49,0,0,0
USR3016,50,1,34147,221,49166,100000,1.4398336603508362,0.49166,4,135,0.65,3,0,0.02,1,0,0
USR3376,61,0,8175,108,9856,300000,1.2056269113149847,0.03285333333333333,1,28,0.32,1,0,0.54,2,1,0
USR5849,36,1,54506,287,23916,200000,0.43877738230653507,0.11958,9,349,0.28,0,1,0.21,0,1,0
USR6117,33,6,50722,76,52892,300000,1.042782224675683,0.17630666666666667,7,423,0.8,2,0,0.33,2,0,0
USR2020,38,1,28468,282,19526,300000,0.6858929324153435,0.06508666666666667,21,104,0.88,1,0,0.7,1,0,0
USR5054,66,3,28262,73,31605,500000,1.1182860377892576,0.06321,9,612,0.77,0,0,0.01,0,0,0
USR6645,36,3,7145,37,9226,200000,1.2912526242127362,0.04613,10,292,0.55,0,0,0.97,2,1,0
USR7298,58,3,5352,72,3143,500000,0.5872571001494769,0.006286,2,256,0.05,0,1,0.94,0,0,0
USR7169,52,0,54404,364,132553,500000,2.4364568781707225,0.265106,18,264,0.11,0,1,0.24,1,0,0
USR3833,45,3,57390,62,78537,100000,1.3684788290642969,0.78537,12,243,0.32,0,0,0.81,0,1,0
USR3343,23,3,23282,210,3588,500000,0.1541104716089683,0.007176,14,637,0.46,0,0,0.02,1,0,0
USR6648,63,1,21017,226,25049,500000,1.1918446971499264,0.050098,2,666,0.31,3,1,0.26,0,0,0
USR8169,33,3,33799,330,42212,200000,1.2489126897245482,0.21106,13,281,0.81,2,0,0.84,2,0,0
USR9546,25,0,9895,209,15067,200000,1.522688226376958,0.075335,9,385,0.8,0,1,0.42,1,0,0
USR2031,20,2,44027,108,43333,500000,0.9842369455107093,0.086666,12,11,0.48,0,0,0.83,1,0,0
USR4132,66,1,25388,146,39995,500000,1.5753505593193635,0.07999,0,30,0.16,1,0,0.73,1,1,0
USR1679,19,0,16840,247,21804,200000,1.2947743467933492,0.10902,11,549,0.49,1,1,0.85,0,0,0
USR9596,34,1,59475,359,116403,300000,1.9571752837326608,0.38801,0,533,0.51,0,0,0.79,1,0,0
USR9157,47,0,13963,200,11049,200000,0.7913055933538637,0.055245,12,602,0.09,2,0,0.82,1,1,0
USR3610,43,2,51911,189,25446,200000,0.49018512454007823,0.12723,3,553,0.42,1,0,0.3,1,0,0
USR1194,24,0,19929,184,15063,300000,0.7558332078880025,0.05021,0,529,0.08,1,0,0.62,0,0,0
USR5238,29,4,29451,46,32714,200000,1.1107942005364844,0.16357,10,396,0.07,1,0,0.5,1,0,0
USR4904,58,0,42162,348,80015,300000,1.8977989658934586,0.26671666666666666,5,507,0.18,0,0,0.77,0,0,0
USR6146,28,3,55112,98,39211,200000,0.7114784438960662,0.196055,3,111,0.46,2,1,0.4,0,0,0
USR1335,27,1,47679,257,33948,300000,0.7120115774240231,0.11316,21,460,0.99,0,0,0.27,0,0,0
USR8702,30,1,19852,198,10785,200000,0.5432701994761233,0.053925,2,224,0.56,0,1,0.95,2,0,0
USR3115,35,4,54132,28,69787,200000,1.2892004729180522,0.348935,9,428,0.96,1,0,0.42,2,0,0
USR9930,19,3,33022,156,41064,500000,1.2435346132881109,0.082128,5,534,0.86,0,0,0.9,0,1,0
USR3560,33,4,40807,19,90912,500000,2.2278530644252212,0.181824,16,86,0.72,1,0,0.79,1,0,1
USR8214,67,0,40078,96,22458,300000,0.5603573032586456,0.07486,3,340,0.27,3,0,0.66,2,0,0
USR2668,40,0,31629,11,1000,300000,0.03161655442789845,0.0033333333333333335,6,303,0.42,3,0,0.92,1,0,0
USR1191,37,3,21362,72,13341,200000,0.6245201760134819,0.066705,6,534,0.94,0,0,0.12,2,1,0
USR9015,39,3,17902,149,20464,200000,1.143112501396492,0.10232,16,447,0.55,0,0,0.16,0,1,0
USR9345,69,1,18532,18,25374,200000,1.369199222965681,0.12687,16,196,0.73,0,0,0.26,1,1,0
USR1038,67,0,27722,207,5470,300000,0.1973162109515908,0.018233333333333334,6,382,0.84,1,0,0.31,0,1,0
USR1908,35,2,10815,323,12115,200000,1.120203421174295,0.060575,16,681,0.83,2,0,0.21,0,0,0
USR1703,42,1,43928,254,11776,500000,0.26807503187033327,0.023552,22,289,0.87,2,1,0.29,0,0,0
USR2892,63,1,33928,144,28490,500000,0.8397194058005187,0.05698,16,54,0.74,3,0,0.11,0,1,0
USR8947,66,3,25912,343,53512,100000,2.0651435628280335,0.53512,1,461,0.77,3,1,0.19,1,0,0
USR5996,19,2,58235,73,93188,100000,1.600206061646776,0.93188,13,441,0.86,3,0,0.85,2,0,0
USR4475,19,2,17838,259,11660,300000,0.6536607242964458,0.03886666666666667,0,280,0.83,3,0,0.23,1,0,0
USR6380,48,2,52875,94,49864,500000,0.9430543735224586,0.099728,5,8,0.57,1,0,0.71,0,0,0
USR9990,20,3,34551,204,35798,500000,1.036091574773523,0.071596,18,514,0.48,1,1,0.57,0,0,0
USR1817,42,3,33353,210,35927,200000,1.077174467064432,0.179635,1,553,0.29,3,0,0.96,2,0,0
USR1905,44,7,28454,266,1000,200000,0.03514444366345681,0.005,7,176,0.41,0,0,0.82,0,0,0
USR1564,60,1,39357,297,1000,500000,0.025408440683995222,0.002,1,630,0.34,2,1,0.28,1,1,0
USR3248,68,0,38729,213,39971,100000,1.0320689922280462,0.39971,9,693,0.87,3,0,0.95,0,0,0
USR5199,35,1,8216,191,1859,200000,0.22626582278481014,0.009295,4,362,0.24,0,0,0.85,0,0,0
USR2634,65,0,10721,194,6762,300000,0.6307247458259491,0.02254,2,52,0.78,1,0,0.89,1,0,0
USR1167,64,4,6690,89,4085,100000,0.6106128550074739,0.04085,12,255,0.6,0,0,0.13,0,0,0
USR9150,55,3,5371,91,2786,200000,0.5187115993297338,0.01393,9,448,0.27,3,0,0.73,2,0,0
USR5413,21,3,22720,206,26192,300000,1.1528169014084506,0.08730666666666667,10,213,0.68,3,1,0.2,0,0,0
USR3390,40,5,21771,74,56379,100000,2.5896375912911673,0.56379,1,269,0.75,0,0,0.26,0,1,1
USR5919,18,3,43582,303,27432,300000,0.6294341700702125,0.09144,1,498,0.48,2,0,0.28,2,0,0
USR7831,66,1,28374,312,52640,300000,1.8552195672094172,0.17546666666666666,21,700,0.87,0,0,0.02,0,0,0
USR1431,26,2,11475,274,5108,500000,0.44514161220043574,0.010216,6,149,0.46,0,1,0.03,0,0,0
USR6599,27,3,10259,315,10547,300000,1.0280729115898235,0.03515666666666667,10,483,0.14,0,0,0.45,2,0,0
USR5394,24,3,37779,201,50423,300000,1.3346832896582757,0.16807666666666668,7,114,0.6,2,0,0.18,0,1,0
USR8795,66,2,34462,340,1000,100000,0.02901746851604666,0.01,3,637,0.92,1,0,0.98,0,0,0
USR5138,29,3,27121,220,51972,100000,1.9163010213487703,0.51972,5,633,0.56,1,0,0.09,0,0,0
USR5674,64,0,7225,321,5661,500000,0.7835294117647059,0.011322,1,296,0.67,0,0,0.55,2,0,0
USR3395,39,0,43588,356,1000,500000,0.02294209415435441,0.002,7,553,0.37,0,0,0.65,1,0,0
USR3353,64,1,42763,346,57465,500000,1.3438018848069593,0.11493,23,490,0.75,2,0,0.15,0,0,0
USR9005,19,2,34714,338,42283,200000,1.2180388315953217,0.211415,0,448,0.56,0,0,0.63,0,0,0
USR1378,68,1,21876,107,29293,300000,1.3390473578350703,0.09764333333333333,7,344,0.4,0,0,0.1,0,0,0
USR3135,41,3,27039,311,68965,200000,2.5505750952328117,0.344825,14,203,0.82,1,1,0.04,1,0,0
USR3258,68,3,56004,223,66230,100000,1.1825941004213985,0.6623,5,27,0.36,2,0,0.56,0,1,0
USR9469,49,2,29056,149,16830,200000,0.579226321585903,0.08415,14,692,0.35,2,0,0.19,0,0,0
USR9869,64,2,21123,131,4288,500000,0.20300146759456517,0.008576,8,598,0.65,2,0,0.09,0,0,0
USR7128,32,3,16261,172,24352,500000,1.4975708750999324,0.048704,16,156,0.71,3,0,0.58,2,0,0
USR3647,66,5,26057,350,25324,200000,0.9718693633188779,0.12662,30,543,0.55,1,1,0.46,2,0,0
USR1120,31,1,34445,347,9216,100000,0.2675569748875018,0.09216,7,464,0.74,2,0,0.3,0,1,0
USR6001,45,1,11978,302,1000,300000,0.08348639171814994,0.0033333333333333335,3,320,0.17,1,1,0.09,0,1,0
USR2322,20,1,9837,299,12146,500000,1.2347260343600692,0.024292,9,575,0.14,0,1,0.71,0,1,0
USR8875,49,5,41259,49,62327,200000,1.5106279841973873,0.311635,1,218,0.58,1,0,0.99,0,0,0
USR6379,28,2,58449,348,39082,100000,0.6686513028452155,0.39082,1,269,0.29,1,0,0.61,2,0,0
USR7066,68,4,31048,148,44977,300000,1.4486279309456325,0.14992333333333333,2,453,0.39,0,1,0.58,1,0,0
USR4239,68,4,26689,81,26497,300000,0.992806024954101,0.08832333333333334,0,206,0.33,0,1,0.05,1,0,0
USR7897,59,2,55372,240,74320,500000,1.3421946109947265,0.14864,12,505,0.48,2,0,0.69,0,0,0
USR2842,56,3,58814,69,96064,100000,1.6333526031217058,0.96064,8,118,0.47,0,0,0.62,0,0,0
USR2462,33,4,37208,243,85501,100000,2.2979198021930767,0.85501,25,15,0.19,0,1,0.65,1,0,0
USR8155,54,2,55971,346,32425,300000,0.5793178610351789,0.10808333333333334,2,580,0.38,3,0,0.27,0,0,0
USR4746,66,1,59493,130,41497,100000,0.6975106315028659,0.41497,7,586,0.16,3,0,0.51,0,1,0
USR9850,60,0,49510,207,1000,500000,0.020197939810139367,0.002,2,249,0.8,0,0,0.87,1,0,0
USR5760,55,3,18910,291,23514,300000,1.2434690639873083,0.07838,0,645,0.89,3,0,0.96,2,1,0
USR5598,24,2,44490,331,54064,300000,1.2151944257136436,0.18021333333333334,5,262,0.3,0,0,0.88,1,0,0
USR5461,30,4,12720,6,12624,500000,0.9924528301886792,0.025248,0,154,0.01,0,1,0.68,0,1,0
USR3116,29,0,56890,284,66173,100000,1.1631745473721216,0.66173,1,349,0.52,0,0,0.15,0,0,0
USR7464,38,2,18596,283,33158,200000,1.7830716283071628,0.16579,0,571,0.24,1,1,0.96,2,1,0
USR9497,28,3,24962,128,12397,100000,0.49663488502523834,0.12397,0,634,0.86,0,0,0.16,0,0,0
USR9611,49,0,16714,59,13826,200000,0.8272107215507958,0.06913,2,491,0.7,1,0,0.86,0,0,0
USR7794,28,2,24545,183,50578,100000,2.060623344876757,0.50578,8,539,0.63,3,0,0.56,0,0,0
USR4559,37,4,43546,272,1000,100000,0.022964221742525145,0.01,16,604,0.57,1,0,0.67,2,0,0
USR2853,59,0,34214,185,16017,300000,0.4681416963815982,0.05339,3,584,0.25,0,0,0.93,0,0,0
USR3795,64,3,36741,252,32187,500000,0.8760512778639666,0.064374,8,284,0.52,1,0,0.49,1,1,0
USR4562,44,0,22842,260,11096,200000,0.48577182383328954,0.05548,14,183,0.26,1,1,0.87,2,0,0
USR8126,51,1,10475,249,5802,300000,0.5538902147971361,0.01934,24,516,0.72,1,0,0.13,0,0,0
USR1677,58,2,50061,124,13309,300000,0.2658556560995585,0.04436333333333333,3,53,0.83,3,0,0.04,2,0,0
USR8267,19,1,31675,301,52582,200000,1.6600473559589581,0.26291,10,405,0.09,2,0,0.81,2,0,0
USR1377,52,1,15043,357,2190,300000,0.14558266303263975,0.0073,2,525,0.95,0,0,0.27,0,0,0
USR7301,39,3,14301,297,29821,300000,2.085238794489896,0.09940333333333333,0,649,0.29,1,0,0.27,0,0,0
USR2030,65,1,6211,25,10935,500000,1.7605860569956528,0.02187,7,263,0.95,1,0,0.28,0,0,0
USR5140,20,1,31387,350,45750,200000,1.4576098384681555,0.22875,4,567,0.25,0,0,0.76,2,1,0
USR9987,26,1,28294,51,25279,500000,0.8934403053650951,0.050558,9,276,0.09,0,0,0.84,2,1,0
USR2111,27,2,36198,281,24260,100000,0.6702027736339025,0.2426,0,261,0.82,2,0,0.55,2,0,0
USR1007,65,3,41128,169,36371,100000,0.8843367049212215,0.36371,19,231,0.0,3,0,0.75,1,0,0
USR9706,22,4,25411,105,44914,300000,1.767502262799575,0.14971333333333334,3,550,0.13,1,1,0.45,0,0,0
USR9291,19,3,6614,191,9400,500000,1.4212276988206833,0.0188,9,297,0.13,0,1,0.28,0,0,0
USR3770,29,2,42379,362,27462,100000,0.6480096274098021,0.27462,9,536,0.69,0,0,0.84,1,1,0
USR7690,38,1,23179,8,8315,300000,0.3587298848095259,0.027716666666666667,7,299,0.13,3,1,0.9,0,0,0
USR2035,45,2,24278,322,11240,100000,0.46297059065820906,0.1124,0,604,0.51,3,0,0.22,1,0,0
USR8959,50,2,35364,26,68340,100000,1.9324737020699017,0.6834,3,278,0.72,0,1,0.54,0,0,0
USR6118,20,2,13490,47,3782,100000,0.28035581912527796,0.03782,1,444,0.34,1,0,0.71,2,1,0
USR5650,26,3,54826,345,40286,500000,0.734797358917302,0.080572,17,374,0.59,0,0,0.42,0,1,0
USR5097,70,1,44724,212,44624,200000,0.997764064037206,0.22312,6,168,0.88,3,1,0.11,1,0,0
USR8008,33,1,24439,114,25919,100000,1.0605589426735955,0.25919,1,688,0.48,3,0,0.71,2,0,0
USR1922,38,1,58865,364,38441,300000,0.6530366091905206,0.12813666666666668,11,82,0.59,1,0,0.98,0,1,0
USR4233,48,2,46947,226,41308,500000,0.8798858287004494,0.082616,4,507,0.87,1,0,0.41,0,0,0
USR7406,26,1,14999,204,22104,100000,1.4736982465497699,0.22104,11,567,0.52,1,0,0.21,0,0,0
USR2382,47,2,33888,255,44788,500000,1.3216477809254012,0.089576,4,47,0.6,2,1,0.66,2,0,0
USR4588,62,2,35117,169,69213,200000,1.9709257624512344,0.346065,9,262,0.04,1,0,0.95,0,0,0
USR6033,56,1,48361,76,65049,200000,1.3450714418643122,0.325245,13,190,0.55,0,0,0.92,0,0,0
USR5473,50,0,21406,237,42324,100000,1.9772026534616463,0.42324,3,418,0.23,1,0,0.48,1,0,0
USR5241,38,4,10259,157,9332,100000,0.9096403158202554,0.09332,3,668,0.98,0,0,0.64,2,1,0
USR3685,33,2,35420,234,35719,200000,1.0084415584415585,0.178595,13,184,0.75,1,0,0.97,1,0,0
USR3978,29,3,47413,143,17059,200000,0.3597958365849029,0.085295,3,409,0.99,1,1,0.59,0,0,0
USR8808,66,3,7028,252,2174,100000,0.3093340922026181,0.02174,8,338,0.4,2,1,0.84,1,0,0
USR2788,56,2,42246,125,71420,500000,1.6905742555508214,0.14284,4,182,0.43,2,0,0.63,0,0,0
USR6050,48,2,23117,130,14092,300000,0.6095946705887442,0.04697333333333333,3,114,0.61,0,0,0.71,1,0,0
USR3309,68,3,20523,33,15245,200000,0.742825123032695,0.076225,3,124,0.8,0,0,0.7,0,0,0
USR6523,68,3,24582,245,7280,100000,0.2961516556830201,0.0728,3,408,0.67,1,0,0.4,2,0,0
USR5632,41,1,12918,266,1000,100000,0.07741136398823348,0.01,4,272,0.17,1,1,0.22,1,0,0
USR2850,31,2,47306,147,68363,300000,1.4451232401809495,0.22787666666666667,2,402,0.04,1,0,0.99,1,0,0
USR7048,34,1,20144,344,15699,200000,0.7793387609213661,0.078495,9,601,0.77,2,1,0.16,0,0,0
USR1408,24,2,23680,177,13474,200000,0.5690033783783783,0.06737,15,126,0.15,3,0,0.52,2,0,0
USR3691,62,1,35862,136,81041,300000,2.259801461156656,0.2701366666666667,3,304,0.22,0,0,0.87,1,1,1
USR1174,56,2,35224,92,87766,300000,2.4916534181240064,0.29255333333333333,4,573,0.07,1,0,0.05,2,1,0
USR5136,52,1,32210,207,23447,300000,0.7279416330332195,0.07815666666666667,4,40,0.84,3,0,1.0,2,1,0
USR1222,49,3,9959,51,16746,200000,1.6814941259162566,0.08373,5,236,0.12,0,0,0.71,2,1,0
USR2320,66,0,15152,6,7911,300000,0.5221092925026399,0.02637,13,224,0.1,0,0,0.32,2,0,0
USR1739,22,2,53560,3,1000,200000,0.018670649738610903,0.005,1,674,0.53,3,1,0.37,0,0,0
USR3305,66,1,9951,116,15177,300000,1.5251733494121194,0.05059,15,390,0.45,0,1,0.82,1,0,0
USR8225,54,1,48899,171,52210,500000,1.0677109961348903,0.10442,9,549,0.56,0,1,0.92,0,0,0
USR3250,57,1,57638,56,104180,300000,1.8074881154793712,0.34726666666666667,0,658,0.05,3,0,0.09,0,0,0
USR1420,64,3,15391,38,13753,500000,0.8935741667208109,0.027506,2,493,0.08,0,0,0.22,2,0,0
USR8573,27,0,59390,168,59361,500000,0.9995117023067857,0.118722,7,466,0.43,0,0,0.83,0,1,0
USR4742,22,4,8212,180,7969,100000,0.9704091573307355,0.07969,10,203,0.31,1,0,0.97,2,0,0
USR7656,58,1,46822,94,36507,100000,0.779697578061595,0.36507,13,646,0.07,3,1,0.78,2,0,0
USR9216,63,6,10526,78,6842,100000,0.6500095002850086,0.06842,17,376,0.9,0,0,0.94,0,0,0
USR2873,56,2,6077,364,4057,200000,0.667599144314629,0.020285,8,270,0.21,0,0,0.96,2,1,0
USR5600,34,1,20681,104,12912,300000,0.6243411827281079,0.04304,13,520,0.98,0,0,0.65,0,0,0
USR9377,47,1,57135,1,9559,100000,0.1673055045068697,0.09559,10,593,0.49,3,1,0.4,2,0,0
USR8200,23,4,6756,352,1393,100000,0.2061870929544109,0.01393,10,437,0.48,1,0,0.32,0,0,0
USR4936,41,2,46511,15,71084,100000,1.5283266324095375,0.71084,14,79,0.77,2,0,0.17,2,0,0
USR9825,58,0,38129,67,30409,300000,0.7975294395342128,0.10136333333333333,12,6,0.25,0,0,0.41,1,0,0
USR6699,69,4,6927,291,6622,500000,0.9559693951205428,0.013244,0,676,0.16,1,0,0.13,2,1,0
USR9972,65,5,47025,254,99760,100000,2.121424774056353,0.9976,2,591,0.43,1,0,0.84,2,1,1
USR7343,70,4,46466,357,54070,200000,1.1636465372530453,0.27035,6,579,0.75,0,0,0.5,0,1,0
USR5169,62,1,21413,137,40472,100000,1.890066781861486,0.40472,4,563,0.6,0,0,0.7,2,0,0
USR1800,39,2,22500,237,9301,500000,0.4133777777777778,0.018602,6,676,0.14,1,0,0.38,2,0,0
USR7237,29,3,36890,128,35710,300000,0.9680130116562754,0.11903333333333334,11,159,0.81,1,0,0.58,1,0,0
USR1200,67,4,16611,307,13944,300000,0.8394437420986094,0.04648,2,116,0.5,0,0,0.05,2,0,0
USR9494,22,2,52737,251,77363,200000,1.4669586817604339,0.386815,5,286,0.74,0,0,0.46,0,0,0
USR4312,58,2,25943,172,35313,300000,1.3611764252399492,0.11771,2,516,0.82,2,1,0.5,0,0,0
USR4344,24,3,30809,104,1629,300000,0.0528741601480087,0.00543,15,375,0.26,0,0,0.33,0,0,0
USR7300,37,2,32108,156,22660,100000,0.7057431169801919,0.2266,6,473,0.72,3,0,0.37,0,0,0
USR2473,63,2,47256,286,49434,500000,1.0460893854748603,0.098868,14,168,0.89,1,0,0.44,2,1,0
USR2197,24,1,59665,311,33654,200000,0.5640492751194167,0.16827,19,237,0.88,3,0,0.33,1,1,0
USR5177,48,2,11648,317,10267,100000,0.8814388736263736,0.10267,11,428,0.56,2,0,0.86,0,0,0
USR3635,42,0,55178,58,32050,200000,0.5808474391967813,0.16025,2,373,0.84,3,1,0.13,0,1,0
USR2001,60,3,5859,22,8067,200000,1.3768561187916026,0.040335,18,486,0.67,2,1,0.72,0,0,0
USR9813,42,3,11857,136,17435,500000,1.4704394028843721,0.03487,8,140,0.53,1,0,0.94,0,0,0
USR7660,70,1,28318,240,31036,100000,1.0959813546154389,0.31036,4,288,0.82,2,0,0.61,0,0,0
USR3449,47,2,20364,173,21154,200000,1.0387939501080339,0.10577,22,522,0.51,3,0,0.41,0,0,0
USR6228,23,3,45336,186,48260,300000,1.0644962061055232,0.16086666666666666,9,642,0.6,3,0,0.01,0,1,0
USR6733,37,1,12659,192,2896,500000,0.22877004502725334,0.005792,1,237,0.71,1,0,0.96,0,0,0
USR4302,66,2,45797,147,65023,300000,1.4198091578050964,0.21674333333333334,12,581,0.19,0,1,0.04,0,0,0
USR8096,34,3,43144,354,39087,100000,0.9059660671240497,0.39087,5,653,0.72,1,0,0.2,0,1,0
USR1912,20,2,29628,147,35000,200000,1.1813149723234777,0.175,10,8,0.54,0,0,0.78,1,0,0
USR8630,58,2,38543,75,19837,300000,0.5146719248631398,0.06612333333333334,2,7,0.22,0,0,0.76,0,0,0
USR4019,26,2,47366,118,57431,300000,1.212494194147701,0.19143666666666667,3,209,0.56,1,0,0.46,2,0,0
USR4776,44,1,39726,173,13776,500000,0.34677541156924935,0.027552,0,672,0.31,0,0,0.97,1,0,0
USR7664,32,3,15860,299,24639,500000,1.553530895334174,0.049278,1,610,0.16,1,1,0.82,0,1,0
USR7378,66,2,11879,304,7815,500000,0.6578836602407611,0.01563,2,253,0.96,0,0,0.11,1,0,0
USR3748,54,2,53658,48,76716,300000,1.4297215699429722,0.25572,12,252,0.65,1,0,0.12,1,1,0
USR8368,60,3,8032,267,13360,500000,1.6633466135458168,0.02672,12,587,0.84,0,1,0.47,0,1,0
USR9353,36,3,47949,305,13969,500000,0.2913303718534276,0.027938,12,549,0.46,1,0,0.02,1,1,0
USR3640,57,2,12325,323,14559,200000,1.1812576064908722,0.072795,16,514,0.34,2,0,0.3,0,0,0
USR3922,28,0,22004,294,22009,200000,1.0002272314124705,0.110045,10,645,0.87,1,0,0.9,0,1,0
USR1176,48,1,32579,128,56143,300000,1.7232880076122656,0.18714333333333333,5,27,0.62,1,1,0.09,2,0,0
USR4515,60,1,52875,292,34761,200000,0.6574184397163121,0.173805,9,66,0.29,1,0,0.35,0,0,0
USR9703,55,5,8454,47,7011,100000,0.8293115684882896,0.07011,0,446,0.92,2,0,0.06,0,0,0
USR7321,39,3,22939,149,7423,500000,0.32359736692968305,0.014846,10,478,0.56,2,0,0.53,0,1,0
USR6926,35,5,58115,49,57618,100000,0.991447991052224,0.57618,7,346,0.67,1,0,0.5,0,0,0
USR5983,32,0,14534,196,11506,200000,0.7916609329847255,0.05753,3,452,0.18,1,0,0.69,2,0,0
USR5520,50,1,55332,216,45592,200000,0.8239716619677583,0.22796,3,183,0.05,0,0,0.71,0,0,0
USR9902,66,3,52385,310,89135,200000,1.7015366994368617,0.445675,7,85,0.78,0,0,0.34,1,0,0
USR6116,69,3,57360,290,1000,100000,0.017433751743375175,0.01,8,349,0.17,0,0,0.84,2,0,0
USR3210,67,1,7060,175,9623,300000,1.363031161473088,0.03207666666666667,20,416,0.14,0,0,0.35,1,1,0
USR9346,64,0,37068,226,28423,100000,0.7667799719434553,0.28423,2,693,0.8,2,0,0.84,1,0,0
USR1035,52,2,23214,260,25176,100000,1.0845179632980098,0.25176,17,660,0.74,0,1,0.51,1,0,0
USR4320,52,0,14559,269,1000,100000,0.068686036128855,0.01,2,541,0.55,2,1,0.27,0,0,0
USR4463,57,2,30169,11,34811,100000,1.1538665517584275,0.34811,13,457,0.48,3,0,0.86,0,1,0
USR2712,21,1,56119,262,43464,100000,0.7744970509096741,0.43464,9,25,0.28,0,0,0.83,0,1,0
USR7178,58,6,35873,323,22309,500000,0.6218883282691718,0.044618,2,273,0.8,2,0,0.04,2,0,0
USR1001,59,2,28042,56,36178,100000,1.290136224235076,0.36178,16,293,0.81,1,0,0.22,0,0,0
USR4886,24,1,34266,294,43644,200000,1.2736823673612327,0.21822,0,686,0.88,2,0,0.3,0,1,0
USR7279,39,2,8920,112,10059,100000,1.1276905829596413,0.10059,9,302,0.89,1,0,0.63,1,0,0
USR7619,32,2,43454,203,32611,200000,0.7504717632438901,0.163055,3,412,0.35,0,0,0.12,2,0,0
USR1801,27,2,44843,307,52893,500000,1.1795151974667173,0.105786,4,620,0.68,0,0,0.55,2,1,0
USR7635,47,3,21213,346,34929,300000,1.6465846414934238,0.11643,25,235,0.73,2,0,0.33,1,1,0
USR7644,32,0,44279,214,16193,500000,0.3657038325165428,0.032386,10,545,0.03,0,0,0.32,1,0,0
USR1962,35,0,28349,44,45566,500000,1.6073230096299693,0.091132,7,335,0.37,1,1,0.49,0,0,0
USR6222,39,2,7378,123,11793,100000,1.5984006505828137,0.11793,3,509,0.46,1,0,0.57,0,1,0
USR2160,24,3,8550,121,18243,500000,2.1336842105263156,0.036486,0,371,0.51,2,1,0.18,2,0,0
USR4983,32,3,22025,298,32913,200000,1.4943473325766174,0.164565,2,121,0.06,1,0,0.2,2,0,0
USR1577,54,3,48314,17,63502,100000,1.3143602268493604,0.63502,10,120,0.45,2,0,0.03,0,0,0
USR2128,29,0,34331,239,28968,500000,0.843785499985436,0.057936,4,650,0.93,3,1,0.64,2,1,0
USR3746,36,2,36101,2,22340,300000,0.6188194232846735,0.07446666666666667,4,126,0.73,2,1,0.45,2,0,0
USR8157,36,1,40450,10,33291,100000,0.8230160692212608,0.33291,4,691,0.64,1,0,0.22,0,0,0
USR2885,18,3,11159,175,13403,300000,1.201093287929026,0.04467666666666667,6,299,0.47,0,0,0.47,1,0,0
USR5787,47,0,28952,132,32354,100000,1.117504835589942,0.32354,4,566,0.45,0,1,0.94,1,0,0
USR3186,52,0,10580,6,2265,500000,0.21408317580340264,0.00453,10,130,0.4,3,0,0.68,1,0,0
USR6850,58,4,12312,279,10133,500000,0.8230181936322287,0.020266,17,566,0.19,0,1,0.63,0,0,0
USR4646,27,4,31668,151,1000,100000,0.03157761778451434,0.01,5,146,0.11,3,1,0.29,2,0,0
USR5865,18,0,32232,67,39445,500000,1.223783817324398,0.07889,1,357,0.9,0,0,0.26,0,0,0
USR4228,63,0,13723,309,7740,500000,0.5640166144429061,0.01548,11,605,1.0,1,0,0.57,2,0,0
USR1467,37,1,11134,126,24337,500000,2.1858271959762887,0.048674,0,414,0.17,0,0,0.85,0,0,0
USR1533,57,5,14285,342,6472,300000,0.45306265313265665,0.021573333333333333,19,658,0.02,2,0,0.74,0,1,0
USR1102,32,2,41337,228,23871,500000,0.5774729661078453,0.047742,0,398,0.56,0,0,0.34,1,0,0
USR2302,60,3,59504,98,74326,200000,1.2490924979833289,0.37163,7,692,0.86,0,0,0.99,2,1,0
USR5988,61,2,55893,42,12264,200000,0.21941924749074124,0.06132,9,151,0.27,1,0,0.7,2,1,0
USR4021,41,1,54223,306,42251,300000,0.7792080851299265,0.14083666666666667,2,292,0.89,0,1,0.78,2,0,0
USR9835,52,1,40363,203,70730,100000,1.7523474469192082,0.7073,12,195,0.36,2,0,0.17,1,0,0
USR5691,49,5,45462,250,46773,300000,1.0288372706876072,0.15591,15,410,0.58,3,1,0.21,0,0,0
USR4605,41,0,44075,57,25496,500000,0.5784685195689167,0.050992,13,23,0.68,1,0,0.72,0,0,0
USR9047,53,3,37562,231,58436,200000,1.555721207603429,0.29218,12,396,0.12,1,0,0.86,1,1,0
USR4564,53,1,53102,170,34998,500000,0.659071221422922,0.069996,6,651,0.88,1,0,0.92,0,0,0
USR4061,66,3,40854,293,17270,300000,0.4227248249865374,0.05756666666666667,0,86,0.07,3,0,0.92,0,0,0
USR1975,23,4,41308,112,1000,500000,0.02420838578483587,0.002,0,524,0.18,2,1,0.46,1,0,0
USR1888,48,5,44832,18,18451,300000,0.41155870806566736,0.06150333333333333,9,666,0.5,0,0,0.93,0,0,0
USR8166,56,3,49493,19,41639,100000,0.8413108924494372,0.41639,3,462,0.14,1,0,0.24,0,0,0
USR8616,63,3,27865,43,36788,200000,1.3202225013457742,0.18394,5,441,0.41,2,0,0.11,0,0,0
USR4529,38,3,18211,187,42012,300000,2.306957333479765,0.14004,5,279,0.37,0,0,0.26,0,0,0
USR9469,48,2,34547,236,70949,100000,2.0536949662778246,0.70949,3,550,0.82,0,0,0.44,0,0,0
USR3191,31,3,39574,102,36046,500000,0.9108505584474655,0.072092,3,256,0.76,0,0,0.7,0,1,0
USR2280,23,3,28930,287,24795,200000,0.8570687867265814,0.123975,6,124,0.88,1,1,0.65,0,1,0
USR4342,20,0,43112,127,18985,500000,0.44036463165707923,0.03797,15,151,0.49,0,0,0.71,0,0,0
USR2625,38,4,48217,219,22829,500000,0.47346371611672233,0.045658,6,498,0.05,1,0,0.04,2,0,0
USR6286,52,3,45927,251,35442,200000,0.771702919851068,0.17721,2,368,0.71,1,1,0.56,1,0,0
USR5818,66,3,46720,27,105522,500000,2.2586044520547945,0.211044,5,121,0.82,3,0,0.8,0,0,1
USR6329,62,4,44389,71,38055,100000,0.8573069904706121,0.38055,0,554,0.58,2,0,0.1,1,1,0
USR3620,38,2,28906,45,33220,100000,1.1492423718259186,0.3322,1,60,0.18,0,0,0.85,0,1,0
USR4790,35,1,23209,47,32094,100000,1.3828256279891422,0.32094,10,285,0.73,0,0,0.85,1,0,0
USR4639,48,4,38864,298,52477,500000,1.3502727459860024,0.104954,0,84,0.29,3,1,0.68,0,0,0
USR9643,67,1,15210,356,1000,300000,0.06574621959237344,0.0033333333333333335,3,399,0.07,1,1,0.39,0,0,0
USR5784,47,1,11461,236,2437,500000,0.2126341505976791,0.004874,2,461,0.19,1,0,0.0,2,0,0
USR3103,45,3,28521,313,35154,500000,1.2325654780687914,0.070308,2,382,0.86,0,0,0.58,0,0,0
USR6479,61,0,53381,281,41653,300000,0.7802963601281355,0.13884333333333335,7,684,0.68,2,1,0.11,2,0,0
USR1436,53,1,24065,302,31207,200000,1.2967795553708705,0.156035,0,456,0.58,0,1,0.09,0,0,0
USR2343,23,1,48807,85,14705,500000,0.30128874956461166,0.02941,12,234,0.86,3,0,0.59,0,0,0
USR4591,69,5,54625,195,19799,200000,0.36245308924485126,0.098995,1,328,0.66,1,1,0.91,0,1,0
USR7060,32,2,41111,131,57713,300000,1.4038335238743889,0.19237666666666667,4,83,0.54,1,0,0.26,0,0,0
USR7458,35,3,7667,206,11820,300000,1.5416721012129908,0.0394,3,433,0.84,2,1,0.46,1,0,0
USR1170,57,3,9341,45,2247,100000,0.24055240338293546,0.02247,7,487,0.14,0,0,0.45,1,0,0
USR7117,31,4,6100,72,12578,100000,2.061967213114754,0.12578,7,485,0.48,1,1,0.48,0,0,0
USR6060,21,0,18862,137,18964,300000,1.0054076980171773,0.06321333333333333,4,39,0.42,2,1,0.86,1,0,0
USR8134,59,2,22242,233,31974,200000,1.4375505799838144,0.15987,27,535,0.18,0,0,0.69,0,0,0
USR1244,27,2,24692,361,35708,300000,1.4461364004535882,0.11902666666666667,6,469,0.93,0,1,0.06,0,0,0
USR4495,49,4,6653,338,5760,300000,0.8657748384187585,0.0192,10,360,0.88,0,0,0.73,0,0,0
USR8619,26,0,37631,183,1000,100000,0.026573835401663522,0.01,1,652,0.53,0,0,0.39,1,0,0
USR9164,31,2,28247,215,19175,300000,0.6788331504230538,0.06391666666666666,8,381,0.62,0,0,0.58,0,0,0
USR3264,49,1,52431,211,50615,500000,0.9653640022124316,0.10123,1,420,0.81,1,0,0.76,2,0,0
USR9694,61,0,10242,271,5189,100000,0.5066393282562,0.05189,7,190,0.09,0,0,0.94,0,1,0
USR4935,54,0,34534,314,55515,200000,1.6075461863670586,0.277575,6,591,0.54,0,0,0.84,1,0,0
USR4172,51,1,44428,278,52251,300000,1.176082650580715,0.17417,10,644,0.05,0,0,0.55,0,1,0
USR2814,23,3,42511,152,69021,300000,1.623603302674602,0.23007,11,259,0.03,1,0,0.59,0,1,0
USR7235,27,2,28139,288,48625,200000,1.7280287145954014,0.243125,2,430,0.68,0,0,0.63,0,1,0
USR2092,58,2,33068,359,41742,300000,1.262307971452764,0.13914,8,631,0.3,0,1,0.38,0,0,0
USR7671,42,4,28358,272,31522,100000,1.1115734536991326,0.31522,5,241,0.55,3,1,0.56,0,0,0
USR3813,41,3,19237,365,18321,500000,0.9523834277694028,0.036642,5,678,0.46,0,1,0.74,0,0,0
USR4487,63,4,59396,316,90876,200000,1.53000202033807,0.45438,1,322,0.54,1,0,0.34,0,0,0
USR7754,32,1,6798,74,11506,300000,1.692556634304207,0.038353333333333336,12,347,0.67,1,0,0.96,0,0,0
USR7341,42,2,42835,16,47035,500000,1.0980506595074122,0.09407,7,472,0.68,1,1,0.75,1,0,0
USR4060,31,1,16441,265,23783,100000,1.446566510552886,0.23783,8,395,0.32,0,1,0.85,0,0,0
USR7966,35,5,17348,356,15849,200000,0.9135923449388978,0.079245,6,402,0.36,1,1,0.34,0,0,0
USR8998,62,2,18204,68,35171,200000,1.9320479015600966,0.175855,9,224,0.8,3,0,0.25,1,1,1
USR8034,57,3,55520,224,38367,200000,0.6910482708933717,0.191835,17,570,0.62,1,0,0.05,0,0,0
USR8228,65,4,56808,334,46442,300000,0.8175257006055485,0.15480666666666668,1,294,0.09,2,0,0.17,0,1,0
USR7306,57,0,28580,150,36496,100000,1.2769769069279215,0.36496,9,518,0.9,1,0,0.75,0,0,0
USR2910,46,2,11282,18,17610,300000,1.56089345860663,0.0587,2,490,0.47,0,0,0.03,2,0,0
USR8686,22,1,22052,20,25919,300000,1.1753582441501904,0.08639666666666666,5,382,0.95,3,1,0.08,1,0,0
USR6114,24,2,30688,136,31989,500000,1.0423944212721585,0.063978,13,215,0.08,1,0,0.19,0,0,0
USR8265,62,5,20833,225,3432,100000,0.16473863581817308,0.03432,10,355,0.03,0,0,0.83,0,0,0
USR5096,41,1,33005,154,39444,100000,1.1950916527798818,0.39444,7,522,0.25,1,0,0.54,2,0,0
USR5390,23,2,42304,276,23817,500000,0.5629964069591528,0.047634,8,425,0.4,3,1,0.55,0,1,0
USR4342,26,7,29794,58,42456,500000,1.424984896287843,0.084912,32,154,0.03,3,1,0.12,0,0,0
USR5451,42,6,32042,67,57416,200000,1.7918981336995194,0.28708,1,668,0.28,0,0,0.77,0,0,0
USR6057,38,0,45531,87,95064,300000,2.087896158661132,0.31688,11,664,0.79,2,0,0.16,0,1,1
USR8638,49,8,13298,133,14087,300000,1.059332230410588,0.04695666666666667,10,440,0.29,0,0,0.56,1,0,0
USR3317,55,1,16436,357,9673,500000,0.5885251886103675,0.019346,7,578,0.73,3,0,0.5,0,0,0
USR6687,48,0,19132,195,12805,100000,0.6692975120217437,0.12805,9,574,0.61,3,0,0.02,1,0,0
USR8469,20,1,33779,249,24810,100000,0.7344800023683353,0.2481,0,218,0.88,0,0,0.14,0,1,0
USR7479,44,2,45850,10,90343,300000,1.9704034896401308,0.3011433333333333,7,559,0.77,3,0,0.01,0,0,0
USR4170,48,0,58971,139,73831,200000,1.2519882654185956,0.369155,8,598,0.14,1,0,0.81,2,1,0
USR6180,33,4,48341,334,72957,300000,1.509215779566,0.24319,18,592,0.6,0,0,0.82,2,0,0
USR7351,42,3,22157,91,2022,100000,0.09125784176558198,0.02022,8,594,0.14,0,0,0.77,0,0,0
USR1764,57,2,58103,126,33325,300000,0.573550419083352,0.11108333333333334,7,316,0.43,3,0,0.36,2,0,0
USR2135,21,1,13143,364,7418,200000,0.5644069086205584,0.03709,6,119,0.43,1,0,0.43,2,0,0
USR6492,32,2,12250,171,14658,500000,1.1965714285714286,0.029316,2,365,0.37,3,0,0.63,1,0,0
USR8448,26,1,8380,1,1000,300000,0.11933174224343675,0.0033333333333333335,4,298,0.16,1,0,0.67,2,0,0
USR6660,43,3,13555,269,10619,500000,0.783400959055699,0.021238,0,126,0.3,1,0,0.86,0,1,0
USR6093,69,2,58495,91,52902,200000,0.9043849901701,0.26451,1,585,0.01,0,0,0.18,0,0,0
USR1409,42,1,28964,304,18593,100000,0.6419348156331999,0.18593,5,97,0.46,3,0,0.3,1,1,0
USR5154,49,4,43968,37,35026,300000,0.7966248180494906,0.11675333333333333,0,172,0.27,1,0,0.82,0,0,0
USR7647,54,1,50793,93,55894,100000,1.1004272242238105,0.55894,14,214,0.52,1,1,0.7,0,0,0
USR4062,49,1,50437,340,80426,300000,1.5945833415944644,0.26808666666666664,3,128,0.66,0,0,0.68,0,1,0
USR7408,20,6,5527,171,5119,200000,0.9261805681201375,0.025595,17,76,0.41,1,0,0.34,2,0,0
USR5245,32,5,32575,174,30346,100000,0.9315732924021489,0.30346,0,243,0.71,1,0,0.58,0,0,0
USR3142,43,2,43997,145,66305,200000,1.5070345705389003,0.331525,7,393,0.53,1,0,0.82,1,0,0
USR7928,56,1,30455,77,22214,500000,0.7294040387456904,0.044428,3,358,0.14,1,1,0.8,1,0,0
USR4776,42,3,30445,294,32527,200000,1.0683856134012153,0.162635,5,332,0.78,0,0,0.6,2,0,0
USR6099,24,5,8771,304,8210,200000,0.9360392201573366,0.04105,4,281,0.33,3,0,0.36,0,0,0
USR6452,21,1,11758,103,13404,200000,1.1399897941826842,0.06702,3,8,0.85,1,1,0.79,0,0,0
USR4619,52,2,59727,56,73324,200000,1.2276524854755806,0.36662,2,29,0.26,3,1,0.44,0,0,0
USR5690,56,2,39671,285,24712,500000,0.6229235461672255,0.049424,14,441,0.53,0,1,0.06,0,0,0
USR3321,35,2,18956,349,21263,200000,1.1217028909052542,0.106315,1,124,0.03,0,1,0.85,0,0,0
USR2180,42,2,57775,122,46878,100000,0.8113890090869753,0.46878,5,555,0.54,3,1,0.84,1,0,0
USR2991,68,0,42939,48,71070,300000,1.6551386851114371,0.2369,10,496,0.78,1,0,0.4,2,0,0
USR2887,22,2,8755,86,6600,200000,0.7538549400342661,0.033,8,208,0.39,0,0,0.7,0,0,0
USR3233,19,2,26996,10,41577,500000,1.5401170543784264,0.083154,3,436,0.15,2,0,0.12,0,1,0
USR6586,70,0,19554,137,18001,100000,0.9205789096859978,0.18001,3,690,0.33,0,0,0.15,0,0,0
USR5329,39,4,37094,336,16009,500000,0.43157923114250285,0.032018,25,6,0.36,1,1,0.74,2,0,0
USR4569,53,0,33162,50,26078,100000,0.7863820034979796,0.26078,9,225,0.26,1,0,0.66,1,0,0
USR6307,26,2,54945,283,86489,500000,1.574101374101374,0.172978,3,441,0.16,3,0,0.41,0,0,0
USR9834,51,2,40594,65,57161,100000,1.4081144996797557,0.57161,3,494,0.47,1,0,0.16,1,1,0
USR9684,52,8,58000,177,51821,100000,0.8934655172413793,0.51821,1,604,0.09,0,0,0.36,1,0,0
USR3590,69,2,50482,59,34335,200000,0.6801434174557268,0.171675,2,498,0.32,1,0,0.81,0,1,0
USR8570,63,0,43594,233,75367,100000,1.7288388310317935,0.75367,1,112,0.88,2,0,0.89,0,0,0
USR3156,21,1,12554,353,1000,200000,0.07965588657001753,0.005,2,522,0.94,0,0,0.19,2,0,0
USR1611,45,4,58663,292,101174,100000,1.7246646097199256,1.01174,6,550,0.77,0,0,0.54,0,0,0
USR8892,57,2,45133,113,16471,100000,0.3649436111049565,0.16471,7,600,0.52,1,1,0.25,0,1,0
USR8398,33,2,14247,165,22158,100000,1.5552747946936196,0.22158,17,59,0.85,0,0,0.94,0,0,0
USR7903,45,3,55637,219,131561,300000,2.364631450293869,0.4385366666666667,5,475,0.92,1,0,0.51,2,0,0
USR8751,43,4,6435,321,1000,500000,0.1554001554001554,0.002,1,341,0.55,1,1,0.35,2,0,0
USR6267,32,1,10315,313,1000,300000,0.09694619486185167,0.0033333333333333335,1,79,0.41,1,1,0.9,0,0,0
USR6746,66,2,5607,311,1902,500000,0.3392188336008561,0.003804,4,624,0.65,2,1,0.46,2,0,0
USR6166,38,1,46447,303,75302,200000,1.6212457209292312,0.37651,5,656,0.44,0,0,0.37,1,0,0
USR1584,45,3,46390,151,70267,300000,1.5147014442767839,0.23422333333333334,20,433,0.83,0,0,0.3,0,0,0
USR9058,53,1,27649,202,32643,500000,1.1806213606278708,0.065286,1,214,0.0,1,1,0.44,1,0,0
USR9541,21,3,57884,279,1000,200000,0.017275931172690207,0.005,10,428,0.32,0,1,0.65,2,0,0
USR2864,39,2,13817,312,18870,100000,1.3657089093146124,0.1887,8,285,0.84,1,0,0.78,0,0,0
USR2929,26,0,13491,296,5366,500000,0.3977466459120895,0.010732,7,571,0.64,3,0,0.01,2,0,0
USR8446,58,0,41011,316,4961,500000,0.12096754529272634,0.009922,2,696,0.52,3,0,0.04,0,0,0
USR7446,28,1,48425,248,14442,200000,0.29823438306659783,0.07221,12,319,0.63,0,0,0.96,0,0,0
USR1001,51,3,13017,294,1000,300000,0.07682261657832065,0.0033333333333333335,5,395,0.43,1,0,0.03,1,1,0
USR7791,18,2,34791,62,31192,200000,0.8965537064183265,0.15596,2,148,0.26,1,0,0.68,0,1,0
USR6434,65,2,16713,317,26908,500000,1.6100041883563694,0.053816,4,78,0.82,0,0,0.87,2,1,0
USR1695,68,0,22413,211,21020,200000,0.937848570026324,0.1051,7,97,0.32,3,1,0.01,2,0,0
USR2599,59,1,17610,275,17108,300000,0.9714934696195343,0.05702666666666667,14,197,0.69,0,0,0.42,0,1,0
USR6799,59,5,57954,113,44722,300000,0.7716809883700866,0.14907333333333334,15,590,0.04,2,0,0.35,2,1,0
USR2577,20,1,39677,190,61108,200000,1.5401366030697885,0.30554,9,142,0.62,0,1,0.91,0,0,0
USR5780,43,2,56422,199,85721,100000,1.5192832583034985,0.85721,16,299,0.23,3,1,0.83,1,0,0
USR1692,46,2,44299,150,63106,100000,1.4245468294995371,0.63106,5,695,0.28,1,0,0.5,0,0,0
USR9042,19,3,56081,65,35264,100000,0.628804764537009,0.35264,0,351,0.73,0,0,0.29,0,0,0
USR7555,66,3,58654,32,32246,300000,0.5497664268421592,0.10748666666666666,18,93,0.1,1,1,0.44,0,1,0
USR6699,31,1,43255,55,29609,100000,0.684522020575656,0.29609,13,679,0.3,0,0,0.49,2,0,0
USR3529,52,5,45898,248,46015,100000,1.0025491306810754,0.46015,5,98,0.83,3,0,0.61,2,0,0
USR7443,64,1,31095,42,23880,100000,0.7679691268692715,0.2388,21,509,0.59,0,0,0.85,0,0,0
USR9327,24,2,40332,124,43999,200000,1.0909203610036695,0.219995,9,434,0.5,0,0,0.47,1,0,0
USR2507,38,1,40635,69,13587,300000,0.3343669250645995,0.04529,7,670,0.19,3,0,0.77,2,1,0
USR9169,20,2,34509,132,41476,300000,1.2018893621953692,0.13825333333333334,7,396,0.33,0,0,0.17,1,0,0
USR2798,19,2,40864,311,49151,500000,1.2027946358653092,0.098302,8,362,0.88,1,0,0.04,0,1,0
USR7372,64,3,13337,111,10661,300000,0.7993551773262353,0.03553666666666667,6,217,0.49,0,0,0.43,1,0,0
USR6271,52,3,35505,354,60238,200000,1.6966061118152373,0.30119,14,253,0.2,0,0,0.96,1,0,0
USR3818,66,4,31347,11,36304,500000,1.1581331546878488,0.072608,11,248,0.37,0,1,0.3,0,0,0
USR1298,54,4,31336,149,59392,200000,1.8953280571866225,0.29696,4,278,0.55,1,0,0.43,0,0,0
USR9990,19,3,50927,250,22937,200000,0.4503897735975023,0.114685,14,216,0.75,1,0,0.28,1,0,0
USR7640,23,4,41482,232,45873,500000,1.1058531411214503,0.091746,15,48,0.63,1,0,0.55,0,1,0
USR4905,18,2,10182,56,9342,300000,0.9175014731879788,0.03114,21,51,0.66,3,0,0.86,0,0,0
USR5436,35,3,42096,346,62557,300000,1.486055682250095,0.20852333333333334,10,100,0.39,1,0,0.65,0,0,0
USR4776,54,3,13037,5,6148,100000,0.47158088517296926,0.06148,5,119,0.58,1,0,0.37,0,0,0
USR5235,33,3,52381,261,36716,100000,0.7009411809625627,0.36716,1,89,0.5,0,0,0.36,0,0,0
USR3047,62,1,47451,4,62065,300000,1.3079808644707172,0.20688333333333334,0,652,0.38,3,0,0.8,2,0,0
USR2587,42,1,51234,100,101008,300000,1.9715032985907797,0.33669333333333334,14,697,0.63,0,0,0.57,0,0,0
USR4578,35,3,43306,110,54631,100000,1.2615111070059577,0.54631,5,256,0.1,1,0,0.23,2,0,0
USR5366,51,1,9013,199,12210,300000,1.354709863530456,0.0407,7,517,0.38,0,1,0.4,0,0,0
USR6442,46,2,14858,271,16952,200000,1.140934176874411,0.08476,1,148,0.11,0,0,0.53,2,1,0
USR6557,45,2,31451,146,18389,200000,0.5846872913420877,0.091945,8,575,0.82,1,0,0.41,2,1,0
USR9631,29,3,33244,232,37997,200000,1.1429731680904824,0.189985,23,591,0.24,1,1,0.25,0,0,0
USR8694,21,3,22790,365,8229,100000,0.3610794207985959,0.08229,1,473,0.19,1,0,0.46,2,0,0
USR8563,69,3,41296,175,24604,100000,0.5957962030220845,0.24604,17,383,0.32,1,0,0.05,2,0,0
USR2389,57,4,12110,61,19699,200000,1.626672171758877,0.098495,7,592,0.8,1,0,0.28,0,0,0
USR4916,22,2,50318,330,62053,500000,1.233216741523908,0.124106,13,687,0.26,0,1,0.17,0,0,0
USR9053,53,1,9231,261,2877,500000,0.311667208319792,0.005754,11,170,0.68,0,0,0.55,0,0,0
USR1307,24,2,40855,112,13251,200000,0.32434218577897445,0.066255,19,536,0.04,0,0,0.43,0,0,0
USR8306,49,3,47005,108,76824,200000,1.6343793213487927,0.38412,2,60,0.51,3,1,0.46,1,0,0
USR1185,57,3,28809,307,38674,100000,1.3424277135617342,0.38674,8,128,0.92,0,0,0.7,0,1,0
USR2216,18,3,37794,334,11150,200000,0.2950203736042758,0.05575,4,245,0.6,3,1,0.47,1,0,0
USR5131,23,0,17278,196,4514,500000,0.2612570899409654,0.009028,12,565,0.98,0,0,0.18,0,0,0
USR4462,32,3,47999,255,80027,100000,1.6672639013312778,0.80027,5,399,0.66,1,0,0.7,2,0,0
USR6251,59,2,13389,80,11067,100000,0.8265740533273582,0.11067,5,383,0.31,0,0,0.71,0,1,0
USR8352,56,3,31301,195,1000,200000,0.031947861090699976,0.005,8,672,0.21,0,0,0.49,0,0,0
USR4358,28,6,27309,277,20784,200000,0.7610677798527958,0.10392,7,382,0.79,0,0,0.55,0,1,0
USR1450,39,3,5545,239,9323,500000,1.6813345356176737,0.018646,0,418,0.65,0,0,0.07,0,0,0
USR8624,26,3,29160,48,33088,200000,1.1347050754458161,0.16544,5,628,0.09,2,0,0.67,2,0,0
USR8209,47,3,31213,189,65741,300000,2.1062057476051645,0.21913666666666667,7,228,0.2,0,0,0.07,0,1,0
USR1462,49,1,23481,41,10659,200000,0.4539414846045739,0.053295,7,326,0.81,1,0,0.81,0,0,0
USR1609,22,1,20142,314,20758,500000,1.0305828616820574,0.041516,9,208,0.29,0,1,0.91,1,0,0
USR4740,35,1,5215,126,8632,300000,1.6552253116011506,0.028773333333333335,14,64,0.4,1,0,0.15,2,0,0
USR8504,50,0,24413,158,19626,200000,0.8039159464219883,0.09813,2,363,0.33,0,0,0.29,2,1,0
USR5062,54,0,41587,299,7539,500000,0.18128261235482243,0.015078,14,305,0.85,1,0,0.31,0,0,0
USR5166,61,3,5828,245,8454,500000,1.4505833905284833,0.016908,5,319,0.87,1,0,0.78,0,0,0
USR5646,68,5,31525,87,38390,300000,1.2177636796193496,0.12796666666666667,5,121,0.35,0,1,0.45,1,1,0
USR8634,64,5,42807,140,29137,300000,0.6806597051884038,0.09712333333333334,4,136,0.96,0,0,0.4,2,1,0
USR9086,48,1,38490,242,13580,100000,0.3528189140036373,0.1358,0,101,0.87,3,0,0.48,0,0,0
USR2257,40,4,45182,312,24560,100000,0.5435793014917445,0.2456,12,305,0.87,0,0,0.34,1,0,0
USR8182,69,2,47359,135,35793,500000,0.7557803163073544,0.071586,7,343,0.41,3,1,0.06,1,0,0
USR1756,59,3,32057,337,1000,100000,0.031194434912811556,0.01,25,56,0.84,0,1,0.3,0,1,0
USR1537,65,2,36531,322,46070,300000,1.2611206920150009,0.15356666666666666,25,252,0.48,1,0,0.37,0,0,0
USR3414,51,2,10924,129,9877,100000,0.9041559868180153,0.09877,11,145,0.09,1,1,0.03,0,1,0
USR7842,69,0,26740,151,21598,200000,0.8077038145100972,0.10799,2,206,0.58,0,0,0.91,0,0,0
USR7568,20,2,28883,74,24845,300000,0.860194578125541,0.08281666666666666,0,297,0.97,2,0,0.19,0,0,0
USR9108,66,2,22106,19,38435,300000,1.7386682348683615,0.12811666666666666,9,518,0.07,1,0,0.21,0,0,0
USR5159,34,3,56029,46,83789,100000,1.495457709400489,0.83789,0,287,0.98,3,0,0.08,0,0,0
USR1901,40,1,52507,263,1000,100000,0.01904507970365856,0.01,10,55,0.65,1,0,0.42,0,0,0
USR3601,33,1,37920,181,32773,200000,0.8642668776371308,0.163865,0,55,0.97,0,0,0.78,0,1,0
USR7554,49,0,23974,88,10578,300000,0.4412279969967465,0.03526,5,525,0.35,1,0,0.36,0,0,0
USR6027,18,1,10906,204,12610,300000,1.1562442692096093,0.04203333333333333,6,209,0.25,3,0,0.56,0,0,0
USR3539,65,2,31852,8,25246,200000,0.7926032902172548,0.12623,20,663,0.26,0,0,0.63,0,0,0
USR7376,25,1,36848,249,35558,100000,0.9649913156752062,0.35558,3,334,0.33,2,0,0.57,2,0,0
USR9494,61,3,35884,224,64096,200000,1.7861999777059414,0.32048,1,109,0.15,3,0,0.4,1,0,0
USR4815,18,0,24821,122,14801,300000,0.5963095765682285,0.04933666666666667,1,251,0.64,3,1,0.91,0,0,0
USR9982,35,0,40754,318,17736,100000,0.435196545124405,0.17736,11,524,0.72,0,1,0.01,0,1,0
USR3117,61,3,23224,123,12170,200000,0.5240268687564589,0.06085,5,293,0.39,1,0,0.5,1,0,0
USR6713,24,2,45050,38,58470,200000,1.297891231964484,0.29235,3,640,0.66,2,0,0.2,2,0,0
USR5435,18,3,33122,203,12362,100000,0.3732262544532335,0.12362,1,514,0.88,0,0,0.9,0,0,0
USR3000,37,0,15331,186,7467,100000,0.48705237753571196,0.07467,9,406,0.25,0,0,0.96,0,1,0
USR1684,24,2,21030,249,3836,200000,0.18240608654303375,0.01918,0,352,0.62,0,0,0.16,0,0,0
USR2362,33,3,38355,278,7564,300000,0.19721027245469952,0.025213333333333334,1,78,0.66,0,0,0.81,2,0,0
USR8508,35,4,55914,254,67570,200000,1.2084629967450013,0.33785,8,181,0.36,3,0,0.68,2,0,0
USR2433,42,1,51341,147,72826,300000,1.4184764613077268,0.24275333333333332,6,299,0.07,2,0,0.58,0,0,0
USR2773,21,3,46358,71,35281,100000,0.7610552655420855,0.35281,16,153,0.92,0,0,0.3,1,0,0
USR3082,30,3,31090,177,63988,100000,2.05815374718559,0.63988,11,273,0.43,3,0,0.78,0,0,0
USR4265,21,2,29899,163,30455,300000,1.0185959396635338,0.10151666666666667,1,431,0.33,0,0,0.15,0,1,0
USR4351,47,5,45636,305,5464,100000,0.11973003768954334,0.05464,17,64,0.01,0,0,0.09,2,0,0
USR9930,49,2,7644,158,9499,500000,1.2426739926739927,0.018998,11,593,0.55,3,1,0.74,2,0,0
USR5059,32,1,13020,187,10806,500000,0.8299539170506912,0.021612,11,217,0.76,0,0,0.02,2,0,0
USR4324,36,5,23870,159,18516,500000,0.7757017176372015,0.037032,13,381,0.32,0,0,0.18,2,0,0
USR6473,25,1,29765,49,1000,100000,0.033596505963379805,0.01,9,310,0.59,3,0,0.45,0,0,0
USR8238,49,2,16189,120,15522,500000,0.9587991846315399,0.031044,9,666,0.33,0,0,0.62,0,0,0
USR3573,30,2,59660,165,34831,300000,0.5838250083808246,0.11610333333333334,10,588,0.35,0,1,0.05,0,0,0
USR8341,33,3,57390,146,44004,300000,0.7667537898588604,0.14668,16,681,0.65,1,1,0.82,2,1,0
USR2969,53,1,36534,45,7146,100000,0.19559862046313023,0.07146,8,582,0.98,1,0,0.02,2,0,0
USR3656,38,1,14273,117,4927,200000,0.34519722553072235,0.024635,13,102,0.64,1,0,0.14,0,1,0
USR5827,57,2,29402,77,32364,100000,1.1007414461601253,0.32364,16,460,0.48,3,0,0.82,0,0,0
USR2242,61,0,37858,128,68539,500000,1.8104231602303344,0.137078,8,514,0.36,2,0,0.55,2,1,0
USR9055,45,2,12172,327,16411,300000,1.3482582977325008,0.05470333333333333,11,89,0.95,2,1,0.64,1,0,0
USR3587,19,1,8003,251,11681,100000,1.4595776583781082,0.11681,4,243,0.93,0,0,0.26,0,0,0
USR5441,37,3,7074,25,9718,100000,1.3737630760531523,0.09718,16,95,0.59,0,1,0.07,1,0,0
USR7856,64,4,24639,142,12827,200000,0.5205974268436219,0.064135,8,645,0.59,3,0,0.44,0,1,0
USR7640,37,2,19214,112,14594,100000,0.7595503278859165,0.14594,12,221,0.54,0,0,0.95,0,0,0
USR6242,51,3,34263,273,20697,200000,0.6040626915331407,0.103485,10,250,0.68,0,1,0.14,0,1,0
USR5756,38,2,46310,158,27993,300000,0.6044698769164327,0.09331,3,184,0.53,3,0,0.39,1,0,0
USR8667,18,6,16891,146,1000,300000,0.059203125925048845,0.0033333333333333335,0,40,0.69,0,1,0.34,1,0,0
USR8157,30,3,56719,166,27069,300000,0.4772474832066856,0.09023,10,338,0.9,2,0,0.25,1,0,0
USR1993,20,1,5315,358,6679,300000,1.256632173095014,0.022263333333333333,1,376,0.49,2,1,0.91,1,1,0
USR8077,36,2,20454,254,31552,100000,1.5425833577784296,0.31552,1,344,0.33,0,1,0.2,2,0,0
USR5699,22,1,15361,5,23349,100000,1.5200182279799492,0.23349,5,152,0.01,0,0,0.11,1,0,0
USR2425,18,1,9168,339,10676,100000,1.1644851657940662,0.10676,10,44,0.04,3,0,0.84,0,0,0
USR9387,36,0,24579,335,8825,500000,0.35904634037186217,0.01765,7,519,0.22,0,1,0.41,0,0,0
USR7336,42,2,42374,34,30770,500000,0.7261528295652995,0.06154,1,652,0.58,0,0,0.13,2,0,0
USR4606,50,3,58510,329,50098,100000,0.8562297043240472,0.50098,3,462,0.35,3,1,0.54,0,1,0
USR5231,25,3,22666,319,14233,100000,0.6279449395570458,0.14233,11,175,0.61,0,1,0.65,0,0,0
USR9935,34,5,7413,204,4515,500000,0.6090651558073654,0.00903,4,312,0.99,0,0,0.89,2,1,0
USR1598,43,0,40760,47,38463,200000,0.9436457311089304,0.192315,3,466,0.01,1,0,0.56,2,0,0
USR9878,62,4,42203,342,34998,500000,0.8292775395114091,0.069996,13,58,0.78,1,1,0.77,2,0,0
USR9811,36,0,48940,294,50532,300000,1.0325296281160605,0.16844,5,292,0.02,1,0,0.83,0,0,0
USR2889,19,3,59770,285,59928,500000,1.0026434666220512,0.119856,7,421,0.82,2,1,0.46,0,0,0
USR6540,26,7,57830,320,1000,100000,0.017292062943109112,0.01,9,559,0.56,1,1,0.72,1,0,0
USR1023,34,1,33725,253,54151,200000,1.6056634544106745,0.270755,5,431,0.41,2,1,0.2,2,0,0
USR1674,69,2,55654,255,121605,200000,2.185018147842024,0.608025,2,334,0.61,3,0,0.64,2,0,0
USR9919,65,1,40648,125,37595,500000,0.9248917535918126,0.07519,14,88,0.66,3,0,0.93,2,0,0
USR3723,47,0,14134,284,24448,200000,1.7297297297297298,0.12224,7,284,0.99,0,1,0.71,0,0,0
USR3897,24,4,58832,116,80038,200000,1.3604500951862932,0.40019,6,305,0.71,3,0,0.28,1,0,0
USR2551,18,2,54869,350,38802,200000,0.7071752720115183,0.19401,5,405,0.48,2,0,0.8,0,0,0
USR4591,59,2,14406,165,15790,200000,1.096071081493822,0.07895,1,403,0.96,2,0,0.06,0,0,0
USR8060,49,2,27844,350,29064,100000,1.0438155437437149,0.29064,4,697,0.95,0,1,0.5,2,0,0
USR8820,22,2,58563,61,57110,300000,0.9751891125796152,0.19036666666666666,0,69,0.19,1,1,0.47,1,0,0
USR9353,26,3,10078,179,6513,100000,0.6462591784084144,0.06513,6,611,0.36,1,0,0.82,0,0,0
USR5188,45,4,19388,266,15989,500000,0.824685372395296,0.031978,13,371,0.36,1,1,0.53,1,0,0
USR6485,44,1,39077,104,19939,500000,0.5102489955728433,0.039878,5,397,0.29,0,0,0.42,0,1,0
USR7721,25,4,9985,249,1000,300000,0.100150225338007,0.0033333333333333335,14,448,0.19,0,0,0.95,1,0,0
USR6464,62,1,6197,295,6758,300000,1.0905276746812973,0.022526666666666667,5,64,0.8,1,0,0.11,0,0,0
USR5965,48,4,27429,47,28813,500000,1.0504575449341937,0.057626,3,157,0.31,1,0,0.32,0,0,0
USR1100,26,1,44231,357,37203,300000,0.8411069159639167,0.12401,10,608,0.32,2,0,0.36,0,1,0
USR2126,59,2,28402,272,35068,500000,1.2347017815646786,0.070136,2,181,0.03,1,0,0.46,1,1,0
USR7763,48,1,47808,353,1000,100000,0.020917001338688086,0.01,13,534,0.63,2,0,0.09,0,1,0
USR5826,29,2,24207,229,4429,200000,0.18296360556863717,0.022145,5,85,0.72,2,1,0.18,1,0,0
USR9912,46,5,39089,284,10286,100000,0.26314308373199624,0.10286,11,436,0.82,1,0,0.25,0,0,0
USR8346,67,1,54595,318,33844,300000,0.6199102481912263,0.11281333333333333,9,386,0.33,1,0,0.48,0,0,0
USR4393,37,3,28380,57,11868,100000,0.41818181818181815,0.11868,12,373,0.67,1,0,0.11,2,0,0
USR7222,41,3,48041,203,5220,200000,0.1086571886513603,0.0261,3,153,0.44,0,0,0.47,0,1,0
USR7284,65,4,38257,186,36979,200000,0.9665943487466346,0.184895,0,13,0.87,2,1,0.06,2,1,0
USR3675,54,5,25124,161,2685,500000,0.10686992517115108,0.00537,7,351,0.88,0,0,0.28,1,0,0
USR7796,68,1,15538,71,1000,300000,0.0643583472776419,0.0033333333333333335,5,588,0.52,0,0,0.45,1,0,0
USR8310,35,2,51277,266,55484,500000,1.0820445813912671,0.110968,5,680,0.11,0,0,0.73,0,0,0
USR1433,31,1,18293,58,20320,300000,1.1108074126715137,0.06773333333333334,12,31,0.68,1,0,0.51,0,0,0
USR9703,41,2,18439,124,13363,200000,0.7247139215792614,0.066815,1,519,0.09,0,1,0.82,0,0,0
USR9283,64,1,52885,15,47834,300000,0.9044908764299896,0.15944666666666665,9,587,0.24,0,0,0.01,0,1,0
USR6464,44,0,31145,173,20029,100000,0.6430887782950715,0.20029,0,506,0.39,1,1,0.48,2,0,0
USR1240,46,1,45982,222,31720,100000,0.6898351528859119,0.3172,6,284,0.8,2,1,0.93,0,0,0
USR4869,56,2,29360,7,17704,300000,0.6029972752043596,0.059013333333333334,13,235,0.51,1,1,0.34,0,0,0
USR9598,65,3,50455,224,19745,100000,0.3913388167674165,0.19745,4,6,0.85,0,1,0.48,1,0,0
USR9140,64,1,17793,229,13404,200000,0.7533299612207047,0.06702,25,511,0.51,1,1,0.32,0,0,0
USR4805,45,2,24206,80,13784,300000,0.569445592001983,0.04594666666666666,11,632,0.27,0,0,0.4,0,1,0
USR6517,37,1,25047,124,15239,200000,0.6084161775861381,0.076195,1,258,0.8,0,0,0.19,2,0,0
USR1885,24,2,56824,38,31984,300000,0.5628607630578629,0.10661333333333334,9,504,0.17,0,1,0.96,0,1,0
USR9193,57,2,41756,222,44837,100000,1.073785803237858,0.44837,16,120,0.62,1,1,0.37,2,0,0
USR6776,54,2,23143,225,54744,500000,2.365466879834075,0.109488,25,33,0.65,1,1,0.31,2,1,1
USR7272,67,1,40413,319,44573,500000,1.1029371736817362,0.089146,4,551,0.69,1,0,0.34,0,0,0
USR1850,25,2,59089,260,65459,100000,1.1078034828817547,0.65459,3,644,0.19,1,0,0.85,0,0,0
USR9460,29,1,31523,4,19902,300000,0.6313485391618818,0.06634,0,629,0.48,2,1,0.87,0,0,0
USR4214,31,0,8413,172,2987,500000,0.3550457625104006,0.005974,1,597,0.64,0,1,0.64,1,0,0
USR2673,37,1,40561,331,65377,300000,1.611819235225956,0.21792333333333333,16,572,0.84,1,0,0.92,2,0,0
USR2174,59,2,45126,263,86580,300000,1.9186278420422815,0.2886,7,343,0.79,3,1,0.14,1,1,1
USR9570,24,2,13842,166,12678,200000,0.9159081057650629,0.06339,14,160,0.1,2,1,0.04,0,0,0
USR8625,30,0,57794,336,64051,100000,1.1082638336159463,0.64051,0,309,0.31,1,1,0.17,2,1,0
USR6388,68,1,34095,353,1000,300000,0.02932981375568265,0.0033333333333333335,2,277,0.37,1,1,0.07,0,1,0
USR6524,43,1,37876,82,44339,500000,1.170635758791847,0.088678,2,238,0.74,0,0,0.92,2,0,0
USR8626,65,3,43651,276,1467,300000,0.03360747749192458,0.00489,12,615,0.0,0,0,0.35,2,0,0
USR9201,41,4,36215,28,1000,100000,0.027612867596299877,0.01,15,153,0.03,0,1,0.53,2,0,0
USR4577,46,3,23962,363,15269,200000,0.637217260662716,0.076345,12,169,0.6,1,0,0.48,0,0,0
USR1302,54,3,56799,90,80401,500000,1.4155354847796615,0.160802,9,390,0.36,0,0,0.35,2,0,0
USR4597,44,4,44087,328,32212,500000,0.7306462222423844,0.064424,21,367,0.91,1,1,0.69,1,0,0
USR6773,65,5,25432,139,1000,500000,0.03932054105064486,0.002,14,269,0.58,2,0,0.63,0,0,0
USR6443,46,1,19673,324,34547,100000,1.7560616072790118,0.34547,24,463,0.57,0,0,0.47,0,1,0
USR6070,28,1,56318,254,80336,200000,1.4264711104797756,0.40168,0,16,0.95,1,1,0.85,0,1,0
USR7356,53,1,41510,36,56175,100000,1.3532883642495783,0.56175,4,642,0.26,1,0,0.66,2,1,0
USR5433,56,2,45266,296,47919,300000,1.0586091105907303,0.15973,0,352,0.5,1,0,0.65,0,1,0
USR3305,64,2,44478,126,83995,200000,1.888461711407887,0.419975,12,358,0.96,2,0,0.84,1,0,1
USR6392,41,2,44653,101,55131,500000,1.234653886636956,0.110262,4,658,0.21,1,0,0.23,0,0,0
USR6740,26,2,45118,196,14892,200000,0.3300678221552374,0.07446,8,21,0.34,0,1,0.23,0,1,0
USR6270,47,3,5645,174,9993,300000,1.7702391496899912,0.03331,2,62,0.92,1,0,0.67,1,0,0
USR8675,52,3,46510,343,64822,500000,1.3937217802623092,0.129644,10,14,0.75,3,0,0.59,2,0,0
USR4510,51,0,19530,352,14778,200000,0.7566820276497696,0.07389,17,688,0.91,1,1,0.56,1,0,0
USR1163,69,2,49096,133,63011,300000,1.283424311552876,0.21003666666666668,15,357,0.31,0,0,0.85,2,0,0
USR9540,65,3,34504,62,20543,500000,0.5953802457686065,0.041086,17,373,0.13,1,0,0.39,2,0,0
USR3675,61,0,50721,167,20352,200000,0.4012539184952978,0.10176,7,585,0.89,0,0,0.1,0,0,0
USR9853,53,3,37964,280,14151,100000,0.3727478663997471,0.14151,1,541,0.12,3,0,0.48,0,0,0
USR3996,67,2,17836,63,2561,200000,0.14358600583090378,0.012805,2,559,0.02,0,0,0.73,0,0,0
USR6593,54,1,18676,251,38719,200000,2.0731955450846007,0.193595,10,380,0.53,1,0,0.34,2,0,0
USR3461,40,1,43763,243,61900,100000,1.4144368530493796,0.619,3,295,0.03,0,0,0.19,2,1,0
USR5077,46,0,42964,227,21017,300000,0.48917698538311144,0.07005666666666667,0,467,0.48,0,0,0.62,2,0,0
USR2818,44,4,20000,299,41538,300000,2.0769,0.13846,11,127,0.52,1,1,0.57,0,1,0
USR9461,47,1,11545,322,15262,300000,1.3219575573841489,0.05087333333333333,4,580,0.71,2,0,0.93,2,0,0
USR6272,56,0,23804,281,27898,300000,1.1719879011930767,0.09299333333333333,6,459,0.45,2,1,0.01,0,0,0
USR5988,38,2,28927,290,21922,100000,0.7578386974107235,0.21922,16,140,0.66,1,0,0.71,1,1,0
USR9928,46,2,46314,155,33126,200000,0.7152480891307165,0.16563,3,623,0.18,0,0,0.09,1,0,0
USR9568,69,2,36974,270,26530,100000,0.7175312381673609,0.2653,9,245,0.5,1,0,0.38,0,0,0
USR7007,54,1,38908,197,15351,100000,0.39454610876940477,0.15351,11,584,0.48,0,1,0.89,2,1,0
USR7101,58,0,38814,89,53729,100000,1.384268562889679,0.53729,19,563,0.88,1,1,0.75,0,0,0
USR2240,58,0,25960,359,16866,300000,0.6496918335901387,0.05622,2,243,0.57,0,0,0.42,0,0,0
USR6954,29,1,50141,119,50530,300000,1.0077581220956902,0.16843333333333332,3,122,0.81,0,0,0.87,0,1,0
USR4890,43,1,52061,63,63686,200000,1.2232957492172645,0.31843,2,410,0.58,2,1,0.87,0,0,0
USR7175,35,3,55727,244,42268,300000,0.7584833204730203,0.14089333333333334,2,115,0.45,0,0,0.39,2,0,0
USR9397,47,1,25624,310,1000,500000,0.03902591320636903,0.002,16,398,0.92,0,0,0.01,1,0,0
USR1072,46,3,51324,10,87901,200000,1.7126685371366221,0.439505,18,216,0.04,3,1,0.13,0,0,0
USR9895,45,3,43192,243,17482,200000,0.4047508797925542,0.08741,1,513,0.04,0,1,0.53,2,0,0
USR1739,58,1,42445,164,67822,300000,1.5978796089056426,0.22607333333333332,3,228,0.41,3,0,0.25,0,0,0
USR4299,52,3,50424,163,47934,300000,0.9506187529747739,0.15978,5,431,0.1,0,0,0.8,0,0,0
USR1580,31,5,52140,312,83112,300000,1.5940161104718067,0.27704,4,631,0.03,0,0,0.37,1,0,0
USR1597,24,1,12093,88,22370,100000,1.8498304804432317,0.2237,20,217,0.78,1,1,0.7,0,0,0
USR9477,27,3,7333,210,12505,500000,1.7053047865812083,0.02501,8,556,0.08,3,0,0.55,0,0,0
USR3826,19,3,52572,276,67617,100000,1.2861789545765807,0.67617,16,436,0.44,3,0,0.44,1,1,0
USR5178,31,2,49094,267,44274,100000,0.9018209964557787,0.44274,9,215,0.61,0,0,0.8,1,0,0
USR2503,22,1,56098,130,78626,300000,1.4015829441334806,0.2620866666666667,7,648,0.7,0,1,0.27,0,0,0
USR5787,40,2,16580,117,16080,500000,0.9698431845597105,0.03216,14,52,0.28,1,1,0.23,0,0,0
USR2901,25,5,35114,293,46831,500000,1.3336845702568776,0.093662,8,191,0.07,1,1,0.89,1,0,0
USR5571,22,5,45404,361,66894,500000,1.473306316624086,0.133788,11,560,0.09,2,0,0.64,0,0,0
USR3078,51,1,53776,147,43781,100000,0.8141364177328176,0.43781,7,130,0.75,1,0,0.27,0,0,0
USR2236,55,3,17936,279,25776,100000,1.4371097234611954,0.25776,13,343,0.18,1,0,0.68,2,1,0
USR2938,67,0,59959,306,51057,200000,0.8515318801180807,0.255285,5,547,0.1,2,0,0.29,1,0,0
USR8050,58,4,17817,84,29076,300000,1.6319245664253241,0.09692,7,574,1.0,0,1,0.38,0,0,0
USR8889,43,3,10480,97,5622,100000,0.5364503816793893,0.05622,9,272,0.34,2,0,0.83,2,0,0
USR1396,23,4,34918,27,10943,500000,0.3133913740764076,0.021886,11,60,0.54,1,1,0.28,0,0,0
USR5507,54,0,47636,15,68428,100000,1.4364766143253003,0.68428,16,676,0.69,1,0,0.62,0,1,0
USR8260,48,5,55141,261,28819,300000,0.5226419542627083,0.09606333333333333,1,346,0.65,0,1,0.32,2,0,0
USR8502,31,2,50046,5,41997,200000,0.839167965471766,0.209985,1,266,0.74,3,0,0.79,2,0,0
USR3653,52,1,10565,120,8022,100000,0.75929957406531,0.08022,11,420,0.3,1,0,0.23,2,0,0
USR7506,45,4,35733,85,68882,300000,1.9276858925922817,0.22960666666666665,5,74,0.84,0,0,0.19,0,0,0
USR7089,24,2,24557,344,14156,200000,0.5764547786781773,0.07078,9,394,0.69,3,0,0.92,0,0,0
USR9216,23,2,7575,104,14143,100000,1.867062706270627,0.14143,12,633,0.11,0,0,0.25,0,0,0
USR8763,36,1,31271,267,51442,200000,1.6450385341050815,0.25721,16,377,0.07,0,1,0.68,0,0,0
USR6010,63,7,11424,218,14073,200000,1.2318802521008403,0.070365,5,593,0.98,1,1,0.73,0,0,0
USR1443,35,2,48159,169,57074,500000,1.1851159700159888,0.114148,20,385,0.33,1,0,0.68,1,0,0
USR2100,64,2,44231,355,73339,200000,1.658090479527933,0.366695,7,378,0.82,1,0,1.0,2,0,0
USR3450,57,2,39744,196,24590,100000,0.6187097423510467,0.2459,3,363,0.02,0,1,0.33,2,1,0
USR2973,68,0,34808,280,36083,100000,1.0366295104573662,0.36083,6,149,0.85,1,0,0.09,0,0,0
USR7500,55,1,43324,301,17451,500000,0.40280214199981534,0.034902,0,226,0.41,2,0,0.05,0,0,0
USR1214,41,1,17261,113,10267,300000,0.5948091072359655,0.034223333333333335,8,563,0.06,0,0,0.81,2,0,0
USR1953,22,0,20363,159,24109,300000,1.1839611059274173,0.08036333333333333,0,691,0.83,0,0,0.12,0,0,0
USR3717,55,0,35568,365,18766,500000,0.5276090868196132,0.037532,5,399,0.49,0,0,0.08,0,1,0
USR2164,23,3,40866,159,63958,200000,1.5650663142955024,0.31979,4,174,0.88,0,0,0.23,2,0,0
USR7074,27,1,12440,40,20421,100000,1.6415594855305466,0.20421,22,12,0.42,3,0,0.82,0,0,0
USR6216,48,1,19366,29,1000,200000,0.05163688939378292,0.005,0,484,0.05,2,0,0.08,0,0,0
USR3371,62,1,26478,305,32870,500000,1.2414079613263842,0.06574,6,198,0.15,2,1,0.91,0,0,0
USR3364,49,2,17921,117,15378,100000,0.8580994364153786,0.15378,0,661,0.01,1,0,0.63,0,1,0
USR4445,40,3,18341,225,3714,200000,0.20249713756065646,0.01857,6,167,0.81,1,0,0.65,1,1,0
USR9639,45,1,38805,219,45281,100000,1.1668857106043036,0.45281,3,155,0.28,0,0,0.83,2,0,0
USR7705,35,2,27482,19,43860,500000,1.595953715159013,0.08772,8,318,0.16,0,0,0.86,1,0,0
USR8822,28,0,34538,59,62945,100000,1.8224853784237651,0.62945,7,171,0.63,2,1,0.17,0,0,0
USR9878,49,3,15660,25,25274,100000,1.6139208173690933,0.25274,12,27,0.59,1,0,0.49,0,0,0
USR2418,69,2,49933,41,58384,500000,1.1692467906995374,0.116768,0,617,0.36,0,0,0.99,0,0,0
USR4678,57,1,59182,45,108396,100000,1.8315704099219356,1.08396,4,196,0.76,0,0,0.42,0,0,0
USR6351,42,1,34934,251,42419,500000,1.2142611782217896,0.084838,2,321,0.23,3,0,0.18,0,0,0
USR1248,45,1,28258,64,43504,500000,1.539528629060797,0.087008,3,379,0.2,1,0,0.22,1,0,0
USR4221,20,3,27532,254,25105,200000,0.9118480313816649,0.125525,14,131,0.22,3,0,0.03,1,0,0
USR9550,35,3,7631,93,13886,300000,1.8196828724937755,0.04628666666666666,7,258,0.84,1,0,0.02,0,0,0
USR8375,51,6,38283,341,56141,300000,1.466473369380665,0.18713666666666667,1,503,0.95,0,0,0.7,0,0,0
USR7078,66,1,53957,181,55202,100000,1.0230739292399504,0.55202,18,384,0.06,0,1,0.08,1,1,0
USR5130,40,0,39791,339,22895,500000,0.57538136764595,0.04579,5,383,0.48,1,0,0.06,0,0,0
USR6112,67,1,57031,38,65200,500000,1.1432378881660852,0.1304,8,673,0.23,0,0,0.1,1,0,0
USR5548,23,1,49278,83,61358,500000,1.2451398189861602,0.122716,9,576,0.47,1,1,0.29,0,0,0
USR2764,57,3,36811,347,41019,300000,1.1143136562440574,0.13673,6,261,0.59,1,0,0.65,0,0,0
USR7882,42,1,37409,50,89103,100000,2.381859980218664,0.89103,2,432,0.28,0,0,0.08,1,1,0
USR1930,21,2,43287,296,1000,500000,0.023101624044170304,0.002,10,235,0.39,1,1,0.14,1,1,0
USR9404,45,2,23439,312,55219,100000,2.355859891633602,0.55219,12,525,0.77,3,0,0.63,0,0,0
USR2463,64,2,13857,33,4988,300000,0.3599624738399365,0.016626666666666668,13,400,0.32,2,0,0.16,1,0,0
USR3133,62,0,29623,166,52040,100000,1.756743071262195,0.5204,3,127,0.12,0,0,0.56,0,0,0
USR3531,33,1,52489,121,51901,200000,0.9887976528415477,0.259505,8,614,0.62,0,0,0.46,2,0,0
USR6343,37,0,38021,318,42580,200000,1.119907419583914,0.2129,6,593,0.08,2,0,0.74,0,0,0
USR4889,42,0,40114,303,38366,300000,0.9564241910554918,0.12788666666666668,8,357,0.34,3,1,0.49,0,0,0
USR5313,45,1,34794,119,66079,100000,1.8991492786112547,0.66079,20,593,0.24,1,1,0.32,1,0,0
USR3747,35,2,13797,70,6556,300000,0.4751757628469957,0.021853333333333332,7,440,0.81,0,0,0.63,2,0,0
USR5864,45,2,18159,293,11270,200000,0.6206288892560163,0.05635,1,146,0.27,1,0,0.88,0,1,0
USR9564,36,1,22302,56,1000,300000,0.04483902788987535,0.0033333333333333335,8,548,0.26,2,1,0.7,0,0,0
USR6163,24,0,57774,177,46654,100000,0.8075258766919375,0.46654,11,494,0.5,1,0,0.08,2,0,0
USR7707,38,1,51769,108,38655,300000,0.746682377484595,0.12885,10,32,0.54,0,0,0.86,0,0,0
USR8698,32,2,17959,232,12654,300000,0.7046049334595468,0.04218,7,310,0.42,2,0,0.56,0,0,0
USR7524,53,4,17833,53,27925,300000,1.5659171199461672,0.09308333333333334,1,183,0.55,0,1,0.88,2,0,0
USR6641,27,1,11948,185,9503,300000,0.7953632407097422,0.031676666666666665,4,477,0.87,3,0,0.42,0,0,0
USR1463,62,1,30919,88,29578,300000,0.9566286102396585,0.09859333333333334,16,196,0.67,0,0,0.52,0,0,0
USR4663,33,4,26246,197,21609,300000,0.8233254591175798,0.07203,8,147,0.61,2,0,0.69,0,0,0
USR2412,52,4,13612,87,25266,300000,1.8561563326476638,0.08422,1,12,0.9,0,1,0.17,0,0,0
USR1721,59,2,22672,47,31704,500000,1.3983768525052929,0.063408,8,301,0.03,1,0,0.25,0,0,0
USR7647,30,6,54916,283,58115,100000,1.058252603976983,0.58115,11,267,0.48,2,0,0.76,1,0,0
USR7697,32,2,46872,168,23313,300000,0.4973758320532514,0.07771,7,500,0.48,2,0,0.59,2,1,0
USR2313,36,1,59427,344,50208,500000,0.8448684941188349,0.100416,6,474,0.26,1,0,0.74,0,0,0
USR9751,67,5,59325,33,1000,300000,0.01685630004214075,0.0033333333333333335,9,276,0.03,3,0,0.16,0,0,0
USR5030,28,0,10268,169,9605,500000,0.9354304635761589,0.01921,17,182,0.75,0,0,0.17,1,1,0
USR5365,36,1,52982,135,22359,500000,0.4220112491034691,0.044718,13,552,0.56,1,0,0.69,0,0,0
USR8994,51,3,47056,103,40308,300000,0.856596395783747,0.13436,14,625,0.14,0,0,0.87,0,1,0
USR8586,23,2,20363,283,12760,200000,0.6266267249422973,0.0638,8,308,0.83,0,0,0.94,2,0,0
USR4262,59,1,38028,120,33178,300000,0.872462396129168,0.11059333333333334,17,646,0.09,3,0,0.63,0,0,0
USR6645,37,2,27353,330,4618,200000,0.16882974445216248,0.02309,8,602,0.35,1,0,0.36,0,0,0
USR2245,32,3,51699,227,1144,300000,0.022128087583899107,0.0038133333333333335,6,696,0.68,1,0,0.51,0,0,0
USR9059,42,1,52125,92,49249,100000,0.9448249400479616,0.49249,7,634,0.66,1,0,0.94,2,0,0
USR3351,57,1,13821,320,10784,300000,0.7802619202662615,0.03594666666666667,2,443,0.73,3,0,0.6,2,0,0
USR4359,53,0,39074,210,2261,100000,0.057864564672160515,0.02261,7,192,0.73,0,0,0.17,2,0,0
USR9363,54,1,47227,315,55969,200000,1.1851059775128634,0.279845,6,441,0.56,1,0,0.03,0,0,0
USR8803,24,2,39598,83,46101,300000,1.1642254659326228,0.15367,7,284,0.13,0,0,0.66,0,1,0
USR4881,21,3,47651,87,54868,500000,1.1514553734444188,0.109736,10,506,0.99,1,0,0.69,1,0,0
USR6658,38,0,42201,87,1000,100000,0.023696120945001304,0.01,3,317,0.6,3,1,0.02,0,0,0
USR6117,33,2,36760,338,83276,100000,2.265397170837867,0.83276,10,538,0.93,2,1,0.16,0,0,0
USR1273,47,1,12253,188,27191,300000,2.2191300089773933,0.09063666666666667,2,47,0.14,0,0,0.31,1,0,0
USR2231,25,2,47239,205,50027,100000,1.0590190308854972,0.50027,5,582,0.15,1,1,0.98,2,1,0
USR7332,28,1,16497,333,8013,300000,0.4857246772140389,0.02671,1,205,0.98,1,1,0.87,0,0,0
USR2486,63,3,43061,354,89757,100000,2.0844151320220154,0.89757,9,626,0.39,0,0,0.12,2,0,0
USR8674,22,3,11967,241,19951,500000,1.6671680454583437,0.039902,9,123,0.03,0,1,0.81,0,0,0
USR2398,69,2,23817,224,33804,500000,1.4193223327875046,0.067608,11,43,0.89,1,1,0.83,0,0,0
USR5556,47,4,54048,176,92392,200000,1.7094434576672588,0.46196,12,332,0.68,1,1,0.53,1,0,0
USR2983,57,3,49138,344,44653,200000,0.9087264438927103,0.223265,15,221,0.32,0,0,0.15,0,1,0
USR1057,57,1,29861,349,8874,500000,0.2971769197280734,0.017748,7,162,0.33,0,0,0.96,1,0,0
USR7950,45,1,46645,82,28425,500000,0.6093900739629113,0.05685,3,519,0.17,0,1,0.96,0,0,0
USR7660,69,4,40344,240,55897,200000,1.3855096172912948,0.279485,8,543,0.34,1,0,0.17,0,0,0
USR5467,54,1,46537,323,70600,100000,1.5170724369856243,0.706,3,222,1.0,1,0,0.06,0,0,0
USR2659,41,2,39530,17,32198,300000,0.8145206172527194,0.10732666666666667,17,251,0.44,0,0,0.47,1,0,0
USR2284,60,2,59678,140,112009,200000,1.876889305941888,0.560045,9,175,0.67,0,0,0.43,0,0,0
USR3529,31,1,7668,71,8878,300000,1.1577986437141368,0.029593333333333333,8,34,0.46,2,0,0.07,1,1,0
USR4368,39,1,35264,279,5294,300000,0.15012477313974593,0.017646666666666668,6,313,0.78,2,0,0.69,2,0,0
USR8882,35,1,7030,356,7579,300000,1.0780938833570413,0.025263333333333332,8,515,0.77,0,1,0.79,0,0,0
USR9831,27,3,7850,10,6824,300000,0.8692993630573248,0.022746666666666665,13,381,0.06,0,0,0.47,0,0,0
USR8233,21,2,54330,230,72279,500000,1.3303699613473219,0.144558,11,233,0.54,0,0,0.53,0,0,0
USR5429,42,2,31267,241,38676,200000,1.2369590942527264,0.19338,9,565,0.15,0,0,0.46,0,0,0
USR9304,48,1,30392,148,1000,100000,0.03290339563042906,0.01,0,257,0.71,1,0,0.93,0,0,0
USR4581,44,0,39882,153,37439,200000,0.938744295672233,0.187195,2,174,0.15,0,1,0.57,1,0,0
USR9417,31,1,28735,128,1000,300000,0.034800765616843574,0.0033333333333333335,11,628,0.17,0,0,0.22,1,1,0
USR8030,25,0,53893,143,109142,200000,2.025160967101479,0.54571,11,207,0.36,1,0,0.42,2,0,0
USR3968,53,3,34220,8,24907,100000,0.7278492109877265,0.24907,2,279,0.36,3,1,0.98,0,0,0
USR6948,28,3,44777,1,66938,300000,1.494919266587757,0.22312666666666667,0,358,0.89,1,0,0.53,2,1,0
USR4049,59,1,46103,46,37983,100000,0.8238726330173741,0.37983,4,411,0.68,2,0,0.65,0,1,0
USR2252,23,2,13717,157,8292,200000,0.6045053583145003,0.04146,19,49,0.23,1,1,0.84,0,1,0
USR8276,48,1,10971,206,8066,300000,0.7352110108467779,0.026886666666666666,0,221,0.4,0,0,0.71,0,0,0
USR8633,47,2,38821,319,17721,300000,0.45647974034671956,0.05907,20,462,0.85,0,0,0.49,2,0,0
USR3568,57,2,29276,338,39275,300000,1.3415425604590792,0.13091666666666665,8,465,0.81,0,0,0.8,1,0,0
USR7576,36,0,56790,181,98773,100000,1.7392674766684275,0.98773,2,126,0.03,3,1,0.47,0,1,0
USR9854,32,2,35441,17,62703,500000,1.7692220874128834,0.125406,1,410,0.5,2,0,0.98,0,0,0
USR4144,55,4,16894,151,27502,200000,1.627915236178525,0.13751,5,485,0.09,0,1,0.83,0,0,0
USR1016,67,2,15235,114,4446,200000,0.2918280275680998,0.02223,10,490,0.39,1,0,0.7,1,0,0
USR3070,31,2,31432,6,47125,200000,1.4992682616441844,0.235625,14,523,0.59,0,0,0.6,2,0,0
USR7340,59,3,39073,289,31320,200000,0.8015765362270622,0.1566,27,516,0.19,2,0,0.38,0,0,0
USR1680,36,5,43350,115,21343,200000,0.49234140715109576,0.106715,13,107,0.11,0,0,0.05,0,1,0
USR6218,37,2,24092,186,1000,500000,0.041507554374896234,0.002,7,448,0.97,0,0,0.72,2,0,0
USR4850,54,4,13166,236,1000,100000,0.07595321282090232,0.01,6,586,0.83,3,0,0.43,2,0,0
USR2435,47,1,10775,16,7242,100000,0.6721113689095127,0.07242,15,71,0.59,0,1,0.77,2,1,0
USR1027,26,3,52260,202,92696,200000,1.7737466513585916,0.46348,6,134,0.82,1,1,0.91,2,0,0
USR6304,65,3,16702,276,39596,200000,2.3707340438270865,0.19798,8,285,0.83,0,1,0.87,0,0,1
USR8394,51,3,49169,327,43381,500000,0.8822835526449592,0.086762,8,644,0.72,0,0,0.82,2,0,0
USR8384,46,1,40621,8,31940,500000,0.7862928042145688,0.06388,3,483,0.14,0,0,0.72,0,0,0
USR7719,37,1,43973,178,78363,300000,1.7820708161826575,0.26121,27,570,0.63,2,0,0.46,2,1,0
USR8945,20,2,55620,157,85475,100000,1.536767349874146,0.85475,15,459,0.04,3,0,0.5,1,1,0
USR8676,38,3,58897,122,106684,500000,1.8113656043601543,0.213368,14,496,0.53,3,1,0.28,0,0,0
USR9087,42,1,5140,27,2623,300000,0.5103112840466926,0.008743333333333334,3,135,0.91,0,1,0.09,0,0,0
USR9085,65,4,33343,139,24639,500000,0.7389557028461746,0.049278,4,674,0.97,1,0,0.26,2,0,0
USR6333,53,2,7978,256,14153,300000,1.7740035096515416,0.047176666666666665,9,13,0.99,1,1,0.94,1,0,0
USR1187,25,0,10891,23,22134,300000,2.0323202644385274,0.07378,3,623,0.67,0,0,0.84,1,0,0
USR2647,57,0,10495,48,14807,500000,1.4108623153882802,0.029614,7,188,0.05,1,0,0.48,2,1,0
USR8755,25,1,18132,234,19470,200000,1.07379219060225,0.09735,6,229,0.89,3,0,0.4,0,0,0
USR6588,34,1,55504,237,15204,500000,0.27392620351686364,0.030408,1,379,0.37,1,0,0.55,2,1,0
USR6002,36,2,14505,8,35472,300000,2.445501551189245,0.11824,5,591,0.3,3,1,0.94,0,0,0
USR7740,46,0,22314,147,28938,500000,1.2968539930088734,0.057876,6,79,0.63,2,0,0.96,1,0,0
USR4777,49,2,57214,4,1000,100000,0.017478239591708324,0.01,11,359,0.81,3,0,0.3,1,0,0
USR8694,67,2,24568,299,36983,500000,1.505332139368284,0.073966,11,446,0.93,3,0,0.12,0,0,0
USR2313,38,1,38114,300,37894,500000,0.9942278427874272,0.075788,7,69,0.6,1,0,0.1,2,0,0
USR6583,56,2,15846,205,21036,300000,1.3275274517228322,0.07012,4,462,0.22,2,0,0.74,1,0,0
USR1060,36,2,46373,55,59822,500000,1.2900178983460202,0.119644,4,229,0.9,0,1,0.33,0,0,0
USR3169,66,2,43138,132,29427,100000,0.6821595808799666,0.29427,11,243,0.28,1,0,0.23,0,0,0
USR7569,21,6,54549,252,42977,200000,0.7878604557370438,0.214885,5,313,0.15,0,1,0.37,1,1,0
USR6913,31,2,54689,216,32772,500000,0.5992429921922141,0.065544,6,25,0.36,0,0,0.07,1,0,0
USR5290,48,1,37735,173,20048,100000,0.5312839538889625,0.20048,5,673,0.59,3,0,0.76,2,0,0
USR4805,37,2,6661,80,12819,500000,1.9244858129409999,0.025638,4,622,0.25,0,0,0.68,0,0,0
USR7900,54,0,29164,270,11001,300000,0.3772116307776711,0.03667,8,510,0.0,2,0,0.25,0,0,0
USR6624,26,1,55375,266,57075,200000,1.0306997742663657,0.285375,11,619,0.34,0,0,0.47,0,0,0
USR2262,44,4,33706,200,27799,200000,0.8247493027947547,0.138995,1,401,0.71,2,1,0.97,1,0,0
USR5263,32,4,8752,285,1000,500000,0.11425959780621572,0.002,2,332,0.99,3,0,0.88,0,0,0
USR2140,30,1,47052,351,1000,500000,0.021253081696846043,0.002,3,219,1.0,0,0,0.43,0,0,0
USR6389,58,2,51880,279,82834,100000,1.596646106399383,0.82834,4,490,0.47,3,0,0.26,0,1,0
USR7187,52,2,23454,109,29013,200000,1.2370171399334868,0.145065,28,541,0.09,3,0,0.96,1,0,0
USR1959,48,1,8345,246,11928,100000,1.4293588975434393,0.11928,13,502,0.07,2,0,0.1,0,0,0
USR4749,37,3,36952,122,25394,500000,0.6872158475860576,0.050788,2,384,0.35,0,1,0.66,0,0,0
USR1783,48,0,7093,197,8914,100000,1.2567319892852107,0.08914,8,317,0.24,2,1,0.74,0,0,0
USR1069,47,2,37373,325,57251,200000,1.5318813046852005,0.286255,21,392,0.07,1,0,0.56,0,0,0
USR5259,36,1,36263,332,21874,500000,0.6032043680886854,0.043748,5,114,0.77,0,1,0.18,1,1,0
USR1568,70,5,54165,19,63014,200000,1.1633711806517124,0.31507,2,521,0.66,0,0,0.91,2,0,0
USR4160,61,1,46282,3,70504,100000,1.5233568125837258,0.70504,3,601,0.97,0,1,0.83,1,1,0
USR3992,19,0,31223,12,1000,300000,0.03202767190852897,0.0033333333333333335,6,683,0.09,3,0,0.28,2,1,0
USR3889,47,1,13133,289,6250,300000,0.47590040356354224,0.020833333333333332,15,46,0.2,0,0,0.84,0,1,0
USR5866,33,3,28438,246,23937,300000,0.8417258597651031,0.07979,9,112,0.16,0,1,0.25,0,0,0
USR4379,33,1,59397,119,58344,100000,0.9822718319107026,0.58344,12,280,0.9,2,0,0.84,1,0,0
USR4630,30,1,5842,28,3331,200000,0.5701814447107155,0.016655,11,63,0.42,3,0,0.71,0,0,0
USR9770,57,3,31084,22,23257,500000,0.7481984300604813,0.046514,20,686,0.44,0,1,0.91,2,0,0
USR5469,18,3,14506,186,6360,500000,0.4384392665104095,0.01272,15,114,0.95,1,1,0.37,1,0,0
USR9560,58,2,26256,329,24045,500000,0.915790676416819,0.04809,14,184,0.01,1,0,0.94,2,0,0
USR6714,62,0,10426,282,17945,500000,1.7211778246690965,0.03589,3,514,0.13,0,0,0.55,0,0,0
USR4115,28,0,21194,283,21884,200000,1.032556383882231,0.10942,4,341,0.01,3,0,0.09,2,0,0
USR8091,56,2,53752,51,83839,200000,1.5597373121000149,0.419195,9,555,0.05,2,0,0.63,2,0,0
USR2475,22,2,52549,309,41696,100000,0.7934689527869226,0.41696,5,561,0.56,0,1,0.35,0,0,0
USR2205,34,1,24883,200,39005,200000,1.5675360688019933,0.195025,13,456,0.62,1,0,0.84,1,1,0
USR7174,26,1,35525,57,34247,300000,0.9640253342716397,0.11415666666666667,2,198,0.16,2,0,0.05,0,0,0
USR2010,65,4,52836,128,102590,200000,1.9416685593156182,0.51295,11,503,0.78,0,0,0.06,1,0,0
USR3635,40,2,46683,33,50408,200000,1.0797935008461323,0.25204,4,242,0.02,0,1,0.04,0,0,0
USR1643,53,2,7380,207,9186,500000,1.2447154471544715,0.018372,8,667,0.47,0,1,0.12,1,0,0
USR2864,19,0,6804,269,6230,100000,0.9156378600823045,0.0623,12,664,0.53,3,1,0.36,1,1,0
USR5046,25,3,11963,183,6514,300000,0.5445122460921173,0.021713333333333334,2,171,0.07,1,1,0.85,0,0,0
USR4720,55,4,37934,151,48191,100000,1.2703906785469499,0.48191,23,112,0.59,0,0,0.44,0,1,0
USR8627,42,3,55482,25,1000,300000,0.01802386359540031,0.0033333333333333335,11,521,0.88,2,1,0.93,0,1,0
USR9898,29,3,55473,279,61451,300000,1.1077641375083374,0.20483666666666667,10,454,0.06,0,0,0.47,0,0,0
USR5620,40,0,32987,102,11558,300000,0.35038045290569014,0.03852666666666667,16,31,0.09,0,1,0.76,0,1,0
USR6076,21,3,55923,300,96518,200000,1.7259088389392558,0.48259,8,13,0.51,1,0,0.01,0,0,0
USR4538,46,1,8879,240,8500,300000,0.957315012951909,0.028333333333333332,5,530,0.51,1,1,0.06,1,0,0
USR1235,38,0,59709,344,65600,200000,1.0986618432732085,0.328,9,630,0.12,1,0,0.56,0,0,0
USR4663,25,3,46789,189,1000,300000,0.02137254482891278,0.0033333333333333335,10,614,0.84,1,0,0.36,0,0,0
USR2809,29,2,40454,228,61844,300000,1.528748702229693,0.20614666666666667,0,414,0.25,0,0,0.45,0,0,0
USR8108,67,3,8291,250,2833,100000,0.3416958147388735,0.02833,4,599,0.54,1,0,0.87,2,0,0
USR9017,32,1,8208,30,8520,200000,1.0380116959064327,0.0426,12,208,0.78,2,0,0.09,0,0,0
USR9699,63,3,5691,122,11121,300000,1.9541381128096995,0.03707,10,133,0.11,0,0,0.25,2,0,0
USR2822,30,2,33489,309,25764,100000,0.7693272417808833,0.25764,7,238,0.03,1,1,0.84,1,0,0
USR3280,37,1,26037,263,26758,100000,1.0276913622921227,0.26758,19,646,0.23,0,0,0.91,2,0,0
USR3223,39,6,31982,124,56856,300000,1.777749984366206,0.18952,6,541,0.66,0,1,0.09,2,0,0
USR3582,62,3,53512,141,79137,500000,1.4788645537449545,0.158274,1,503,0.47,0,0,0.62,0,1,0
USR5637,57,2,16183,314,24243,100000,1.4980535129456838,0.24243,6,234,0.03,0,1,0.98,2,0,0
USR6175,42,4,54874,13,12900,500000,0.23508401064256296,0.0258,4,460,0.68,1,0,0.86,2,0,0
USR5827,31,1,12481,137,17588,200000,1.4091819565739925,0.08794,1,648,0.62,3,0,0.22,0,0,0
USR9346,54,1,23069,39,41319,500000,1.7911049460314707,0.082638,27,206,0.6,3,1,0.56,1,0,0
USR3149,30,7,25505,344,28507,200000,1.1177024112919036,0.142535,8,397,0.43,0,0,0.18,2,0,0
USR7836,26,0,28189,132,17668,300000,0.6267693071765582,0.05889333333333333,0,169,0.01,0,0,0.02,0,0,0
USR4526,45,3,41108,359,7116,300000,0.17310499172910382,0.02372,1,235,0.7,0,0,0.57,0,0,0
USR2294,36,2,8729,284,4842,200000,0.5547027150876389,0.02421,17,570,0.57,3,1,0.73,0,0,0
USR3567,42,5,49730,14,1164,500000,0.02340639453046451,0.002328,12,284,0.89,2,0,0.45,1,0,0
USR2168,59,1,43858,220,4749,300000,0.10828127137580373,0.01583,5,199,0.62,0,0,0.39,1,1,0
USR4617,36,1,20764,154,14373,300000,0.6922076671161626,0.04791,7,58,0.82,2,0,0.17,2,0,0
USR9960,45,2,34851,284,67409,100000,1.934205618203208,0.67409,16,365,0.45,0,0,0.45,0,0,0
USR4521,68,2,26770,308,25751,100000,0.9619350018677624,0.25751,1,234,0.14,1,0,0.5,1,1,0
USR2247,62,1,12380,328,6142,100000,0.4961227786752827,0.06142,18,171,0.48,3,0,0.26,0,1,0
USR4756,41,2,6545,129,12665,100000,1.9350649350649352,0.12665,9,81,0.83,3,0,0.72,2,0,1
USR5896,44,4,5810,138,1584,100000,0.2726333907056799,0.01584,8,404,0.69,1,0,0.81,0,0,0
USR9316,65,1,47419,295,51628,500000,1.0887618886944053,0.103256,4,42,0.64,0,1,0.03,0,0,0
USR6484,67,3,47855,105,28028,300000,0.5856859262355031,0.09342666666666667,2,64,0.62,2,0,0.25,0,0,0
USR4617,39,1,6525,250,9379,200000,1.4373946360153256,0.046895,2,152,0.96,2,0,0.49,1,0,0
USR6645,46,3,10603,106,11989,500000,1.1307177213996038,0.023978,10,295,0.71,0,0,0.36,2,0,0
USR3932,44,1,55060,350,62022,500000,1.1264438794042861,0.124044,22,119,0.85,1,1,0.26,0,0,0
USR8723,51,5,29646,195,44299,300000,1.4942656682183093,0.14766333333333334,5,324,0.74,0,0,0.87,0,0,0
USR4602,66,5,45096,4,66046,300000,1.4645644846549584,0.22015333333333334,13,430,0.23,3,0,0.06,0,1,0
USR2836,22,2,10423,152,9295,300000,0.8917777990981484,0.030983333333333335,11,52,0.97,0,0,0.68,2,0,0
USR8003,52,4,31443,301,30410,300000,0.9671469007410234,0.10136666666666666,7,359,0.92,0,0,0.91,2,0,0
USR2472,36,0,16368,133,10756,200000,0.6571358748778103,0.05378,12,384,0.41,1,1,0.76,0,0,0
USR8510,52,0,30046,125,23279,200000,0.7747786727018572,0.116395,17,302,0.42,0,0,0.23,0,1,0
USR8153,64,1,52377,224,34030,100000,0.6497126601370831,0.3403,3,138,0.55,0,0,0.84,1,0,0
USR7822,67,2,19393,295,14931,500000,0.7699169803537359,0.029862,2,385,0.72,0,0,0.49,1,0,0
USR7367,36,1,21907,195,19133,500000,0.8733738074588031,0.038266,6,410,0.21,0,0,0.94,0,1,0
USR1287,52,3,8943,283,15159,200000,1.695068768869507,0.075795,6,168,0.73,2,0,0.56,0,1,0
USR7622,46,4,47175,49,60480,300000,1.2820349761526233,0.2016,7,346,0.75,2,0,0.58,0,0,0
USR3930,58,3,45598,121,88880,200000,1.9492082986095882,0.4444,4,588,0.81,2,0,0.65,1,1,1
USR2009,67,0,10734,239,15710,100000,1.4635736910750885,0.1571,14,324,0.68,3,0,0.42,2,1,0
USR9184,62,0,35748,87,41823,300000,1.1699395770392749,0.13941,3,176,0.55,0,0,0.94,0,0,0
USR8587,30,5,13647,302,20943,500000,1.5346229940646297,0.041886,8,332,0.97,0,0,0.65,0,1,0
USR3945,49,4,47830,322,67837,300000,1.4182939577670919,0.22612333333333334,4,546,0.9,3,1,0.05,0,0,0
USR6027,66,0,39369,15,25581,500000,0.6497752038405852,0.051162,10,481,0.85,1,1,0.77,2,0,0
USR1072,68,2,54084,140,8725,200000,0.16132312698764883,0.043625,0,9,0.39,2,0,0.95,0,0,0
USR4320,19,3,23360,36,3668,100000,0.15702054794520548,0.03668,0,285,0.7,1,0,0.39,0,0,0
USR8457,24,1,56472,143,43098,500000,0.7631746706332342,0.086196,15,88,0.74,0,0,0.79,2,0,0
USR3541,37,0,58920,55,81943,100000,1.3907501697216564,0.81943,1,593,0.07,3,0,0.04,0,1,0
USR5792,57,1,27810,198,16545,500000,0.5949298813376483,0.03309,4,613,0.18,1,0,0.15,0,0,0
USR6888,61,2,24345,224,1000,100000,0.041076196344218524,0.01,8,411,0.77,2,0,0.59,0,0,0
USR6872,64,5,34346,205,1464,300000,0.04262505095207594,0.00488,5,285,0.53,1,1,0.79,0,0,0
USR2144,28,0,11201,239,14629,300000,1.306044103205071,0.04876333333333333,20,574,0.64,0,0,0.86,0,1,0
USR5715,60,0,14551,333,2282,500000,0.15682770943577762,0.004564,0,310,0.53,1,0,0.69,0,0,0
USR8194,29,4,39677,85,1000,300000,0.0252035184111702,0.0033333333333333335,8,158,0.45,1,0,0.49,0,0,0
USR3542,59,1,14399,235,4945,500000,0.34342662684908676,0.00989,3,363,0.55,0,1,0.35,0,0,0
USR3100,28,5,40043,353,42479,100000,1.060834602801988,0.42479,7,6,0.53,1,0,0.95,2,0,0
USR6416,64,2,5524,192,2037,300000,0.36875452570601014,0.00679,4,538,0.39,1,0,0.94,1,0,0
USR6599,18,3,49333,240,53087,300000,1.0760951087507349,0.17695666666666668,22,293,0.38,0,0,0.35,2,0,0
USR1665,51,2,48282,88,75480,200000,1.5633155213122902,0.3774,13,333,0.94,0,0,0.24,2,0,0
USR2877,52,2,38372,26,36622,500000,0.9543938288335244,0.073244,3,199,0.35,0,1,0.99,2,0,0
USR9921,63,3,7932,207,13893,100000,1.7515128593040847,0.13893,19,270,0.55,3,0,0.19,1,0,0
USR3042,46,1,40874,58,19492,100000,0.4768801683221608,0.19492,7,555,0.16,2,0,0.78,0,0,0
USR2580,26,0,12126,109,4020,500000,0.33151904997525977,0.00804,14,270,0.1,1,0,0.46,2,0,0
USR2436,28,0,8944,357,4706,300000,0.5261627906976745,0.015686666666666668,1,7,0.29,3,0,0.31,1,0,0
USR9277,60,0,39230,88,1000,300000,0.02549069589599796,0.0033333333333333335,5,190,0.76,1,0,0.03,2,1,0
USR9353,30,3,56068,65,51471,100000,0.9180102732396376,0.51471,9,123,0.24,1,0,0.55,2,0,0
USR8097,69,2,23311,40,27945,100000,1.198790270687658,0.27945,12,153,0.77,0,1,0.84,0,0,0
USR6300,37,1,8256,272,17265,100000,2.0912063953488373,0.17265,15,226,0.38,0,0,0.28,2,0,0
USR4083,62,1,41616,268,28140,500000,0.6761822376009228,0.05628,13,512,0.16,2,0,0.74,2,0,0
USR9639,68,5,43112,84,29710,500000,0.6891352755613286,0.05942,1,493,0.94,0,0,0.8,2,0,0
USR5075,57,3,11414,308,7689,100000,0.6736463991589277,0.07689,15,698,0.59,1,0,0.75,1,0,0
USR4634,49,2,33867,64,51968,100000,1.534473085894824,0.51968,1,251,0.44,0,0,0.66,1,0,0
USR5532,63,1,11909,203,3997,200000,0.33562851624821566,0.019985,7,270,0.53,1,0,0.41,0,0,0
USR4443,32,1,15980,182,16762,300000,1.048936170212766,0.05587333333333333,10,242,0.31,1,0,0.01,2,0,0
USR6712,19,1,31275,355,40469,300000,1.2939728217426059,0.13489666666666666,9,672,0.28,0,1,0.81,2,1,0
USR4891,60,2,33388,265,78175,300000,2.341410087456571,0.26058333333333333,11,123,0.54,0,1,0.3,0,0,0
USR8442,27,4,19778,348,45841,200000,2.3177773283446252,0.229205,6,426,0.42,2,0,0.56,2,1,0
USR7904,53,1,36856,6,36331,500000,0.985755372259605,0.072662,7,328,0.38,1,0,0.36,1,0,0
USR2898,19,2,43707,316,47756,500000,1.0926396229436932,0.095512,5,110,0.0,1,0,0.63,1,0,0
USR7519,54,2,5670,320,1000,300000,0.1763668430335097,0.0033333333333333335,1,372,0.3,2,0,0.18,0,0,0
USR6793,53,1,54558,84,39860,200000,0.7305986289820008,0.1993,7,478,0.18,3,0,0.12,0,0,0
USR7418,27,1,44897,87,58473,200000,1.3023810054123883,0.292365,1,27,0.28,1,0,0.21,1,0,0
USR8927,39,0,57530,61,70097,500000,1.2184425517121502,0.140194,3,442,0.22,3,0,0.35,1,1,0
USR9633,50,3,9636,59,16099,500000,1.6707139892071399,0.032198,7,405,0.05,1,1,0.01,0,0,0
USR5699,41,2,47410,11,56845,100000,1.1990086479645645,0.56845,3,630,0.06,0,1,0.5,1,0,0
USR4924,70,1,9931,35,14333,500000,1.443258483536401,0.028666,2,83,0.32,1,0,0.71,1,0,0
USR7603,26,2,53767,277,49522,200000,0.9210482266073986,0.24761,10,260,0.9,1,0,0.85,2,0,0
USR8123,62,2,47145,83,5075,200000,0.10764662212323682,0.025375,0,667,0.34,1,0,0.13,0,1,0
USR8283,18,3,36440,113,1000,100000,0.027442371020856202,0.01,7,526,0.52,0,0,0.84,1,0,0
USR8492,26,2,26501,41,55131,100000,2.080336591072035,0.55131,7,545,0.88,0,1,0.6,0,0,0
USR4626,52,3,15891,12,8277,300000,0.5208608646403625,0.02759,10,317,0.51,1,0,0.19,2,0,0
USR5656,59,1,37675,211,54863,300000,1.4562176509621765,0.18287666666666666,9,41,0.14,0,0,0.1,0,1,0
USR4114,41,6,9993,237,1000,200000,0.10007004903432402,0.005,8,479,0.41,3,0,0.21,1,0,0
USR2227,44,2,58951,91,17667,100000,0.29968957269596785,0.17667,9,226,0.39,0,1,0.32,0,0,0
USR9579,25,0,50056,174,40647,100000,0.8120305258110916,0.40647,1,341,0.88,1,1,0.31,2,1,0
USR5539,18,1,29325,190,16598,500000,0.566001705029838,0.033196,7,166,0.08,0,1,0.61,0,1,0
USR9668,29,1,31247,156,13449,300000,0.43040931929465226,0.04483,0,106,0.92,3,0,0.24,0,0,0
USR2827,64,0,24912,112,30041,200000,1.2058847141939628,0.150205,7,384,0.44,3,0,0.64,0,0,0
USR8118,67,2,43737,9,41414,500000,0.9468870750165763,0.082828,9,248,0.6,1,0,0.1,2,0,0
USR8379,38,3,8532,176,1000,200000,0.11720581340834506,0.005,1,322,0.37,0,1,0.9,0,1,0
USR2170,56,0,12195,255,18008,100000,1.476670766707667,0.18008,1,603,0.53,0,0,0.36,1,0,0
USR9520,20,1,39889,341,51982,200000,1.3031662864448845,0.25991,0,215,0.23,1,0,0.68,0,1,0
USR8684,42,3,58505,281,64304,500000,1.0991197333561233,0.128608,4,336,0.38,0,1,0.72,1,0,0
USR9354,28,1,15873,312,37353,500000,2.353241353241353,0.074706,0,321,0.45,3,0,0.42,2,0,0
USR5099,25,3,24292,171,5872,100000,0.24172567100279926,0.05872,6,288,0.42,0,1,0.68,1,0,0
USR1779,24,1,18363,282,4380,300000,0.2385231171377226,0.0146,14,520,0.39,1,0,0.73,0,0,0
USR5314,23,3,59249,220,44940,500000,0.7584938142415906,0.08988,9,481,0.97,0,0,0.74,0,1,0
USR5284,22,3,44625,305,65005,100000,1.4566946778711485,0.65005,3,447,0.28,3,1,0.44,0,0,0
USR4732,55,3,54814,96,90979,200000,1.6597766993833691,0.454895,10,511,0.37,0,1,0.53,0,0,0
USR9463,25,3,35235,91,26135,100000,0.7417340712359869,0.26135,9,5,0.66,2,0,0.02,0,0,0
USR1849,34,0,29657,31,14280,100000,0.4815052095626665,0.1428,1,12,0.91,1,0,0.99,1,0,0
USR7990,25,2,21014,242,33644,300000,1.601027886171124,0.11214666666666667,7,164,0.69,1,0,0.47,0,1,0
USR2963,64,1,27316,200,17102,100000,0.6260799531410163,0.17102,9,623,0.09,1,0,0.52,0,1,0
USR6508,26,2,42200,123,6744,200000,0.15981042654028435,0.03372,0,275,0.77,0,1,0.78,0,1,0
USR2709,27,2,40761,273,48372,300000,1.186722602487672,0.16124,0,524,0.47,2,0,0.72,2,0,0
USR7251,39,1,26733,282,32946,100000,1.232409381663113,0.32946,13,10,0.24,0,1,0.85,1,0,0
USR6348,56,3,10252,319,7744,200000,0.7553648068669528,0.03872,7,37,0.1,0,0,0.56,0,0,0
USR7422,68,1,20395,175,28305,200000,1.3878401569012013,0.141525,11,287,0.35,0,0,0.88,0,0,0
USR6037,69,4,13634,83,15785,500000,1.1577673463400322,0.03157,2,180,0.63,3,0,0.03,0,0,0
USR6058,53,2,57624,352,94495,100000,1.639854921560461,0.94495,12,316,0.54,0,0,0.38,1,0,0
USR4076,52,2,15331,182,12367,100000,0.8066662318178853,0.12367,5,354,0.93,0,0,0.14,0,0,0
USR5826,51,3,42634,130,50347,200000,1.1809119482103485,0.251735,16,378,0.31,0,0,0.23,0,0,0
USR2729,60,2,51960,16,11606,100000,0.22336412625096227,0.11606,3,583,0.53,0,0,0.35,0,1,0
USR4267,57,1,24061,263,41149,300000,1.7101949212418437,0.13716333333333333,19,126,0.3,3,1,0.04,0,0,0
USR3246,51,1,24093,233,34503,100000,1.4320757066367824,0.34503,4,353,0.17,0,1,0.34,1,0,0
USR6247,18,2,37826,237,69184,200000,1.8290065034632264,0.34592,4,378,0.67,2,0,0.21,0,0,0
USR1444,41,0,41502,37,1000,300000,0.02409522432653848,0.0033333333333333335,1,597,0.95,1,0,0.32,1,0,0
USR4316,56,1,43794,14,88262,300000,2.0153902361054024,0.29420666666666667,1,564,0.19,0,0,0.89,0,0,0
USR1118,53,3,52530,330,69587,200000,1.3247096897011232,0.347935,14,367,0.33,0,0,0.54,1,0,0
USR6851,68,0,5477,14,10455,500000,1.9088917290487493,0.02091,2,341,0.8,3,1,0.87,1,0,1
USR2284,69,4,27561,81,44084,500000,1.5995065491092486,0.088168,24,444,0.68,0,1,0.91,0,0,0
USR2965,54,4,35434,85,39340,300000,1.1102331094429079,0.13113333333333332,10,575,0.78,1,0,0.81,0,0,0
USR6218,49,1,45144,116,51368,300000,1.1378699273436115,0.17122666666666667,14,391,0.64,3,1,0.97,2,1,0
USR4943,62,4,55054,109,24048,200000,0.43680749809278163,0.12024,4,469,0.73,0,0,0.89,1,1,0
USR6273,61,1,11762,41,12424,100000,1.0562829450773679,0.12424,1,333,0.62,0,1,0.81,0,0,0
USR9147,66,3,39667,31,53630,500000,1.3520054453323922,0.10726,4,409,0.28,0,1,0.25,2,0,0
USR9091,45,1,20274,315,14923,500000,0.736065897208247,0.029846,4,417,0.37,2,0,0.85,0,0,0
USR9654,54,4,15196,120,1000,300000,0.06580679126085812,0.0033333333333333335,1,270,0.58,2,0,0.98,0,0,0
USR6047,56,5,32619,62,8132,200000,0.2493025537263558,0.04066,13,607,0.77,0,0,0.41,0,1,0
USR9293,62,2,11805,189,18348,500000,1.5542566709021601,0.036696,1,479,0.36,0,0,0.18,1,0,0
USR7489,38,1,16479,246,5402,200000,0.3278111535894168,0.02701,4,675,0.29,0,0,0.64,2,1,0
USR3832,41,2,8839,264,10092,100000,1.141758117434099,0.10092,3,291,0.33,1,1,0.07,0,0,0
USR9521,61,1,38547,159,49777,200000,1.291332658832075,0.248885,6,32,0.0,0,0,0.28,2,0,0
USR8181,18,1,41850,321,84495,500000,2.0189964157706095,0.16899,8,474,0.82,2,1,0.78,0,0,1
USR1413,18,3,5603,42,3424,500000,0.6111011957879707,0.006848,0,109,0.57,3,0,0.38,1,1,0
USR9616,46,4,16957,121,12077,200000,0.7122132452674411,0.060385,6,58,0.2,1,0,0.37,0,0,0
USR2797,20,3,13795,347,26422,500000,1.9153316418992388,0.052844,1,141,0.94,2,0,0.35,2,0,0
USR7753,66,2,33143,189,14218,300000,0.42898953021754216,0.047393333333333336,9,624,0.05,0,0,0.98,2,0,0
USR6084,34,1,7474,33,5749,300000,0.7691998929622692,0.019163333333333334,1,227,0.65,3,0,0.64,0,0,0
USR8618,46,4,49492,154,13157,300000,0.26584094399094804,0.04385666666666667,17,19,0.14,1,1,0.26,1,0,0
USR1382,53,3,35536,140,33951,100000,0.9553973435389465,0.33951,9,475,0.99,0,1,0.32,1,0,0
USR3111,48,0,51622,209,8505,500000,0.16475533687187632,0.01701,3,339,0.72,1,0,0.42,2,1,0
USR8153,54,2,55002,317,73504,100000,1.3363877677175375,0.73504,5,485,0.46,2,0,0.14,1,0,0
USR9241,67,3,9670,336,2218,300000,0.2293691830403309,0.007393333333333333,17,127,0.13,0,0,0.18,1,0,0
USR2583,47,2,5118,42,3093,500000,0.604337631887456,0.006186,3,457,0.54,2,0,0.07,0,1,0
USR7053,23,1,18142,42,27280,500000,1.5036930878624186,0.05456,5,312,0.79,0,1,0.04,2,0,0
USR8974,22,1,22920,210,10564,200000,0.46090750436300176,0.05282,6,75,0.49,0,0,0.74,2,0,0
USR8798,18,3,17685,107,21211,300000,1.1993780039581565,0.07070333333333334,2,465,0.63,2,0,0.76,0,0,0
USR3822,40,5,30514,347,17357,100000,0.5688208691092613,0.17357,14,684,0.15,0,0,0.83,1,0,0
USR1861,65,3,44558,303,1000,500000,0.022442659006239058,0.002,11,436,0.74,0,0,0.02,0,0,0
USR3483,37,3,27659,105,26038,200000,0.9413933981705774,0.13019,13,97,0.81,3,0,0.83,1,1,0
USR3917,27,3,24329,219,1000,500000,0.041103210160713555,0.002,12,53,0.92,0,0,0.9,1,0,0
USR3559,47,7,10803,206,9566,300000,0.8854947699713043,0.03188666666666667,5,559,0.64,3,0,0.06,0,0,0
USR4218,21,4,21980,326,34171,200000,1.5546405823475886,0.170855,0,457,0.03,1,0,0.29,0,0,0
USR7886,26,2,20879,151,24391,200000,1.1682072896211504,0.121955,3,554,0.59,0,0,0.95,0,1,0
USR1429,39,3,40094,142,59347,100000,1.4801965381353819,0.59347,11,126,0.78,0,0,0.08,1,1,0
USR8784,51,1,56340,28,116891,100000,2.07474263400781,1.16891,9,670,0.3,1,0,0.17,2,0,0
USR8087,42,4,15280,325,16208,500000,1.0607329842931936,0.032416,4,249,0.0,2,0,0.77,2,0,0
USR9600,43,0,57760,145,40523,500000,0.7015754847645429,0.081046,19,630,0.78,0,0,0.16,0,0,0
USR6352,45,1,13799,158,18286,300000,1.325168490470324,0.06095333333333333,4,251,0.03,1,1,0.67,2,1,0
USR9528,68,2,25819,350,26425,200000,1.0234710871838568,0.132125,5,642,0.1,0,0,0.78,0,0,0
USR5118,63,3,58082,339,17363,300000,0.29893943046038357,0.05787666666666667,10,61,0.54,0,0,0.39,1,0,0
USR9090,20,1,22376,79,3060,500000,0.13675366464068645,0.00612,6,269,0.58,3,0,0.69,0,0,0
USR1714,22,3,39924,114,36011,100000,0.901988778679491,0.36011,9,309,0.91,1,0,0.72,1,0,0
USR2071,69,2,57096,42,43486,100000,0.7616295362197002,0.43486,13,648,0.47,0,0,0.26,0,0,0
USR9616,63,4,18561,183,11152,300000,0.6008296966758256,0.037173333333333336,12,635,0.26,3,0,0.28,0,0,0
USR3273,41,3,9231,152,7791,100000,0.8440038999025025,0.07791,9,157,0.66,0,0,0.83,0,0,0
USR8249,60,1,58330,328,65694,500000,1.1262472141265216,0.131388,8,211,0.39,2,0,0.98,0,0,0
USR8853,35,2,55918,194,44833,300000,0.8017632962552309,0.14944333333333334,3,204,0.63,2,1,0.91,2,0,0
USR3264,18,1,33579,224,14400,100000,0.42883945322969713,0.144,10,566,0.68,2,0,0.32,1,0,0
USR6469,68,0,38767,40,71754,300000,1.8509041194830655,0.23918,20,180,0.65,0,1,0.15,0,1,0
USR5123,33,1,51563,86,51949,100000,1.0074859880146616,0.51949,7,407,0.05,3,1,0.16,0,0,0
USR4497,56,2,52589,20,47603,200000,0.9051892981421971,0.238015,4,480,0.31,0,0,0.19,0,0,0
USR7220,70,1,28973,309,34874,100000,1.2036723846339696,0.34874,0,531,0.52,2,0,0.46,1,0,0
USR6198,26,2,44903,272,53705,300000,1.196022537469657,0.17901666666666666,17,367,0.82,0,0,0.08,1,0,0
USR3362,39,1,34963,37,32969,500000,0.9429682807539399,0.065938,7,276,0.24,0,0,0.82,0,1,0
USR3864,41,2,29462,229,28754,300000,0.9759690448713597,0.09584666666666666,5,24,0.38,0,0,0.38,0,0,0
USR9863,47,2,44356,218,92284,500000,2.0805302552078637,0.184568,10,565,0.54,0,1,0.83,2,0,0
USR5072,28,1,44714,132,68732,200000,1.5371472022185446,0.34366,12,293,0.01,1,1,0.67,0,1,0
USR1035,56,0,29654,22,31036,100000,1.046604168071761,0.31036,16,626,0.98,0,0,0.4,0,0,0
USR4418,46,2,29293,190,48650,200000,1.6608063359847063,0.24325,11,269,0.98,3,0,0.99,0,0,0
USR7928,32,3,43994,120,56591,100000,1.2863345001591127,0.56591,21,183,0.71,0,0,0.68,2,1,0
USR8900,62,1,12239,223,5261,500000,0.42985538034153115,0.010522,19,292,0.34,1,0,0.85,1,0,0
USR3723,61,2,36888,360,23252,300000,0.6303404901322923,0.07750666666666667,7,287,0.22,0,0,0.25,2,0,0
USR9814,49,2,27831,246,38952,100000,1.3995903848226798,0.38952,11,210,0.77,3,0,0.37,2,1,0
USR1019,55,2,31480,174,44550,100000,1.4151842439644218,0.4455,5,167,0.59,0,0,0.04,1,1,0
USR3760,29,0,39782,156,1983,500000,0.049846664320546984,0.003966,23,530,0.36,1,0,0.08,1,0,0
USR5542,59,3,25995,77,13821,300000,0.5316791690709752,0.04607,4,670,0.26,1,0,0.86,0,1,0
USR9592,36,4,30239,154,29682,200000,0.9815800787063065,0.14841,12,561,0.1,0,0,0.15,0,0,0
USR6471,25,5,57868,55,23637,200000,0.4084640906891546,0.118185,3,187,0.69,1,0,0.72,1,0,0
USR8118,25,2,13755,83,16141,300000,1.1734641948382407,0.053803333333333335,4,461,0.44,1,0,0.06,1,1,0
USR7014,59,2,51632,249,41775,300000,0.8090912612333436,0.13925,18,19,0.21,3,0,0.96,1,0,0
USR7376,28,3,14073,334,31584,100000,2.244297591131955,0.31584,6,139,0.86,2,0,0.67,1,0,0
USR1401,60,1,7358,236,15334,300000,2.0839902147322644,0.05111333333333333,16,216,0.27,3,1,0.97,1,0,0
USR5904,70,0,22927,221,35797,200000,1.5613468835870372,0.178985,7,89,0.37,3,1,0.19,2,1,0
USR2868,59,0,24608,201,18551,200000,0.7538605331599479,0.092755,4,292,0.53,1,0,0.82,2,1,0
USR7581,54,0,26360,80,27374,200000,1.0384673748103186,0.13687,5,425,0.88,2,0,0.37,1,0,0
USR2204,70,4,52468,5,84910,100000,1.6183197377449112,0.8491,2,14,0.61,1,1,0.39,0,0,0
USR6971,48,3,42926,317,61691,100000,1.4371476494432278,0.61691,5,585,0.52,3,0,0.88,1,0,0
USR9681,19,0,16374,110,16183,200000,0.9883351655062904,0.080915,10,326,0.91,0,0,0.55,0,0,0
USR6072,60,1,9358,307,4739,300000,0.5064116264159009,0.015796666666666667,1,264,0.18,1,1,0.55,1,0,0
USR6966,22,1,25652,152,28654,200000,1.117027912053641,0.14327,16,60,0.26,1,0,0.5,1,0,0
USR7731,18,3,25927,129,12548,200000,0.4839742353531068,0.06274,3,501,0.25,0,0,0.21,0,0,0
USR9063,61,4,59990,87,125955,100000,2.0995999333222204,1.25955,1,385,0.84,2,1,0.25,0,1,1
USR9667,41,1,27370,237,38289,500000,1.3989404457435148,0.076578,0,501,0.27,0,0,0.39,0,0,0
USR4886,68,2,59158,315,135622,100000,2.2925386253761113,1.35622,0,514,0.85,0,0,0.02,0,0,0
USR2101,53,2,38615,128,19318,200000,0.5002719150589149,0.09659,15,146,0.9,0,0,0.28,1,1,0
USR3789,55,1,6291,259,9716,200000,1.5444285487203941,0.04858,4,361,0.36,1,0,0.51,0,0,0
USR2139,55,2,10079,235,6885,500000,0.6831034824883421,0.01377,18,53,0.69,2,0,0.52,0,1,0
USR9009,53,4,13718,159,19366,300000,1.4117218253389707,0.06455333333333334,11,551,0.85,3,1,0.32,1,0,0
USR8085,48,4,12023,309,9970,100000,0.829243949097563,0.0997,11,91,1.0,1,0,0.01,1,1,0
USR5188,34,2,13281,81,17066,200000,1.2849935998795272,0.08533,5,562,0.42,2,1,0.56,0,0,0
USR8514,61,1,18965,246,3229,300000,0.17026100711837597,0.010763333333333333,23,103,0.09,3,1,0.41,2,0,0
USR9538,29,2,39124,215,29741,200000,0.7601727839689193,0.148705,5,349,0.31,2,1,0.36,0,0,0
USR7030,69,4,41652,110,56893,100000,1.3659128013060597,0.56893,21,619,0.43,1,0,0.98,0,0,0
USR1084,61,1,12556,178,1000,200000,0.07964319847085059,0.005,5,202,0.47,3,0,1.0,1,0,0
USR4064,23,1,52949,48,78999,300000,1.4919828514230675,0.26333,5,662,0.45,1,0,0.37,0,0,0
USR6408,41,1,10126,283,13103,100000,1.293995654750148,0.13103,23,303,0.08,0,0,0.12,0,0,0
USR6666,22,2,12622,192,7025,200000,0.556567897322136,0.035125,14,423,0.11,0,1,0.67,0,1,0
USR1865,45,3,40498,19,1000,200000,0.024692577411230186,0.005,4,136,0.54,0,0,0.5,0,1,0
USR3079,70,4,24542,69,49331,500000,2.010064379431179,0.098662,9,113,0.59,1,0,0.55,0,0,0
USR5849,27,1,38231,355,22733,200000,0.5946221652585598,0.113665,10,695,0.45,3,0,0.05,0,0,0
USR6929,36,0,26976,165,17559,100000,0.650911921708185,0.17559,8,518,0.3,0,0,0.37,0,1,0
USR9238,63,4,28534,64,26786,500000,0.9387397490712834,0.053572,5,522,0.25,1,1,0.43,1,0,0
USR8380,50,2,27743,46,29705,500000,1.0707205421187327,0.05941,14,618,0.79,0,1,0.66,1,1,0
USR2935,53,1,29853,179,39399,100000,1.319766857602251,0.39399,5,27,0.64,1,1,0.21,0,1,0
USR9976,54,3,43699,290,54340,300000,1.2435067164008329,0.18113333333333334,3,572,0.96,3,0,0.32,2,0,0
USR6783,33,4,59476,135,100406,100000,1.6881767435604278,1.00406,0,225,0.42,1,1,0.61,0,1,0
USR6309,61,1,34227,68,25085,300000,0.7329009261693984,0.08361666666666667,1,474,0.45,1,1,0.26,2,0,0
USR9096,70,1,26626,306,49317,500000,1.8522121234883198,0.098634,23,28,0.1,0,0,0.18,2,0,0
USR3134,22,0,16898,296,33136,200000,1.9609421233282045,0.16568,10,283,0.9,1,0,0.48,2,0,0
USR5167,41,1,47394,114,14126,100000,0.29805460606827866,0.14126,2,410,0.03,0,0,0.57,1,0,0
USR3487,25,2,16207,187,13129,100000,0.8100820633059789,0.13129,11,246,0.01,0,0,0.89,1,0,0
USR4313,22,1,38611,66,35935,300000,0.9306933257361891,0.11978333333333334,3,49,0.95,1,1,0.7,0,0,0
USR1196,32,4,49135,306,33574,300000,0.6833011091889691,0.11191333333333334,4,170,0.43,0,0,0.74,2,1,0
USR4077,56,1,53601,232,1000,300000,0.01865636835133673,0.0033333333333333335,6,217,0.36,0,0,0.17,0,0,0
USR2818,39,2,37561,131,13355,100000,0.3555549639253481,0.13355,15,618,0.82,2,0,0.48,1,1,0
USR6175,47,2,25622,160,29619,200000,1.1559987510732963,0.148095,1,303,0.91,0,1,0.21,2,0,0
USR6617,33,4,39923,60,68499,100000,1.7157778724043784,0.68499,1,485,0.24,2,0,0.81,0,0,0
USR3804,31,4,21910,219,30557,100000,1.3946599726152442,0.30557,4,582,0.51,0,0,0.7,2,0,0
USR7647,42,2,13292,8,5657,200000,0.4255943424616311,0.028285,1,502,0.3,1,1,0.02,0,0,0
USR8139,51,1,57852,73,51233,100000,0.8855873608518288,0.51233,5,550,0.14,1,0,0.8,2,1,0
USR3205,66,1,6418,300,10517,200000,1.6386724836397633,0.052585,4,159,0.18,1,0,0.45,0,1,0
USR5107,22,0,32408,325,43624,300000,1.346087385830659,0.14541333333333334,7,101,0.21,0,0,0.97,0,0,0
USR5720,39,2,37729,205,108323,500000,2.871080601129105,0.216646,2,94,0.11,0,0,0.34,2,0,0
USR5728,30,1,7142,158,11784,500000,1.6499579949593952,0.023568,1,144,0.54,3,0,0.55,0,0,0
USR9616,68,1,11403,78,7579,200000,0.6646496535999299,0.037895,13,303,0.32,0,0,0.57,0,1,0
USR6292,67,2,50865,38,68083,100000,1.3385038828270914,0.68083,12,292,0.04,0,1,0.74,1,0,0
USR3064,67,0,56228,127,26905,500000,0.4784982570961087,0.05381,0,292,0.78,0,1,0.15,1,0,0
USR5108,66,1,18999,136,30710,500000,1.6164008632033264,0.06142,4,681,0.52,0,1,0.7,2,1,0
USR2779,36,2,35011,127,36606,100000,1.0455571106223758,0.36606,2,250,0.54,1,1,0.3,1,0,0
USR5603,40,1,53917,287,60143,300000,1.1154737837787712,0.20047666666666666,9,85,0.97,0,1,0.08,2,0,0
USR4849,27,0,56453,338,62773,500000,1.1119515349051423,0.125546,7,505,0.44,2,0,0.44,0,0,0
USR9964,63,2,13916,210,1000,200000,0.07185972980741592,0.005,9,616,0.05,3,0,0.17,0,0,0
USR2367,30,1,45461,224,67835,300000,1.4921581135478763,0.22611666666666666,13,190,0.68,0,1,0.13,0,0,0
USR3796,52,2,56704,53,79161,500000,1.39603908013544,0.158322,3,7,0.06,0,0,0.25,0,0,0
USR8991,62,1,56433,239,173978,300000,3.0829124802863572,0.5799266666666667,0,307,0.63,3,0,0.33,1,1,0
USR4413,61,2,52696,135,55583,300000,1.0547859420069834,0.18527666666666667,28,381,0.34,1,0,0.17,1,0,0
USR8346,25,0,8512,260,15585,100000,1.8309445488721805,0.15585,6,458,0.45,0,0,0.46,2,0,0
USR1804,21,4,10439,139,3914,500000,0.3749401283647859,0.007828,0,451,0.41,3,0,0.92,1,0,0
USR4784,29,2,53370,158,52862,300000,0.9904815439385423,0.17620666666666668,8,579,0.54,1,0,0.61,1,0,0
USR6100,43,1,44192,131,45286,100000,1.0247556118754526,0.45286,1,536,0.61,3,0,0.05,1,0,0
USR3975,33,2,30233,197,36067,500000,1.1929679489299772,0.072134,4,257,0.14,0,1,0.3,2,0,0
USR2110,62,1,30597,231,59826,500000,1.9552897342876752,0.119652,0,292,0.95,2,0,0.55,2,1,1
USR1970,38,5,25680,12,39992,500000,1.5573208722741434,0.079984,13,660,0.88,1,0,0.1,1,0,0
USR2824,46,2,56480,308,48779,100000,0.8636508498583569,0.48779,8,689,0.74,0,1,0.13,0,0,0
USR1135,27,0,5697,63,10452,100000,1.8346498156924698,0.10452,11,649,0.07,1,0,0.9,2,0,0
USR2905,42,2,35213,125,1000,100000,0.028398602788742795,0.01,14,176,0.3,0,0,0.56,1,0,0
USR3114,23,4,36179,164,75733,200000,2.0932861604798365,0.378665,6,177,0.15,2,0,0.81,0,0,0
USR1961,19,6,55152,38,55641,300000,1.008866405570061,0.18547,19,7,0.64,0,0,0.39,1,1,0
USR9645,40,1,16000,230,1420,200000,0.08875,0.0071,2,260,0.62,0,1,0.79,0,0,0
USR6052,46,3,47059,96,12340,200000,0.2622240166599375,0.0617,11,468,0.87,3,1,0.75,0,1,0
USR3325,41,0,12538,258,1000,500000,0.07975753708725475,0.002,19,75,0.0,1,0,0.01,2,0,0
USR4209,34,2,13043,20,13114,500000,1.0054435329295408,0.026228,4,17,0.45,0,0,0.41,0,0,0
USR7612,64,2,7706,166,19472,200000,2.526862185310148,0.09736,12,85,0.48,0,0,0.06,1,0,0
USR4341,33,2,24144,43,18525,100000,0.7672713717693836,0.18525,8,203,0.99,0,0,0.3,2,0,0
USR5869,53,3,54247,51,1000,200000,0.01843419912621896,0.005,4,209,0.87,0,0,0.14,1,0,0
USR5781,22,1,37577,108,61804,100000,1.6447294887830322,0.61804,4,118,0.12,2,1,0.36,0,0,0
USR9041,20,4,19572,125,34608,300000,1.7682403433476395,0.11536,4,547,0.6,0,1,0.57,0,0,0
USR1481,39,2,52249,244,78052,100000,1.4938467721870274,0.78052,9,483,0.93,1,0,0.26,2,0,0
USR8810,34,2,51792,183,93134,300000,1.7982313870868087,0.31044666666666665,6,588,0.94,3,0,0.74,2,0,0
USR7274,18,3,42388,285,74858,300000,1.7660186845333585,0.24952666666666667,21,282,0.78,1,0,0.31,0,0,0
USR6908,36,1,55500,343,35561,300000,0.6407387387387388,0.11853666666666667,1,101,0.15,2,1,0.77,0,0,0
USR7118,55,3,21924,131,15857,100000,0.7232713008575078,0.15857,0,188,0.68,1,1,0.6,2,1,0
USR4478,57,0,47836,116,15248,200000,0.3187557488084288,0.07624,11,21,0.05,3,0,0.26,0,0,0
USR3335,63,1,58102,213,76409,100000,1.3150838181129738,0.76409,3,245,0.06,2,0,0.47,0,0,0
USR1333,54,1,56782,300,130515,500000,2.2985277024409143,0.26103,18,682,0.99,3,0,0.88,0,0,1
USR6368,54,2,27316,90,22499,100000,0.8236564650754137,0.22499,20,212,0.95,3,1,0.72,2,0,0
USR1181,19,2,17352,260,7662,200000,0.4415629322268326,0.03831,6,547,0.9,3,1,0.29,0,0,0
USR1322,26,1,47830,347,74040,300000,1.5479824378005436,0.2468,1,509,0.55,1,1,0.93,0,0,0
USR4012,56,2,7703,315,4744,100000,0.615863949110736,0.04744,0,647,0.64,1,0,1.0,0,0,0
USR2970,67,2,16746,319,8747,500000,0.5223336916278515,0.017494,8,72,0.97,1,0,0.5,0,1,0
USR8521,44,4,39597,288,40215,100000,1.0156072429729526,0.40215,0,550,0.87,0,0,0.35,1,0,0
USR5011,60,1,24306,23,18522,200000,0.7620340656627993,0.09261,5,499,0.09,1,0,0.77,2,1,0
USR2938,38,4,51248,161,90093,500000,1.7579807992507024,0.180186,0,586,0.84,2,0,0.72,0,0,0
USR6533,45,0,17565,168,12074,300000,0.6873896954170224,0.04024666666666667,5,251,0.99,1,1,0.79,2,1,0
USR9086,42,2,22069,145,14410,300000,0.6529521047623363,0.04803333333333333,0,327,0.14,1,0,0.94,0,1,0
USR5969,38,0,55990,306,4331,100000,0.07735309876763707,0.04331,3,468,0.17,1,0,0.38,1,0,0
USR5393,50,6,8552,122,12485,300000,1.4598924228250703,0.04161666666666667,2,440,0.24,2,1,0.37,0,0,0
USR5644,45,1,23503,115,48924,300000,2.08160660341233,0.16308,5,629,0.88,1,0,0.57,0,0,0
USR3714,56,2,54399,218,41941,100000,0.7709884372874501,0.41941,21,92,0.34,1,0,0.63,2,0,0
USR7456,37,1,8647,304,22451,100000,2.5963918121891987,0.22451,1,454,0.64,3,0,0.43,0,0,0
USR7537,54,2,31373,112,13324,500000,0.42469639498932205,0.026648,7,517,0.14,1,1,0.19,0,0,0
USR5663,18,2,13531,303,1000,300000,0.07390436774813391,0.0033333333333333335,3,63,0.94,1,0,0.02,0,0,0
USR6087,58,1,55617,21,56111,200000,1.0088821763129978,0.280555,2,619,0.47,2,0,0.52,2,1,0
USR9109,64,3,48403,116,51746,200000,1.0690659669855174,0.25873,8,470,0.81,2,0,0.96,1,1,0
USR1326,29,1,59939,349,14423,500000,0.24062797177130082,0.028846,5,66,0.76,3,0,0.53,0,0,0
USR4301,40,5,31266,365,44143,200000,1.4118531311968272,0.220715,10,610,0.49,0,1,0.22,0,0,0
USR7838,66,5,30849,124,37050,200000,1.2010113780025284,0.18525,15,114,0.16,1,0,0.82,1,0,0
USR3847,52,2,9517,301,2993,300000,0.3144898602500788,0.009976666666666667,4,400,0.39,1,0,0.26,2,1,0
USR3447,20,3,35797,26,42903,300000,1.198508254881694,0.14301,3,309,0.18,1,0,0.37,0,0,0
USR3396,52,2,18226,279,6647,300000,0.36469878195983757,0.022156666666666668,12,127,0.04,0,0,0.16,0,0,0
USR2897,42,2,10716,354,7864,200000,0.7338559163867114,0.03932,8,169,0.94,2,1,0.07,2,0,0
USR3493,22,3,39087,169,87180,100000,2.23040908742037,0.8718,0,367,0.87,3,0,0.37,0,0,0
USR2895,20,1,20519,181,15519,100000,0.7563234075734685,0.15519,1,31,0.69,0,0,0.32,1,0,0
USR6082,23,1,10151,237,5745,300000,0.5659540931927889,0.01915,5,681,0.9,3,0,0.13,0,0,0
USR6843,22,6,11050,67,15748,300000,1.425158371040724,0.052493333333333336,5,387,0.0,2,0,0.47,1,0,0
USR7934,40,1,16586,331,21082,500000,1.271071988423972,0.042164,1,159,0.84,1,0,0.39,1,0,0
USR9520,46,2,36265,267,36221,100000,0.9987867089480215,0.36221,18,206,0.93,0,1,0.01,1,0,0
USR9701,38,1,58187,224,19497,100000,0.33507484489662637,0.19497,2,85,0.47,2,0,0.43,2,0,0
USR4521,52,2,59566,122,88242,300000,1.4814155726421112,0.29414,4,250,0.64,0,0,0.06,0,0,0
USR2848,38,1,30994,283,53745,500000,1.7340452990901465,0.10749,0,218,0.06,3,0,0.61,0,1,0
USR4903,36,2,34167,48,62737,200000,1.8361869640296191,0.313685,13,129,0.36,3,0,0.83,2,0,0
USR4791,49,0,12568,152,9433,500000,0.7505569700827498,0.018866,2,111,0.27,2,0,0.22,0,0,0
USR3085,57,2,11200,133,4836,300000,0.4317857142857143,0.01612,6,135,0.27,0,1,0.91,1,1,0
USR1620,36,2,37040,66,52932,500000,1.429049676025918,0.105864,1,591,0.79,1,0,0.96,0,0,0
USR6826,30,4,6232,331,1000,300000,0.16046213093709885,0.0033333333333333335,2,448,0.95,1,0,0.34,0,0,0
USR5419,53,3,14532,325,17493,200000,1.203757225433526,0.087465,10,231,0.87,3,0,0.77,0,0,0
USR5284,53,1,20256,263,24860,300000,1.2272906793048972,0.08286666666666667,5,440,0.19,2,1,0.59,0,0,0
USR5877,70,0,56851,308,49343,200000,0.8679354804664826,0.246715,8,487,0.04,0,0,0.2,2,0,0
USR1503,69,3,15403,259,9057,200000,0.5880023372070375,0.045285,0,637,0.09,1,0,0.91,2,0,0
USR9961,66,1,9812,128,11320,100000,1.153689359967387,0.1132,22,392,0.28,0,0,0.46,1,0,0
USR4308,66,2,55401,237,57670,200000,1.0409559394234762,0.28835,0,419,0.85,0,1,0.62,2,0,0
USR9459,30,2,38121,116,61143,200000,1.603919099708822,0.305715,11,633,0.94,0,0,0.08,0,0,0
USR6427,23,1,50610,111,40516,500000,0.8005532503457815,0.081032,5,383,0.8,0,0,0.46,2,1,0
USR7282,36,3,56983,296,80590,100000,1.4142814523629854,0.8059,6,459,0.21,2,0,0.88,1,0,0
USR1977,25,1,42363,271,10751,100000,0.25378278214479616,0.10751,4,504,0.84,3,0,0.1,2,1,0
USR2266,65,0,22027,199,17777,100000,0.8070549779815681,0.17777,2,376,0.46,3,0,0.74,0,0,0
USR4765,62,2,29182,60,1000,100000,0.03426769926667123,0.01,0,679,0.7,0,1,0.59,0,1,0
USR7419,38,1,24448,134,40527,500000,1.657681609947644,0.081054,7,404,0.46,0,0,0.31,2,0,0
USR9191,68,3,55621,207,82685,200000,1.4865788101616295,0.413425,0,635,0.01,0,0,0.38,0,0,0
USR7523,47,2,42806,88,39068,500000,0.912675793113115,0.078136,2,327,0.51,1,0,0.06,0,0,0
USR8389,34,1,28753,39,32782,300000,1.1401245087469134,0.10927333333333333,3,618,0.34,3,0,0.97,0,0,0
USR7733,70,4,12743,159,5203,100000,0.40830259750451225,0.05203,14,495,0.09,0,0,0.09,2,0,0
USR1118,39,1,17864,56,1000,300000,0.055978504254366325,0.0033333333333333335,8,443,0.54,0,1,0.06,1,1,0
USR8455,29,3,22304,365,26330,100000,1.1805057388809181,0.2633,7,546,0.91,3,0,0.77,0,0,0
USR6220,56,2,31818,131,86411,500000,2.7157898045131685,0.172822,9,441,0.0,0,0,0.67,0,0,0
USR3218,61,1,56062,127,25481,200000,0.4545146445007313,0.127405,12,24,0.98,0,0,0.68,2,0,0
USR8260,30,3,51363,253,1000,500000,0.019469267760839515,0.002,5,450,0.9,1,1,0.26,0,0,0
USR7319,58,4,57824,116,107037,500000,1.851082595462092,0.214074,7,361,0.9,1,0,0.42,2,1,1
USR4122,63,3,15758,121,20061,200000,1.2730676481787029,0.100305,0,298,0.3,1,0,0.12,1,0,0
USR4606,63,0,43092,45,22556,500000,0.5234382251926112,0.045112,19,686,0.56,1,0,0.76,2,0,0
USR5973,25,2,15859,70,21886,200000,1.380036572293335,0.10943,10,62,0.54,1,0,0.33,1,0,0
USR3124,35,2,7318,179,21586,200000,2.949713036348729,0.10793,5,395,0.7,2,0,0.73,2,1,1
USR8900,40,1,30133,353,38314,500000,1.2714963661102445,0.076628,2,160,0.23,2,1,0.83,1,0,0
USR7884,56,1,57045,32,75791,500000,1.3286177579104217,0.151582,0,184,0.4,1,0,0.36,1,0,0
USR4081,52,1,54678,181,92069,100000,1.6838399356231026,0.92069,1,686,0.34,0,0,0.06,0,1,0
USR2613,29,4,58140,13,96575,500000,1.661076711386309,0.19315,9,18,0.11,0,0,0.83,0,1,0
USR4028,61,3,7299,297,6658,100000,0.9121797506507741,0.06658,8,59,0.88,0,0,0.01,1,0,0
USR6537,30,2,5406,338,4440,500000,0.8213096559378469,0.00888,5,226,0.72,3,0,0.4,1,0,0
USR9037,27,0,14592,211,16359,300000,1.12109375,0.05453,6,546,0.33,1,0,0.14,1,0,0
USR2203,19,4,57940,313,54687,500000,0.9438557128063514,0.109374,9,664,0.92,0,0,0.54,2,0,0
USR4644,51,1,19574,209,10502,200000,0.5365280474098294,0.05251,23,268,0.78,2,1,0.09,1,0,0
USR2949,46,4,34079,140,70686,500000,2.074180580416092,0.141372,2,143,0.36,3,0,0.65,1,1,0
USR5258,25,1,49471,333,49979,200000,1.0102686422348446,0.249895,2,591,0.35,1,0,0.46,0,0,0
USR1782,68,1,13374,2,20093,300000,1.5023927022581127,0.06697666666666667,18,277,0.35,2,0,0.28,2,1,0
USR6877,43,2,22221,224,27497,200000,1.237433058818235,0.137485,16,141,0.54,0,1,0.53,0,0,0
USR4751,67,3,6476,59,1000,300000,0.15441630636195183,0.0033333333333333335,13,123,0.24,3,1,0.12,0,0,0
USR9460,28,0,39339,194,54696,200000,1.3903759627850225,0.27348,1,597,0.89,0,0,0.2,0,1,0
USR3392,52,5,46158,292,35536,200000,0.7698773777026734,0.17768,6,17,0.19,3,0,0.71,0,0,0
USR4899,37,1,24098,334,34668,300000,1.4386256120839904,0.11556,2,389,0.24,0,1,0.86,0,1,0
USR7729,42,1,17629,149,17010,300000,0.9648874014408078,0.0567,2,137,0.05,3,1,0.36,1,0,0
USR3851,43,0,11977,202,2651,100000,0.22134090339817986,0.02651,15,179,0.67,2,0,0.88,0,0,0
USR9055,18,6,6076,73,3083,300000,0.5074061882817643,0.010276666666666667,0,324,0.11,0,0,0.94,0,0,0
USR3328,51,0,22296,345,1891,200000,0.08481341944743452,0.009455,4,631,0.18,0,0,0.04,0,0,0
USR8439,22,2,53771,177,42335,100000,0.7873203027654312,0.42335,3,564,0.83,1,0,0.25,0,0,0
USR5024,21,2,26009,315,14595,200000,0.5611519089545927,0.072975,14,556,0.53,1,1,0.83,0,0,0
USR9097,52,0,25029,293,14452,300000,0.5774102041631707,0.04817333333333333,12,400,0.86,0,0,0.21,1,1,0
USR6550,26,2,28019,139,1000,300000,0.03569006745422749,0.0033333333333333335,2,341,0.18,0,1,0.24,0,1,0
USR1433,31,2,53257,13,72484,100000,1.361022964117393,0.72484,14,699,0.03,0,0,0.25,0,0,0
USR6530,30,0,23581,244,5879,500000,0.24931088588270217,0.011758,17,502,0.01,3,0,0.95,1,1,0
USR5895,22,2,45626,112,87455,300000,1.9167799061938369,0.29151666666666665,14,490,0.88,1,0,0.43,1,0,0
USR5501,70,1,39376,303,47050,200000,1.1948902885006094,0.23525,7,544,0.61,0,1,0.64,0,0,0
USR4780,63,0,23009,262,44941,100000,1.9531922291277326,0.44941,10,283,0.11,0,1,0.4,1,0,0
USR1934,57,3,21732,54,17959,200000,0.8263850542978097,0.089795,3,397,0.89,2,0,0.9,1,0,0
USR4378,43,2,17216,335,19485,100000,1.1317960037174721,0.19485,4,699,0.85,0,0,0.79,2,0,0
USR7164,46,2,30307,341,47791,100000,1.5768964265681196,0.47791,7,264,0.6,0,1,0.15,1,1,0
USR9055,55,0,40178,274,45932,500000,1.1432127034695605,0.091864,12,221,0.51,3,0,0.77,0,0,0
USR6091,64,2,29175,74,41387,100000,1.4185775492716366,0.41387,1,21,0.15,0,0,0.63,1,0,0
USR4883,65,2,47280,139,35339,300000,0.7474407783417936,0.11779666666666666,2,206,0.78,1,1,0.44,0,0,0
USR4677,18,2,47749,56,35476,100000,0.7429684391296153,0.35476,6,178,0.76,0,1,0.47,2,0,0
USR9599,41,2,11608,109,18886,100000,1.6269813921433494,0.18886,6,657,0.11,2,0,0.51,1,0,0
USR9574,22,3,44885,177,1000,200000,0.022279157847833353,0.005,11,357,0.49,1,0,0.69,2,0,0
USR6830,69,1,59302,305,92198,500000,1.5547199082661631,0.184396,10,365,0.97,0,1,0.97,1,0,0
USR3833,60,3,16040,187,5389,500000,0.3359725685785536,0.010778,1,193,0.5,0,0,0.05,0,1,0
USR2233,27,0,16454,132,12866,500000,0.7819375227908107,0.025732,1,42,0.8,3,1,0.5,1,0,0
USR1895,48,2,22399,136,1000,100000,0.044644850216527525,0.01,3,447,0.61,0,0,0.94,0,0,0
USR7626,45,1,49891,111,54978,300000,1.101962277765529,0.18326,5,603,0.86,0,1,0.76,0,0,0
USR3682,66,2,36619,38,1000,100000,0.027308227969087086,0.01,1,495,0.93,2,0,0.71,0,0,0
USR4079,47,1,46974,163,107900,100000,2.297015370204794,1.079,4,118,0.4,0,0,0.06,0,0,0
USR3907,32,4,54403,201,55482,100000,1.0198334650662648,0.55482,0,271,0.16,2,0,0.83,1,0,0
USR7977,35,3,38682,282,1000,300000,0.02585181738276201,0.0033333333333333335,11,655,0.11,0,1,0.31,1,0,0
USR6533,25,1,12624,347,7167,300000,0.5677281368821293,0.02389,8,47,0.59,0,1,0.15,0,0,0
USR6067,68,0,5250,7,8662,200000,1.649904761904762,0.04331,3,409,0.29,1,1,0.81,0,0,0
USR1582,32,2,41495,226,9422,500000,0.22706350162670202,0.018844,15,128,0.19,0,0,0.7,0,1,0
USR4534,27,3,6755,21,1000,300000,0.14803849000740193,0.0033333333333333335,12,362,0.67,0,1,0.31,2,1,0
USR2115,19,0,26323,32,24058,300000,0.9139535767199787,0.08019333333333334,10,65,0.61,3,0,0.54,1,1,0
USR7919,51,4,45679,333,57653,200000,1.2621335843604282,0.288265,1,378,0.02,0,1,0.0,1,1,0
USR1024,51,2,35304,110,24179,300000,0.6848799002945842,0.08059666666666666,2,151,0.15,3,1,0.45,2,1,0
USR6937,60,3,13606,122,16044,200000,1.179185653388211,0.08022,8,32,0.99,2,0,0.53,2,0,0
USR1831,44,0,59334,172,68563,300000,1.1555431961438636,0.22854333333333332,0,400,0.6,2,1,0.13,1,0,0
USR5660,31,3,49107,282,35132,100000,0.7154173539413933,0.35132,5,450,0.15,3,1,0.29,2,0,0
USR9730,41,2,53184,43,60493,500000,1.1374285499398316,0.120986,8,578,0.79,0,0,0.29,2,0,0
USR3113,49,2,28883,156,1000,200000,0.03462244226707752,0.005,11,195,0.54,1,1,0.62,0,0,0
USR6608,18,2,59075,5,123041,500000,2.0827930596699114,0.246082,15,684,0.78,0,0,0.98,1,0,1
USR2733,52,0,39585,151,24592,300000,0.6212454212454213,0.08197333333333333,0,463,0.82,2,1,0.15,0,0,0
USR8407,41,2,5330,79,1000,200000,0.18761726078799248,0.005,0,419,0.1,1,0,0.85,0,0,0
USR5538,62,4,33843,263,31160,500000,0.9207221582011051,0.06232,15,92,0.24,1,0,0.1,1,0,0
USR4223,21,2,56488,68,61851,300000,1.0949405183401784,0.20617,3,624,0.59,1,0,0.56,1,0,0
USR2212,24,1,38026,283,54967,100000,1.445510966181034,0.54967,0,101,0.68,1,0,0.05,2,1,0
USR8825,36,5,27664,135,1000,200000,0.03614806246385194,0.005,11,241,0.66,1,0,0.45,0,0,0
USR6067,38,6,21698,272,24056,100000,1.108673610471011,0.24056,12,533,0.48,1,0,0.13,1,1,0
USR8150,65,1,15865,223,14882,100000,0.938039710053577,0.14882,15,191,0.67,1,0,0.09,0,0,0
USR4428,55,2,54040,230,16447,300000,0.30434863064396744,0.054823333333333335,6,385,0.93,1,0,0.47,0,0,0
USR8338,45,4,47850,206,1000,200000,0.02089864158829676,0.005,3,82,0.8,1,0,0.9,0,0,0
USR1666,65,2,41398,236,23477,100000,0.5671046910478768,0.23477,6,136,0.28,2,0,0.0,0,0,0
USR5472,36,2,40804,346,111635,200000,2.7358837368885403,0.558175,8,425,0.5,3,1,0.98,0,1,1
USR8779,64,2,46104,3,96976,500000,2.10341835849384,0.193952,9,30,0.66,1,0,0.21,0,0,0
USR5049,62,1,48174,363,57532,300000,1.1942541619960976,0.19177333333333332,3,229,0.95,1,1,0.05,1,0,0
USR4002,29,2,20170,153,23436,200000,1.161923648983639,0.11718,22,589,0.61,3,0,0.03,1,0,0
USR1462,54,0,18840,52,9199,200000,0.4882696390658174,0.045995,7,447,0.29,1,0,0.55,2,1,0
USR4877,62,5,46633,91,40319,200000,0.8646023202453198,0.201595,7,55,0.78,0,0,0.87,0,0,0
USR3860,36,1,42740,33,1000,500000,0.02339728591483388,0.002,2,297,0.12,0,0,0.11,1,0,0
USR8403,30,0,50746,28,81227,500000,1.6006581799550703,0.162454,10,667,0.46,1,1,0.45,1,0,0
USR2487,51,3,49575,74,46806,100000,0.9441452344931921,0.46806,13,366,0.95,1,0,0.2,2,1,0
USR1707,50,3,59581,263,25677,300000,0.43095953407965626,0.08559,14,111,0.81,3,0,0.95,0,0,0
USR5013,44,4,43239,44,48820,200000,1.1290732903166123,0.2441,15,312,0.44,0,0,0.54,0,1,0
USR2765,24,1,22927,196,11285,300000,0.49221441967985347,0.037616666666666666,5,161,0.76,0,0,0.66,0,0,0
USR2694,64,3,48778,141,78159,100000,1.6023412194021895,0.78159,3,333,0.4,0,0,0.66,2,0,0
USR2468,48,2,28397,126,16932,500000,0.5962601683276403,0.033864,6,147,0.16,1,0,0.95,0,1,0
USR9300,31,2,47734,361,64789,300000,1.3572924959148616,0.21596333333333334,12,15,0.7,0,1,0.84,2,0,0
USR3743,53,3,15249,322,13152,200000,0.862482785756443,0.06576,12,597,0.7,0,0,0.46,2,0,0
USR7249,49,2,25531,86,35232,500000,1.3799694489052525,0.070464,7,146,0.92,2,0,0.56,0,0,0
USR4385,54,2,31508,226,52581,100000,1.6688142693919004,0.52581,0,614,0.04,1,0,0.28,0,0,0
USR4159,46,2,30423,49,55526,200000,1.825132301219472,0.27763,11,546,0.65,0,0,0.13,1,0,0
USR5844,67,1,26751,312,3131,300000,0.11704235355687638,0.010436666666666667,8,594,0.15,0,0,0.43,0,1,0
USR2700,24,0,44311,154,33468,300000,0.7552977815892217,0.11156,12,216,0.17,0,0,0.25,2,1,0
USR3790,52,2,55750,89,46208,200000,0.8288430493273543,0.23104,18,546,0.07,1,0,0.74,2,1,0
USR4893,35,4,51579,195,53569,100000,1.0385815932840885,0.53569,3,187,0.49,0,0,0.29,2,0,0
USR1995,36,2,43790,63,61490,100000,1.404201872573647,0.6149,10,169,0.66,1,1,0.42,2,0,0
USR3545,39,3,45302,197,1000,500000,0.022074080614542406,0.002,1,610,0.46,1,0,0.78,0,0,0
USR7508,51,4,11466,130,11215,100000,0.9781091923949067,0.11215,10,395,1.0,0,0,0.96,0,1,0
USR5294,36,4,34093,99,21362,200000,0.6265802364121668,0.10681,6,412,0.56,1,0,0.52,2,0,0
USR1030,58,0,20166,206,22380,200000,1.1097887533472182,0.1119,16,59,0.93,3,1,0.9,1,0,0
USR8101,49,2,56996,247,86638,300000,1.520071583970805,0.28879333333333335,3,147,0.8,0,1,0.41,0,0,0
USR6710,21,0,21304,67,21841,300000,1.0252065339842282,0.07280333333333333,6,112,0.57,0,1,0.21,0,0,0
USR4726,48,2,10901,16,9099,300000,0.8346940647647005,0.03033,11,460,0.03,1,0,0.66,0,0,0
USR3836,59,1,56345,88,59172,100000,1.0501730410861656,0.59172,7,472,0.03,0,1,0.18,0,0,0
USR6696,21,4,29798,310,38082,200000,1.2780052352506879,0.19041,15,45,0.28,1,0,0.84,0,1,0
USR3299,41,2,55813,188,34831,500000,0.6240660777954957,0.069662,15,72,0.01,0,0,0.94,0,0,0
USR6196,55,3,14162,172,1000,100000,0.07061149555147578,0.01,21,393,0.28,0,0,0.77,2,0,0
USR7655,18,0,19893,44,11767,100000,0.591514603126728,0.11767,12,41,0.7,0,0,0.87,0,0,0
USR1066,49,1,27413,112,40228,500000,1.467478933352789,0.080456,19,320,0.8,1,0,0.28,1,0,0
USR6030,48,2,25855,37,23239,100000,0.8988203442274222,0.23239,19,551,0.91,1,0,0.79,2,0,0
USR5280,38,4,5085,14,1838,100000,0.3614552605703048,0.01838,7,532,0.36,1,0,0.58,0,0,0
USR3214,21,1,14756,62,18254,200000,1.2370561127676878,0.09127,2,411,0.6,1,0,0.56,0,0,0
USR3391,37,5,51199,153,82119,200000,1.6039180452743218,0.410595,0,672,0.92,1,0,0.4,2,0,0
USR1867,60,2,15401,309,31114,100000,2.020258424777612,0.31114,12,545,0.62,1,0,0.08,1,0,0
USR9310,24,1,46089,64,13793,500000,0.29926880600577144,0.027586,7,412,0.94,2,0,0.75,0,0,0
USR1172,60,1,14678,47,11945,100000,0.8138029704319389,0.11945,7,221,0.57,3,0,1.0,2,0,0
USR4308,48,1,55600,189,65865,100000,1.1846223021582734,0.65865,4,49,0.98,1,0,0.75,0,1,0
USR6218,34,0,45701,365,54275,100000,1.1876107743813045,0.54275,7,26,0.16,1,1,0.08,1,0,0
USR1722,69,1,6600,355,8719,300000,1.321060606060606,0.029063333333333333,12,434,0.23,0,0,0.03,0,0,0
USR8851,52,3,35589,141,29517,200000,0.8293854842788502,0.147585,10,400,0.77,2,0,0.16,2,0,0
USR7445,64,1,39995,133,83679,300000,2.092236529566196,0.27893,6,349,0.2,3,0,0.55,0,0,0
USR9077,25,3,40595,87,20367,200000,0.5017120335016627,0.101835,6,140,0.02,0,0,0.76,0,1,0
USR7991,34,2,7330,16,11140,500000,1.519781718963165,0.02228,17,98,0.34,1,0,0.08,0,1,0
USR6236,24,3,8366,255,10844,100000,1.2961989003107817,0.10844,7,532,0.6,0,1,0.56,0,0,0
USR6845,37,2,55090,224,80128,300000,1.4544926483935379,0.26709333333333335,19,436,0.05,0,0,0.75,2,1,0
USR3869,19,2,27657,364,6658,200000,0.24073471453881476,0.03329,7,220,0.22,2,0,0.16,2,0,0
USR8455,44,3,5829,134,9614,300000,1.6493395093498027,0.03204666666666667,17,221,0.32,1,1,0.83,2,0,0
USR3425,46,0,37446,161,1000,200000,0.026705122042407735,0.005,16,353,0.95,1,0,0.34,1,0,0
USR7632,44,5,58706,130,43691,300000,0.7442339794910231,0.14563666666666666,0,528,0.7,1,0,0.51,0,1,0
USR5910,33,3,53445,26,69077,100000,1.2924876040789597,0.69077,22,583,0.7,0,0,0.79,1,1,0
USR5480,22,1,33707,135,27859,300000,0.8265048802919275,0.09286333333333334,0,441,0.23,0,0,0.16,0,0,0
USR9528,43,2,17807,195,17316,100000,0.9724265738192845,0.17316,9,369,0.35,2,0,0.25,0,0,0
USR3433,32,0,40933,164,45021,100000,1.099870520118242,0.45021,0,426,0.39,1,0,0.98,1,0,0
USR3890,24,6,51282,203,44230,300000,0.8624858624858625,0.14743333333333333,7,633,0.76,1,0,0.98,0,1,1
USR2543,42,5,5183,71,3644,500000,0.7030677213968743,0.007288,10,360,0.89,0,0,0.72,2,0,0
USR1782,59,5,37872,36,34865,200000,0.9206009716941276,0.174325,1,415,0.1,1,0,0.45,1,1,0
USR7925,62,4,57311,20,31874,500000,0.5561585036031478,0.063748,6,309,0.36,3,1,0.3,0,0,0
USR5424,64,1,38147,66,16135,100000,0.42296904081579156,0.16135,28,286,0.43,0,1,0.03,0,0,0
USR6607,44,1,29999,205,5527,500000,0.18423947464915497,0.011054,4,694,0.37,0,1,0.93,2,0,0
USR3198,64,0,40716,203,56590,500000,1.389871303664407,0.11318,8,595,0.1,0,0,0.23,1,0,0
USR1358,28,0,50928,53,68130,200000,1.337770970782281,0.34065,3,513,0.83,1,0,0.6,1,1,0
USR9510,35,2,48899,62,81941,100000,1.6757193398638008,0.81941,4,238,0.95,2,0,0.9,0,0,0
USR9294,35,3,10925,308,12071,300000,1.1048970251716248,0.040236666666666664,6,649,0.74,0,1,0.15,0,0,0
USR9079,25,0,18295,219,11699,500000,0.6394643345176277,0.023398,7,591,0.54,0,0,0.1,0,0,0
USR4780,55,4,16705,365,23161,100000,1.3864711164322059,0.23161,10,295,0.24,3,0,0.38,1,1,0
USR5745,58,0,20839,219,23675,300000,1.1360909832525552,0.07891666666666666,4,261,0.39,0,1,0.57,2,1,0
USR1818,26,1,10447,230,23131,300000,2.2141284579305065,0.07710333333333333,2,535,0.66,1,0,0.01,2,1,0
USR2408,69,3,12764,123,10612,200000,0.8314008147916013,0.05306,6,322,0.2,0,0,0.62,0,0,0
USR8890,19,2,10225,202,4075,100000,0.39853300733496333,0.04075,3,275,0.27,2,0,0.72,0,1,0
USR3347,57,3,28216,275,1000,500000,0.03544088460447973,0.002,7,21,0.71,0,0,0.57,0,0,0
USR8810,24,3,57173,352,51171,200000,0.8950203767512637,0.255855,9,453,0.28,3,0,0.51,2,1,0
USR7309,39,2,5825,246,5630,300000,0.9665236051502146,0.018766666666666668,9,690,0.85,1,0,0.79,0,0,0
USR8959,49,4,37997,281,6937,500000,0.1825670447666921,0.013874,10,389,0.3,0,1,0.02,2,0,0
USR9856,63,2,27109,257,49999,500000,1.844369028735844,0.099998,0,680,0.66,1,1,0.67,0,0,0
USR7923,26,4,8618,280,1000,200000,0.11603620329542817,0.005,2,686,0.43,0,0,0.15,1,0,0
USR1490,34,1,26101,82,24966,300000,0.956515076050726,0.08322,1,599,0.12,1,1,0.8,2,1,0
USR9439,18,1,32875,53,13827,100000,0.42059315589353613,0.13827,4,355,0.34,0,0,0.18,0,0,0
USR5806,55,1,59237,229,106424,200000,1.7965798403025137,0.53212,20,362,0.45,1,0,0.57,0,0,0
USR9936,40,2,47374,79,16558,100000,0.34951661248786253,0.16558,5,89,0.67,0,0,0.22,1,0,0
USR6457,68,0,45265,326,59006,100000,1.3035678780514746,0.59006,3,638,0.28,2,0,0.32,1,0,0
USR4178,52,4,46562,305,83580,500000,1.7950259868562346,0.16716,7,6,0.32,0,1,0.48,1,0,0
USR4109,55,5,45545,4,54744,500000,1.2019760676254254,0.109488,15,207,0.52,2,0,0.66,0,0,0
USR7527,42,1,29009,252,14185,500000,0.4889861767037816,0.02837,10,15,0.15,0,0,0.05,0,0,0
USR9158,47,1,12294,267,19603,500000,1.5945176508866115,0.039206,14,560,0.46,0,0,0.3,2,0,0
USR5654,37,0,29292,189,30231,300000,1.032056534207292,0.10077,16,379,0.39,0,0,0.65,1,0,0
USR5213,28,2,43864,205,43272,500000,0.9865037388291081,0.086544,4,484,0.63,1,0,0.74,0,0,0
USR9970,60,1,38964,304,6924,100000,0.1777024946104096,0.06924,15,344,0.32,3,0,0.84,0,0,0
USR9112,40,2,59410,6,91885,500000,1.5466251472816024,0.18377,8,681,0.75,0,1,0.16,2,0,0
USR6923,33,1,40593,310,69926,200000,1.7226122730520042,0.34963,12,121,0.43,0,0,0.57,0,0,0
USR9315,56,1,48414,303,16068,100000,0.3318874705663651,0.16068,20,15,0.49,0,0,0.7,2,1,0
USR9549,31,3,10249,37,1000,100000,0.09757049468240804,0.01,22,54,0.76,1,1,0.48,0,1,0
USR9721,30,4,51771,203,31881,200000,0.6158080778814394,0.159405,13,139,0.05,0,0,0.44,1,0,0
USR8099,24,4,33008,141,30347,500000,0.9193831798351915,0.060694,1,93,0.91,0,0,0.47,1,0,0
USR5177,67,1,21334,246,32331,100000,1.5154682666166683,0.32331,18,231,0.29,0,0,0.16,2,0,0
USR7346,21,2,23249,347,13002,100000,0.5592498602090412,0.13002,1,163,0.48,1,1,0.39,0,1,0
USR8163,65,4,23738,278,24406,100000,1.0281405341646306,0.24406,0,233,0.4,1,1,0.38,0,0,0
USR7792,52,2,45492,305,1000,500000,0.021981886925173656,0.002,5,517,0.03,1,1,0.53,0,0,0
USR8644,20,1,48869,330,50314,100000,1.029568847326526,0.50314,5,576,0.37,3,1,0.24,2,1,0
USR3105,30,4,5598,326,4254,500000,0.759914255091104,0.008508,8,17,0.78,3,0,0.29,0,0,0
USR5629,24,2,16924,183,27004,500000,1.5956038761522098,0.054008,4,135,0.4,3,0,0.39,0,0,0
USR2697,18,3,22166,300,26160,200000,1.180185870251737,0.1308,4,350,0.56,1,1,0.62,1,0,0
USR1255,60,1,19287,157,28633,500000,1.4845751024005807,0.057266,3,356,0.62,0,0,0.39,0,0,0
USR8433,27,1,12163,304,5111,300000,0.4202088300583738,0.017036666666666665,2,35,0.7,0,0,0.61,2,1,0
USR2322,22,1,49645,252,44168,300000,0.889676704602679,0.14722666666666667,11,602,0.49,0,0,0.2,0,0,0
USR9140,23,0,58390,193,35714,200000,0.6116458297653707,0.17857,1,540,0.95,0,0,0.14,0,0,0
USR9897,59,2,17489,175,16822,500000,0.9618617416661902,0.033644,13,125,0.08,3,0,0.7,1,0,0
USR9452,58,2,49606,321,52645,200000,1.061262750473733,0.263225,5,594,0.57,0,0,0.94,2,0,0
USR1508,19,1,51678,77,82746,100000,1.60118425635667,0.82746,19,219,0.56,0,0,0.36,0,1,0
USR1246,18,2,19028,88,29387,200000,1.5444082404877024,0.146935,1,351,0.82,1,1,0.19,0,0,0
USR8504,39,2,10425,12,15486,200000,1.4854676258992805,0.07743,5,651,0.88,0,0,0.16,0,0,0
USR1451,30,3,6393,340,8854,300000,1.3849522915689034,0.029513333333333332,9,151,0.78,0,0,0.25,0,1,0
USR1551,57,2,31018,264,18471,200000,0.5954929395834677,0.092355,16,409,0.33,1,0,0.64,0,1,0
USR7111,51,1,48365,343,55373,100000,1.144898170164375,0.55373,6,345,0.59,2,1,0.81,0,1,0
USR3738,32,4,32253,62,21274,200000,0.6595975568164202,0.10637,11,365,0.71,3,0,0.39,1,0,0
USR4155,34,1,21599,294,13372,500000,0.6191027362377888,0.026744,2,590,0.93,1,0,0.75,0,1,0
USR5778,35,2,8774,262,6500,200000,0.7408251652609984,0.0325,8,105,0.9,0,0,0.51,0,0,0
USR2368,41,1,5254,248,6578,200000,1.25199847735059,0.03289,12,406,0.09,0,1,0.68,2,0,0
USR4460,41,0,42408,230,48565,200000,1.1451848707790984,0.242825,4,402,0.21,1,1,0.16,1,0,0
USR9141,45,4,23052,1,51317,200000,2.226140898837411,0.256585,19,613,0.86,0,0,0.04,0,1,1
USR5031,22,3,12545,281,23246,200000,1.8530091669988042,0.11623,20,467,0.47,1,0,0.26,0,0,0
USR3261,27,3,47187,123,68579,300000,1.4533452010087524,0.22859666666666667,15,464,0.94,0,0,0.67,0,1,0
USR2285,37,1,23577,214,36116,300000,1.5318318700428384,0.12038666666666667,15,165,0.86,1,0,0.43,1,0,0
USR3902,51,3,37274,115,1000,100000,0.026828352202607715,0.01,5,371,0.07,0,0,0.29,0,0,0
USR8284,21,0,38650,287,10106,200000,0.26147477360931437,0.05053,4,438,0.91,1,0,0.65,0,0,0
USR2961,23,1,41182,317,52348,200000,1.271137875770968,0.26174,5,350,0.02,0,0,0.09,0,1,0
USR3929,59,2,40104,332,5374,200000,0.13400159585078794,0.02687,6,408,0.41,1,0,0.92,0,0,0
USR6475,19,2,16632,132,25096,200000,1.508898508898509,0.12548,14,589,0.48,0,0,0.15,2,0,0
USR7559,42,1,21369,204,34886,200000,1.6325518274135429,0.17443,23,628,0.33,1,0,0.51,0,1,0
USR7465,34,1,47264,117,102416,300000,2.166892349356804,0.34138666666666667,3,427,0.22,0,0,0.96,0,1,1
USR7349,22,0,53796,213,1000,200000,0.01858874265744665,0.005,11,274,0.89,3,0,1.0,1,1,0
USR9466,41,0,30697,24,27564,500000,0.8979379092419455,0.055128,7,134,0.31,2,0,0.07,2,0,0
USR2520,37,2,33534,142,25980,500000,0.7747360887457506,0.05196,12,522,0.3,0,0,0.65,0,1,0
USR4070,51,1,11584,235,11140,300000,0.961671270718232,0.03713333333333333,19,423,0.43,1,0,0.93,1,0,0
USR1489,49,1,20607,251,8191,200000,0.3974862910661426,0.040955,4,134,0.27,1,0,0.38,0,0,0
USR6733,65,1,40611,13,13017,500000,0.3205289207357612,0.026034,1,178,0.11,0,0,0.35,1,0,0
USR8710,59,2,30777,33,27430,200000,0.8912499593852552,0.13715,6,526,0.46,0,0,0.02,0,0,0
USR7530,49,2,10807,302,2754,200000,0.25483482927732026,0.01377,12,571,0.44,3,0,0.73,2,0,0
USR2665,51,1,53612,67,55951,100000,1.043628292173394,0.55951,6,194,0.78,1,0,0.77,2,0,0
USR2269,33,6,5245,79,1000,200000,0.19065776930409914,0.005,19,120,0.74,1,0,0.08,2,0,0
USR1327,69,3,25011,319,26869,200000,1.074287313582024,0.134345,21,596,0.03,0,0,0.21,0,0,0
USR7993,58,3,15997,31,21448,200000,1.340751390885791,0.10724,7,642,0.66,1,0,0.97,0,0,0
USR2189,52,3,21761,327,27700,200000,1.2729194430403015,0.1385,8,259,0.61,3,0,0.41,0,0,0
USR3792,28,2,6220,149,1000,500000,0.1607717041800643,0.002,11,440,0.31,2,0,0.34,0,0,0
USR2454,26,1,33120,298,27220,200000,0.8218599033816425,0.1361,5,111,0.37,1,0,0.43,1,1,0
USR2698,23,2,14438,264,27900,100000,1.932400609502701,0.279,11,438,0.44,0,0,0.67,1,0,0
USR9074,53,5,34111,192,14523,100000,0.4257570871566357,0.14523,7,210,0.98,1,0,0.61,0,0,0
USR1460,63,0,8318,99,8986,500000,1.0803077662899736,0.017972,11,284,0.09,1,0,0.88,0,0,0
USR8371,61,3,24793,227,30155,500000,1.216270721574638,0.06031,9,170,0.01,0,0,0.12,1,1,0
USR1319,35,1,23312,320,24886,500000,1.067518874399451,0.049772,3,513,0.3,0,1,0.7,0,1,0
USR6721,67,2,40530,130,35305,500000,0.8710831482852208,0.07061,23,553,0.6,2,0,0.97,0,0,0
USR3763,23,3,49958,176,24291,100000,0.48622843188278153,0.24291,9,451,0.52,2,0,0.84,0,0,0
USR9908,57,0,46261,243,32712,100000,0.7071183069972548,0.32712,5,78,0.98,0,0,0.49,2,0,0
USR4567,65,3,41022,90,91548,300000,2.2316805616498465,0.30516,5,28,0.15,1,0,0.67,0,0,0
USR9614,65,1,14297,277,14962,500000,1.0465132545289222,0.029924,8,229,0.39,1,0,0.23,2,0,0
USR5009,65,1,24734,64,24036,500000,0.9717797363952454,0.048072,10,663,0.69,1,0,0.36,1,1,0
USR4967,62,1,13327,224,11433,100000,0.8578824941847377,0.11433,12,189,0.62,2,1,0.81,0,0,0
USR7365,61,1,52856,138,15322,100000,0.28988194339337064,0.15322,19,308,0.32,1,0,0.74,0,0,0
USR6356,23,2,28785,216,69890,500000,2.4280006948063226,0.13978,7,520,0.66,3,0,0.89,0,0,0
USR9975,31,1,59221,78,11759,500000,0.19856132115296937,0.023518,2,73,0.93,2,0,0.07,1,0,0
USR8677,59,3,46829,183,75803,300000,1.6187191697452434,0.25267666666666666,0,359,0.99,3,0,0.97,0,0,0
USR5071,24,2,51178,258,1000,200000,0.019539645941615537,0.005,9,531,0.39,2,0,0.89,2,0,0
USR8875,40,1,5618,354,3862,200000,0.687433250266999,0.01931,4,147,0.85,0,0,0.72,2,0,0
USR1579,65,2,59436,42,97255,200000,1.6362978666128272,0.486275,6,215,0.83,1,0,0.35,2,0,0
USR5085,63,0,42195,288,37483,200000,0.8883280009479796,0.187415,15,550,0.7,0,0,0.1,0,0,0
USR1004,57,5,7794,216,11936,100000,1.531434436746215,0.11936,1,58,0.03,2,0,0.01,1,0,0
USR5534,21,3,18241,184,23600,300000,1.293788717723809,0.07866666666666666,0,427,0.6,0,0,0.75,2,0,0
USR3728,39,2,35343,296,58624,300000,1.6587160116571882,0.19541333333333333,12,273,0.59,2,0,0.23,0,1,0
USR5093,45,0,55465,10,88235,100000,1.5908230415577391,0.88235,10,33,0.15,0,0,0.85,0,0,0
USR9591,21,1,49359,32,73130,500000,1.481594035535566,0.14626,5,492,0.25,0,0,0.64,0,0,0
USR3820,66,2,50031,127,44767,500000,0.8947852331554437,0.089534,13,57,0.46,2,1,0.67,0,1,0
USR1185,63,0,24971,103,38119,500000,1.5265307756998119,0.076238,0,276,0.05,1,0,0.98,0,1,0
USR8629,28,1,30183,356,51832,100000,1.7172580591723818,0.51832,4,273,0.77,1,0,0.15,0,1,0
USR3717,38,3,18686,337,5019,100000,0.26859681044632344,0.05019,4,30,0.14,0,0,0.41,1,0,0
USR4104,26,3,56575,327,77425,500000,1.3685373398144056,0.15485,24,294,0.87,0,0,0.91,0,1,0
USR2536,52,0,8623,168,1000,100000,0.11596892032935173,0.01,4,204,0.79,1,0,0.24,0,0,0
USR9958,53,1,26246,252,13940,200000,0.5311285529223501,0.0697,0,309,0.45,0,0,0.66,2,0,0
USR5024,39,1,58322,40,68694,200000,1.177840266108844,0.34347,0,327,0.2,1,0,0.23,1,0,0
USR8989,52,3,10093,104,20626,100000,2.043594570494402,0.20626,11,146,0.01,0,0,0.88,1,0,0
USR7735,49,2,5806,311,2666,100000,0.45918015845676885,0.02666,9,649,0.91,1,0,0.76,0,0,0
USR1172,48,1,55759,209,79086,300000,1.4183539876970535,0.26362,5,297,0.85,0,0,0.93,0,0,0
USR8244,57,3,30577,321,14535,300000,0.4753572946986297,0.04845,12,504,0.74,0,1,0.87,2,0,0
USR1572,57,2,26266,12,23501,500000,0.8947308307317444,0.047002,18,294,0.14,1,0,0.42,0,0,0
USR3328,43,2,15851,302,23866,100000,1.5056463314617374,0.23866,3,28,0.83,3,0,0.82,0,0,0
USR2191,66,3,17558,328,21686,200000,1.235106504157649,0.10843,2,156,0.94,0,1,0.1,0,0,0
USR9089,38,0,17811,327,13415,300000,0.7531862332266577,0.04471666666666667,8,552,0.37,0,0,0.06,0,1,0
USR3505,50,3,47606,25,80145,200000,1.6835062807209176,0.400725,6,273,0.99,3,1,0.23,2,0,0
USR2863,23,2,37796,351,51913,200000,1.3735051328182877,0.259565,12,685,0.56,1,0,0.45,2,0,0
USR7292,24,4,54113,77,27021,500000,0.49934396540572507,0.054042,24,147,0.66,1,1,0.85,0,0,0
USR1730,34,0,50993,107,86056,200000,1.687604180966015,0.43028,11,55,0.45,0,0,0.39,0,0,0
USR4932,64,3,39479,355,1000,300000,0.025329922237138734,0.0033333333333333335,15,608,0.51,0,0,0.09,0,0,0
USR3716,26,4,52264,268,33446,200000,0.6399433644573703,0.16723,0,549,0.94,1,0,0.29,2,0,0
USR3488,45,2,54835,308,103589,100000,1.8891036746603447,1.03589,4,617,0.22,0,1,0.03,2,0,0
USR4967,45,1,23768,88,21237,100000,0.8935122854257825,0.21237,6,573,0.45,3,0,0.86,1,0,0
USR9304,49,0,8079,114,10527,500000,1.3030077979948014,0.021054,3,318,0.35,0,0,0.19,0,1,0
USR6987,18,2,8374,254,3912,300000,0.4671602579412467,0.01304,18,200,0.04,3,1,0.08,0,1,0
USR4742,26,2,17927,71,16154,100000,0.9010989010989011,0.16154,12,531,0.46,0,0,0.5,0,0,0
USR5989,22,1,42486,187,46845,100000,1.1025985030362944,0.46845,5,93,0.61,1,0,0.87,1,1,0
USR4616,30,1,9570,1,7765,300000,0.8113897596656218,0.025883333333333335,12,488,0.23,3,0,0.65,0,0,0
USR6434,51,4,55316,346,86363,200000,1.5612661797671559,0.431815,12,313,0.12,0,0,0.02,1,0,0
USR9894,58,0,20157,28,22276,300000,1.1051247705511733,0.07425333333333334,17,660,0.1,0,0,0.23,1,0,0
USR7512,46,2,23946,67,20526,500000,0.8571786519669256,0.041052,1,93,0.43,2,0,0.45,1,0,0
USR1652,68,1,39626,253,45992,200000,1.1606520971079595,0.22996,15,292,0.23,0,1,0.39,0,0,0
USR5428,45,1,11643,147,11487,100000,0.9866013913939706,0.11487,14,223,0.35,0,0,1.0,0,0,0
USR5133,38,0,38153,343,47848,300000,1.2541084580504809,0.15949333333333332,15,590,0.2,0,0,0.77,1,1,0
USR4675,34,1,21250,223,25514,300000,1.2006588235294118,0.08504666666666667,6,371,0.52,3,0,0.35,2,0,0
USR2128,38,4,38178,23,59913,100000,1.5693069306930694,0.59913,13,153,0.2,1,0,0.06,1,0,0
USR1378,53,0,50112,283,88756,300000,1.7711526181353767,0.29585333333333336,14,8,0.88,1,0,0.42,0,1,0
USR5564,44,2,24524,237,22561,500000,0.9199559615070951,0.045122,2,75,0.59,0,0,0.52,0,0,0
USR2178,20,5,8934,76,9933,300000,1.1118200134318335,0.03311,2,425,0.54,0,0,0.68,2,0,0
USR7685,57,1,5801,122,11639,100000,2.0063782106533354,0.11639,6,371,0.1,0,0,0.78,1,0,0
USR4282,43,2,25704,184,28400,300000,1.104886399004046,0.09466666666666666,3,364,0.93,1,0,0.05,0,0,0
USR1118,56,3,5580,3,5087,200000,0.9116487455197133,0.025435,12,137,0.85,1,1,0.24,2,0,0
USR7225,52,2,55927,141,24712,500000,0.44186171258962575,0.049424,0,634,0.72,2,0,0.01,2,0,0
USR6924,38,5,32240,324,51137,500000,1.58613523573201,0.102274,1,469,0.02,3,1,0.62,0,0,0
USR7053,70,1,51436,351,107503,200000,2.0900342172797264,0.537515,11,75,0.65,0,0,0.26,2,0,0
USR5714,35,1,10391,199,14131,100000,1.359926859782504,0.14131,19,165,0.1,1,1,0.95,0,0,0
USR6958,37,0,45636,306,52483,500000,1.150035060040319,0.104966,3,171,0.8,3,0,0.95,0,0,0
USR1081,31,2,7727,12,10531,100000,1.3628833958845605,0.10531,0,361,0.44,0,0,0.84,2,0,0
USR7404,52,2,10316,24,21350,300000,2.069600620395502,0.07116666666666667,2,69,0.56,0,0,0.08,1,0,0
USR5835,36,2,49239,32,36284,500000,0.7368955502751884,0.072568,13,116,0.59,1,0,0.79,2,0,0
USR7533,32,3,18622,160,26001,100000,1.3962517452475567,0.26001,3,240,0.05,0,0,0.21,2,0,0
USR3639,64,1,7180,90,6460,500000,0.8997214484679665,0.01292,3,408,0.49,2,0,0.1,2,0,0
USR3353,18,1,16008,282,2525,300000,0.1577336331834083,0.008416666666666666,1,72,0.57,2,1,0.89,0,0,0
USR1213,52,1,5134,22,6086,200000,1.185430463576159,0.03043,11,395,0.69,1,0,0.11,2,0,0
USR7202,34,1,44996,55,19021,200000,0.42272646457462887,0.095105,1,186,0.72,1,0,0.16,1,1,0
USR3958,46,2,58216,195,78810,500000,1.3537515459667446,0.15762,5,270,0.14,0,0,0.05,0,0,0
USR5053,40,3,13307,303,1000,100000,0.07514841812579845,0.01,6,84,0.97,3,0,0.81,1,0,0
USR9813,69,2,24302,68,2281,300000,0.09386058760595836,0.0076033333333333335,4,459,0.79,0,0,0.79,0,0,0
USR7105,47,1,26310,196,36156,500000,1.374230330672748,0.072312,1,162,0.77,2,0,0.63,0,0,0
USR3431,63,1,34696,254,30733,300000,0.8857793405579893,0.10244333333333333,4,224,0.83,0,1,0.29,2,0,0
USR1585,69,1,56906,158,84212,100000,1.4798439531859557,0.84212,9,373,0.25,3,0,0.7,1,0,0
USR1493,60,0,52216,279,29596,300000,0.5667994484449211,0.09865333333333333,27,349,0.35,0,0,0.21,1,1,0
USR7988,18,1,56764,44,22207,300000,0.3912162638291875,0.07402333333333333,10,569,0.02,2,0,0.53,0,1,0
USR8203,38,1,16965,89,31428,200000,1.8525198938992042,0.15714,9,183,0.2,1,0,0.01,2,1,0
USR1860,61,3,34645,206,13946,200000,0.40254004906912977,0.06973,0,515,0.7,1,1,0.2,0,0,0
USR9395,56,3,14381,214,13182,100000,0.9166261038870732,0.13182,15,270,0.03,2,1,0.24,1,0,0
USR4145,43,0,12087,5,7441,200000,0.6156200876975263,0.037205,10,40,0.71,0,0,0.67,0,0,0
USR3722,29,1,10425,216,5314,200000,0.5097362110311751,0.02657,24,458,0.34,3,0,0.72,1,0,0
USR8465,68,3,36029,237,64047,500000,1.7776513364234368,0.128094,0,5,0.98,0,0,0.72,0,1,0
USR3222,24,1,56481,115,33347,300000,0.5904109346505905,0.11115666666666667,3,649,0.92,1,0,0.16,0,0,0
USR1119,40,3,48657,170,87569,500000,1.799720492426578,0.175138,2,561,0.18,2,0,0.15,0,1,0
USR6947,42,0,6342,303,4463,200000,0.7037212235887732,0.022315,6,165,0.3,0,0,0.69,0,0,0
USR1216,33,2,11460,14,21607,100000,1.8854275741710296,0.21607,12,578,0.39,0,0,0.24,1,0,0
USR4789,64,1,21768,334,8956,200000,0.4114296214626975,0.04478,14,442,0.77,0,0,0.67,2,0,0
USR9246,25,1,29829,171,42590,100000,1.4278051560561869,0.4259,2,607,0.55,0,0,0.5,2,0,0
USR3391,46,2,42304,166,40726,100000,0.9626985627836612,0.40726,7,517,0.96,3,0,0.54,2,1,0
USR8301,50,1,22878,200,16920,100000,0.7395751376868608,0.1692,16,320,0.84,0,0,0.01,2,0,0
USR5380,43,4,53604,231,44194,100000,0.8244533990000746,0.44194,24,30,0.64,3,0,0.7,1,1,0
USR9833,23,3,27208,190,12495,500000,0.45923992943251984,0.02499,3,673,0.69,0,0,0.11,0,0,0
USR1119,61,3,41295,97,34078,300000,0.8252330790652621,0.11359333333333334,1,645,0.94,0,0,0.36,0,0,0
USR2881,62,1,25942,133,12906,500000,0.49749441060828004,0.025812,12,125,0.36,2,0,0.85,1,0,0
USR8340,70,0,26987,310,23858,100000,0.8840552858783859,0.23858,6,402,0.95,0,0,0.47,0,1,0
USR8126,36,3,25525,319,23094,500000,0.9047600391772772,0.046188,5,409,0.83,2,1,0.04,1,0,0
USR1744,25,1,12717,221,18259,300000,1.4357946056459856,0.06086333333333333,3,664,0.34,1,1,0.07,1,0,0
USR2830,47,4,50437,120,11778,200000,0.2335190435592918,0.05889,2,344,0.49,1,1,0.02,2,0,0
USR2498,18,3,34255,354,41452,100000,1.2101007152240548,0.41452,15,635,0.45,0,1,0.83,0,1,0
USR8330,20,1,27709,280,21211,200000,0.765491356598939,0.106055,6,40,0.89,0,1,0.38,0,0,0
USR9230,25,0,49542,118,80110,200000,1.6170118283476647,0.40055,0,560,0.12,0,0,0.46,0,0,0
USR5914,45,2,19897,144,19812,300000,0.9957279991958586,0.06604,4,579,0.7,0,1,0.91,0,1,0
USR8451,60,2,22282,11,25771,300000,1.1565837896059599,0.08590333333333333,2,376,0.73,0,0,0.2,2,0,0
USR2562,52,1,5451,245,10726,100000,1.9677123463584663,0.10726,11,370,0.79,1,0,0.7,0,0,0
USR6902,18,4,10126,349,23451,300000,2.3159194153663836,0.07817,0,196,0.69,0,0,0.71,1,1,1
USR1871,59,5,18122,13,24045,200000,1.326840304602141,0.120225,14,380,0.76,0,0,0.7,2,0,0
USR2033,59,3,9529,174,3338,100000,0.35029908699758633,0.03338,14,242,0.09,1,0,0.78,0,0,0
USR6549,52,1,29864,11,35871,100000,1.2011451915349585,0.35871,15,137,0.6,2,1,0.0,1,0,0
USR2531,41,0,59649,223,81983,500000,1.374423712048819,0.163966,3,519,0.55,2,1,0.47,0,0,0
USR8371,23,3,26489,222,11819,500000,0.4461852089546604,0.023638,7,608,0.62,0,0,0.97,0,0,0
USR6626,46,1,51347,340,33255,500000,0.6476522484273668,0.06651,1,639,0.75,1,1,0.78,2,0,0
USR4030,41,0,45083,14,45045,500000,0.9991571102189295,0.09009,2,168,0.35,2,0,0.2,0,0,0
USR6444,61,3,5138,254,4563,100000,0.8880887504865707,0.04563,11,309,0.14,0,0,0.69,0,0,0
USR1019,30,1,50461,278,17737,200000,0.3514991775826876,0.088685,10,527,0.0,2,1,0.97,2,0,0
USR4366,66,2,54980,185,34722,500000,0.6315387413604947,0.069444,25,576,0.42,3,1,0.41,1,1,0
USR1639,70,3,13521,125,17734,300000,1.311589379483766,0.05911333333333333,5,292,0.69,1,0,0.69,0,0,0
USR6690,43,0,58897,282,82076,500000,1.3935514542336622,0.164152,13,346,0.36,3,0,0.37,0,1,0
USR3919,56,2,43462,290,47418,500000,1.0910220422437993,0.094836,23,96,0.85,3,0,0.45,0,0,0
USR1231,40,3,38888,272,80219,300000,2.062821435918535,0.26739666666666667,12,595,0.29,0,1,0.28,0,1,0
USR1855,67,0,20632,187,29929,500000,1.4506107018224117,0.059858,8,215,0.54,0,1,0.95,0,0,0
USR2353,69,3,34951,315,41342,500000,1.182855998397757,0.082684,11,438,0.5,0,0,0.25,1,1,0
USR8021,52,3,25731,257,14412,500000,0.5601025999766818,0.028824,0,115,0.36,2,1,0.07,0,0,0
USR1100,65,3,58654,95,111491,200000,1.900825178163467,0.557455,22,41,0.15,3,0,0.06,1,0,0
USR4984,70,3,27385,309,17388,500000,0.6349461383969326,0.034776,0,256,0.87,2,0,0.45,1,0,0
USR7788,30,3,42787,364,23399,500000,0.5468717133708837,0.046798,0,259,0.39,0,1,0.17,2,1,0
USR3968,67,2,22287,31,28216,200000,1.2660295239377215,0.14108,6,561,0.95,0,0,0.22,2,0,0
USR2699,20,7,59505,98,75603,100000,1.2705318880766323,0.75603,4,670,0.04,3,0,0.6,0,0,0
USR9027,62,3,37484,159,37219,500000,0.9929303169352257,0.074438,17,526,0.18,2,0,0.36,0,1,0
USR5520,32,1,19322,52,10865,200000,0.5623123900217368,0.054325,0,587,0.68,0,0,0.73,0,0,0
USR7639,20,1,46087,78,88018,100000,1.9098227265823333,0.88018,5,327,0.99,0,0,0.08,2,0,0
USR6535,50,3,39915,264,46138,200000,1.15590630088939,0.23069,7,533,0.12,3,1,0.82,0,0,0
USR1511,25,2,25203,91,38166,100000,1.5143435305320796,0.38166,1,271,0.92,2,0,0.16,2,0,0
USR8986,40,1,53694,63,102207,500000,1.9035087719298245,0.204414,10,671,0.09,0,0,0.42,1,0,0
USR4843,65,1,28085,284,27133,200000,0.9661029019049314,0.135665,16,359,0.97,2,0,0.15,1,0,0
USR3571,30,0,31893,108,37535,100000,1.1769040228263254,0.37535,13,141,0.25,0,0,0.17,2,0,0
USR6851,69,1,48975,106,46172,200000,0.9427667177131189,0.23086,9,570,0.73,0,0,0.04,2,1,0
USR6598,56,1,47520,198,94776,200000,1.9944444444444445,0.47388,4,411,0.13,3,0,0.53,0,0,0
USR6967,35,2,7794,112,16162,100000,2.073646394662561,0.16162,12,457,0.45,0,0,0.36,1,0,0
USR6802,43,0,50641,242,1000,300000,0.01974684544144073,0.0033333333333333335,12,337,0.12,1,0,0.71,1,0,0
USR4984,22,1,53885,59,74657,200000,1.3854876125081192,0.373285,0,528,0.09,0,0,0.96,1,1,0
USR2003,48,4,53692,166,85749,500000,1.5970535647768755,0.171498,13,517,0.83,0,1,0.75,1,0,0
USR7172,45,3,58029,290,38505,200000,0.6635475365765393,0.192525,15,491,0.98,0,1,0.36,1,0,0
USR3167,43,4,35089,25,44838,500000,1.2778363589728974,0.089676,0,160,0.16,1,0,0.1,0,1,0
USR6827,52,1,36768,232,51450,300000,1.3993146214099217,0.1715,5,676,0.37,0,0,0.83,0,1,0
USR2759,70,2,34495,157,67825,200000,1.9662269894187563,0.339125,1,586,0.73,2,0,0.44,0,0,0
USR1996,32,2,14553,182,15696,300000,1.0785405071119356,0.05232,4,262,0.63,0,1,0.42,0,0,0
USR9811,37,1,20892,153,16607,100000,0.7948975684472526,0.16607,23,468,0.02,3,1,0.99,0,1,0
USR8062,27,4,32773,50,21898,100000,0.6681719708296463,0.21898,3,573,0.11,1,0,0.84,0,0,0
USR5904,32,1,8236,39,10058,100000,1.221223895094706,0.10058,8,414,0.05,0,0,0.04,0,0,0
USR8882,49,3,27686,221,34445,200000,1.24413060752727,0.172225,4,152,0.66,1,0,0.48,1,0,0
USR7317,32,1,17555,271,10973,300000,0.6250640843064654,0.03657666666666667,0,291,0.65,0,1,0.48,2,1,0
USR5015,64,2,51587,294,14783,500000,0.2865644445305988,0.029566,10,460,0.66,3,0,0.02,2,0,0
USR3096,62,2,33072,283,20026,500000,0.6055273343009192,0.040052,9,266,0.22,2,1,0.81,0,0,0
USR7831,45,1,39795,46,62308,500000,1.565724337228295,0.124616,7,523,0.5,0,0,0.58,0,0,0
USR5503,64,2,55794,173,46176,200000,0.8276158726744811,0.23088,0,374,0.31,0,1,0.78,1,1,0
USR9164,43,4,53747,92,1000,200000,0.018605689619885762,0.005,11,439,0.0,1,1,0.37,0,0,0
USR8405,35,3,49436,62,11565,300000,0.23393883000242738,0.03855,16,484,0.57,1,1,0.21,0,0,0
USR8411,23,3,57096,298,34870,500000,0.6107257951520246,0.06974,6,372,0.35,0,0,0.0,2,1,0
USR8317,69,2,47398,168,36075,300000,0.7611080636313768,0.12025,4,113,0.53,0,0,0.09,0,1,0
USR4314,55,2,38090,267,37803,100000,0.9924652139669204,0.37803,6,219,0.05,0,0,0.14,0,0,0
USR4091,41,3,57366,68,113853,500000,1.9846773350067985,0.227706,17,50,0.11,0,0,0.25,2,1,0
USR6101,47,3,42279,269,60865,500000,1.4396035857044869,0.12173,17,515,0.48,2,0,0.27,0,0,0
USR5825,28,3,51293,106,32833,500000,0.6401068371902598,0.065666,7,165,0.46,2,1,0.28,1,0,0
USR8242,64,1,10169,118,13357,500000,1.3135018192545973,0.026714,4,451,0.26,0,0,0.62,1,1,0
USR4914,62,2,36691,118,27406,500000,0.7469406666484969,0.054812,6,360,0.3,0,0,0.72,0,0,0
USR7788,45,0,8105,15,12655,300000,1.5613818630475016,0.04218333333333334,11,412,0.0,0,1,0.68,0,0,0
USR1268,46,6,27442,8,24718,300000,0.9007360979520443,0.08239333333333333,17,397,0.18,3,1,0.61,1,1,0
USR1977,48,2,7349,13,1766,200000,0.2403048033746088,0.00883,18,652,0.89,2,0,0.89,0,0,0
USR5891,20,2,7407,197,1144,300000,0.1544484946672067,0.0038133333333333335,2,519,0.61,0,0,0.61,0,1,0
USR7656,51,0,38809,159,16409,500000,0.42281429565307016,0.032818,6,125,0.58,3,0,0.87,0,0,0
USR8273,70,0,36325,104,15516,100000,0.427143840330351,0.15516,8,5,0.66,1,0,0.06,0,0,0
USR2934,63,1,46020,299,26784,100000,0.5820078226857888,0.26784,9,374,0.55,2,0,0.38,0,0,0
USR5016,28,3,50514,261,89827,300000,1.7782594924179436,0.2994233333333333,16,267,0.04,2,0,0.44,0,0,0
USR2636,25,2,50253,249,60272,300000,1.1993711818199908,0.20090666666666668,21,335,0.64,3,1,0.51,0,0,0
USR2371,20,7,25676,50,8725,500000,0.3398114971179311,0.01745,11,340,0.44,3,0,0.66,2,1,0
USR2863,43,0,47382,234,78448,100000,1.6556498248279938,0.78448,10,655,0.77,0,0,0.81,0,0,0
USR8182,52,1,22715,181,1000,300000,0.04402377283733216,0.0033333333333333335,6,284,0.68,3,0,0.34,0,0,0
USR2202,19,1,8407,6,9485,100000,1.1282264779350542,0.09485,16,627,0.19,0,0,0.31,1,1,0
USR1683,61,1,23831,262,44652,500000,1.8736939280768747,0.089304,1,609,0.96,0,0,0.21,1,1,1
USR5818,58,1,42139,65,92231,300000,2.1887325280618906,0.3074366666666667,0,65,0.3,2,0,0.32,0,0,0
USR7161,43,1,52355,37,72348,500000,1.3818737465380575,0.144696,14,411,0.68,0,0,0.23,0,1,0
USR3709,34,1,7625,248,11565,300000,1.51672131147541,0.03855,2,627,0.3,1,1,0.01,0,1,0
USR5645,53,1,55602,217,64584,500000,1.161540951764325,0.129168,4,18,0.2,3,0,0.14,0,0,0
USR1770,70,3,44136,304,25472,200000,0.5771252492296538,0.12736,4,406,0.39,3,0,0.68,2,0,0
USR1740,42,0,14921,120,15098,100000,1.0118624757053816,0.15098,5,241,0.67,0,0,0.99,0,1,0
USR2650,57,2,24672,250,22734,500000,0.9214494163424124,0.045468,1,412,0.11,3,0,0.76,2,1,0
USR5817,24,1,43502,309,32163,500000,0.7393453174566686,0.064326,13,156,0.08,2,1,0.08,2,1,0
USR1392,25,2,28829,327,62479,100000,2.1672274445870476,0.62479,12,509,0.22,0,1,0.07,1,0,0
USR1476,36,0,28264,36,38095,300000,1.3478276252476649,0.12698333333333334,1,631,0.73,2,1,0.31,0,0,0
USR9697,36,2,52651,269,65759,100000,1.2489601337106608,0.65759,5,677,0.54,1,0,0.89,0,0,0
USR4423,29,3,23642,178,60672,100000,2.566280348532273,0.60672,0,365,0.13,1,0,0.8,1,0,0
USR8060,37,2,5487,251,2922,300000,0.5325314379442319,0.00974,1,125,0.71,1,1,0.66,0,0,0
USR1571,20,0,22934,50,1930,300000,0.08415453039155839,0.0064333333333333334,10,260,0.79,2,0,0.83,1,0,0
USR4039,31,0,54903,58,68426,100000,1.2463071234723058,0.68426,13,391,0.47,2,0,0.06,2,0,0
USR7236,64,3,54024,76,10100,200000,0.1869539463941952,0.0505,23,36,0.88,1,0,0.5,1,0,0
USR3620,22,4,36905,77,61518,200000,1.6669286004606423,0.30759,1,468,0.36,2,1,0.73,2,0,0
USR2989,57,1,12946,43,16691,100000,1.2892785416344816,0.16691,17,190,0.39,0,0,0.21,0,0,0
USR1741,22,2,8964,177,10572,200000,1.179384203480589,0.05286,3,530,0.21,2,0,0.2,2,0,0
USR5159,24,3,50120,144,10240,200000,0.20430965682362331,0.0512,10,389,0.88,2,1,0.82,2,0,0
USR1499,70,1,41575,49,36833,100000,0.8859410703547805,0.36833,2,185,0.63,3,0,0.94,0,0,0
USR8349,58,5,30872,143,54673,200000,1.7709575019435086,0.273365,3,55,0.11,3,0,0.53,0,0,0
USR7193,57,2,58412,38,47596,100000,0.8148325686502773,0.47596,8,340,0.54,0,0,0.72,0,0,0
USR5407,58,1,7398,319,3646,200000,0.49283590159502566,0.01823,0,495,0.76,1,0,0.29,0,0,0
USR8850,38,1,16372,307,23343,500000,1.4257879306132422,0.046686,19,438,0.68,2,1,0.44,1,0,0
USR8233,63,5,41327,281,1000,500000,0.024197256031166067,0.002,11,253,0.36,0,0,0.98,2,0,0
USR9643,57,1,51880,295,16619,100000,0.3203353893600617,0.16619,2,215,0.82,3,1,0.56,2,1,0
USR6870,66,2,46594,100,38425,100000,0.8246769970382453,0.38425,6,659,0.84,1,0,0.82,2,0,0
USR8425,45,2,22658,14,29889,200000,1.3191367287492277,0.149445,7,303,0.37,2,0,0.95,2,0,0
USR3488,25,3,11304,349,10387,200000,0.9188782731776363,0.051935,4,96,0.11,1,1,0.27,0,1,0
USR4189,55,2,37173,279,33471,100000,0.9004115890565734,0.33471,14,688,0.72,1,0,1.0,1,0,0
USR6419,69,2,43351,235,29486,500000,0.6801688542363498,0.058972,16,453,0.91,0,1,0.44,0,0,0
USR1402,26,4,6536,6,2046,200000,0.3130354957160343,0.01023,1,517,0.27,1,0,0.9,1,0,0
USR1997,66,1,30073,156,8824,100000,0.2934193462574402,0.08824,7,42,0.73,3,0,0.36,2,0,0
USR9251,42,4,56670,227,115416,500000,2.036633139227104,0.230832,0,307,0.4,0,0,0.88,2,1,1
USR8051,40,2,20037,275,7525,100000,0.37555522283775017,0.07525,4,661,0.99,0,0,0.02,2,0,0
USR4696,57,2,30477,100,39226,300000,1.2870689372313548,0.13075333333333333,0,564,0.55,1,0,0.48,0,0,0
USR5160,39,2,38904,318,80225,300000,2.0621272876825003,0.2674166666666667,13,17,0.99,0,0,0.17,2,1,1
USR3172,42,2,55183,240,77561,300000,1.4055234401899135,0.2585366666666667,8,105,0.09,0,1,0.38,0,0,0
USR9566,25,4,23434,34,36546,200000,1.5595288896475208,0.18273,7,37,0.04,0,0,0.4,0,1,0
USR8534,59,1,49099,275,89881,100000,1.8306075480152346,0.89881,10,271,0.78,0,1,0.65,0,0,0
USR8668,41,2,49788,118,35105,300000,0.7050895798184301,0.11701666666666667,3,123,0.21,1,1,0.08,0,1,0
USR2417,44,1,46174,230,58022,200000,1.2565946203491143,0.29011,13,645,0.13,0,0,0.54,2,0,0
USR1284,45,1,23072,216,24781,200000,1.0740724687933425,0.123905,4,405,0.76,2,0,0.19,1,0,0
USR7317,48,2,17643,277,12409,200000,0.7033384345066032,0.062045,15,684,0.61,0,0,0.88,0,0,0
USR8968,26,2,46122,124,12653,500000,0.2743376262954772,0.025306,0,562,0.93,2,0,0.9,0,0,0
USR8875,62,3,30502,172,9599,500000,0.3147006753655498,0.019198,8,402,0.45,0,0,0.42,2,0,0
USR9589,63,1,41200,250,53573,100000,1.3003155339805825,0.53573,8,195,0.63,0,1,0.47,0,0,0
USR8218,45,4,18463,110,7746,200000,0.41954178627525324,0.03873,2,243,0.28,0,0,0.43,2,1,0
USR5501,56,2,48327,351,53142,500000,1.0996337451114284,0.106284,9,576,0.32,1,0,0.64,1,0,0
USR6598,58,2,8835,256,6115,100000,0.6921335597057159,0.06115,6,210,0.15,0,0,0.05,0,0,0
USR9528,57,2,59297,331,139158,500000,2.346796633893789,0.278316,5,410,0.25,2,0,0.95,0,0,0
USR3797,47,1,58014,3,25362,100000,0.43717033819422896,0.25362,7,605,0.55,0,0,0.31,0,0,0
USR2092,55,1,40899,107,41116,200000,1.0053057531968996,0.20558,4,543,0.24,0,0,0.99,1,0,0
USR9600,33,2,54510,155,65921,200000,1.2093377361951936,0.329605,6,633,0.31,0,0,0.96,1,0,0
USR2247,69,3,20546,258,28547,200000,1.3894188649858854,0.142735,5,675,0.37,3,1,0.26,0,0,0
USR7203,29,2,40186,159,60488,500000,1.5052008162046484,0.120976,8,488,0.16,1,0,0.46,1,0,0
USR4458,25,2,41087,298,1000,200000,0.024338598583493562,0.005,7,485,0.62,3,0,0.35,2,0,0
USR1465,45,4,15138,10,33721,100000,2.2275729951116396,0.33721,3,389,0.48,0,0,0.82,0,0,0
USR9519,64,2,26272,51,8385,500000,0.31916108404384896,0.01677,18,381,0.46,1,0,0.7,2,1,0
USR7830,42,1,7839,2,5509,200000,0.7027682102308968,0.027545,27,172,0.36,0,0,0.54,0,0,0
USR5260,26,3,11500,64,2235,200000,0.19434782608695653,0.011175,14,211,0.55,0,1,0.83,1,1,0
USR7303,26,2,59395,321,18555,100000,0.31240003367286806,0.18555,10,265,0.41,0,0,0.19,2,0,0
USR2430,41,5,57339,188,16860,200000,0.2940407052791294,0.0843,0,153,0.66,1,0,0.89,0,0,0
USR1802,42,5,43066,88,20304,300000,0.4714624065388009,0.06768,13,271,0.76,1,0,0.62,0,1,0
USR6396,54,2,41371,51,48944,300000,1.183050929394987,0.16314666666666666,1,354,0.56,0,1,0.83,0,0,0
USR4160,41,2,28217,50,39303,500000,1.3928837225785873,0.078606,14,18,0.86,2,1,0.95,0,0,0
USR9883,40,2,21134,316,19158,200000,0.9065013721964607,0.09579,6,526,0.47,3,0,0.01,2,0,0
USR2219,57,3,33433,353,44820,100000,1.3405916310232404,0.4482,7,183,0.58,0,0,0.84,2,0,0
USR4325,57,3,37372,226,35108,300000,0.9394198865460773,0.11702666666666667,14,460,0.65,1,0,0.27,0,0,0
USR8718,38,3,46747,91,55959,500000,1.1970607739534087,0.111918,2,312,0.46,0,0,0.61,0,0,0
USR2444,55,2,49749,5,25312,100000,0.5087941466160124,0.25312,17,672,0.37,1,0,0.48,1,1,0
USR9891,40,3,42667,90,64904,300000,1.5211756158155014,0.21634666666666666,6,451,0.91,2,0,0.35,0,0,0
USR4516,34,5,53113,174,85137,500000,1.6029408995914372,0.170274,7,695,0.38,0,0,0.31,1,0,0
USR8490,32,0,13229,125,14367,300000,1.0860231310000756,0.04789,8,132,0.88,3,0,0.01,0,0,0
USR6401,18,4,57897,166,78366,200000,1.353541634281569,0.39183,5,83,0.57,3,0,0.1,2,0,0
USR4061,67,5,7101,111,5062,200000,0.7128573440360513,0.02531,1,87,0.42,0,1,0.43,2,0,0
USR5217,31,4,13217,38,28350,100000,2.144964818037376,0.2835,6,25,0.52,3,0,0.33,0,0,0
USR9770,42,1,20848,100,28664,500000,1.3749040675364543,0.057328,2,563,0.3,3,0,0.34,0,0,0
USR8964,56,2,44678,114,55398,500000,1.239939119924795,0.110796,10,29,0.82,0,0,0.87,0,0,0
USR3148,66,2,8179,10,2724,200000,0.3330480498838489,0.01362,0,562,0.17,0,0,0.63,1,0,0
USR9819,25,1,15014,244,13770,500000,0.917143998934328,0.02754,18,5,0.1,1,0,0.3,0,0,0
USR7122,55,4,10349,293,1983,500000,0.1916127162044642,0.003966,4,93,0.42,3,0,0.85,0,0,0
USR4433,42,5,15079,346,20652,100000,1.3695868426288216,0.20652,15,159,0.23,0,0,0.98,0,0,0
USR7209,34,4,26175,295,19039,200000,0.7273734479465138,0.095195,3,445,0.92,0,0,0.7,0,0,0
USR7437,69,0,30739,186,34558,500000,1.1242395653729789,0.069116,12,39,0.76,1,0,0.46,1,0,0
USR1981,48,2,24430,61,7393,100000,0.30261972984036023,0.07393,2,185,0.83,1,0,0.96,1,0,0
USR8523,64,1,20173,96,6026,300000,0.2987161056858177,0.020086666666666666,1,673,0.48,0,0,0.21,2,0,0
USR8131,43,2,56009,150,79525,300000,1.4198610937527898,0.26508333333333334,4,322,0.03,1,0,0.77,0,0,0
USR2095,68,2,16160,361,15555,500000,0.9625618811881188,0.03111,3,624,0.98,3,0,0.06,0,1,0
USR1798,53,1,41189,51,8975,300000,0.2178979824710481,0.029916666666666668,25,132,0.84,0,1,0.23,0,1,0
USR6356,55,4,14416,168,14338,500000,0.9945893451720311,0.028676,9,434,0.95,2,0,0.07,0,0,0
USR7583,26,0,59777,180,30565,100000,0.5113170617461565,0.30565,4,670,0.52,0,0,0.71,0,1,0
USR5241,56,3,27603,230,38267,300000,1.386334818679129,0.12755666666666668,6,544,0.99,0,0,0.16,0,0,0
USR8345,44,3,41272,334,39644,500000,0.9605543710021321,0.079288,14,596,0.9,0,0,0.07,0,1,0
USR1266,53,0,11264,156,4294,500000,0.38121448863636365,0.008588,8,87,0.17,3,0,0.63,0,0,0
USR5809,50,4,15619,165,17466,100000,1.1182534093091747,0.17466,7,113,0.02,1,0,0.02,0,0,0
USR2852,70,4,44184,271,5257,100000,0.11897972116603295,0.05257,3,285,0.19,3,0,0.41,2,0,0
USR5887,31,3,20248,192,37456,300000,1.849861714737258,0.12485333333333333,15,590,0.55,0,0,0.08,2,1,0
USR2485,40,3,34447,28,20543,300000,0.5963654309518971,0.06847666666666667,5,458,0.74,1,1,0.47,2,1,0
USR8787,69,0,30923,26,53567,100000,1.7322704782847718,0.53567,10,669,0.19,0,0,0.65,2,1,0
USR2788,18,1,54218,242,40887,500000,0.7541222472241691,0.081774,19,445,0.14,0,0,0.41,0,0,0
USR8768,39,3,45646,140,67162,500000,1.4713666038645226,0.134324,10,210,0.19,1,1,0.48,0,0,0
USR4637,32,3,41054,331,77454,300000,1.8866371120962635,0.25818,0,261,0.48,2,0,0.75,2,0,0
USR7984,65,5,29423,149,22362,100000,0.760017673248819,0.22362,3,284,0.34,3,0,0.7,2,0,0
USR8615,44,3,14721,49,27176,200000,1.8460702397934923,0.13588,5,547,0.39,0,0,0.85,2,1,1
USR5526,67,1,14071,112,19674,300000,1.3981948688792551,0.06558,8,218,0.92,1,1,0.45,0,1,0
USR1005,35,4,12253,202,2942,200000,0.24010446421284584,0.01471,4,137,0.34,3,0,0.27,1,0,0
USR6066,54,2,30785,66,12680,300000,0.4118889069351957,0.04226666666666667,3,446,0.73,3,0,0.43,0,0,0
USR7134,26,1,19590,289,7785,500000,0.39739663093415006,0.01557,6,466,0.43,0,1,0.09,1,0,0
USR7605,32,1,50786,177,30237,500000,0.5953806167053912,0.060474,10,535,0.92,3,0,0.23,0,1,0
USR2169,57,3,46401,42,12868,100000,0.2773216094480722,0.12868,8,663,0.76,0,0,0.83,0,0,0
USR9961,18,2,24660,279,44387,100000,1.7999594484995944,0.44387,1,162,0.5,1,0,0.08,1,0,0
USR5628,64,3,46993,33,58360,200000,1.2418870895665313,0.2918,11,73,0.07,0,1,0.91,2,0,0
USR6898,25,3,38597,91,66158,200000,1.7140710417908127,0.33079,11,466,0.26,3,0,0.62,1,0,0
USR6125,61,5,12018,227,16294,100000,1.3557996338825096,0.16294,25,250,0.22,0,0,0.83,0,0,0
USR6700,50,1,35331,213,21972,100000,0.6218901248195635,0.21972,12,196,0.26,2,1,0.42,0,0,0
USR8137,53,3,23263,181,40361,500000,1.7349868890512832,0.080722,10,357,0.27,1,0,0.12,0,1,0
USR5667,55,2,20819,116,25238,500000,1.2122580335270665,0.050476,8,557,0.74,0,0,0.91,0,0,0
USR7251,69,3,35744,44,40562,500000,1.1347918531781558,0.081124,6,430,0.37,0,0,0.41,2,1,0
USR7701,46,0,53304,325,74227,500000,1.3925221371754466,0.148454,10,283,0.64,0,1,0.7,0,0,0
USR6635,37,2,39634,61,77628,300000,1.9586213856789625,0.25876,8,104,0.89,0,1,0.54,0,0,0
USR3505,52,0,29295,357,39618,300000,1.3523809523809525,0.13206,5,303,0.09,3,0,0.94,2,0,0
USR7962,59,2,21738,352,5638,200000,0.25936148679731347,0.02819,4,183,0.22,2,0,0.2,2,1,0
USR1179,54,0,48602,72,9896,200000,0.20361302004032755,0.04948,13,638,0.26,1,0,0.59,2,1,0
USR9322,51,2,42309,7,62476,200000,1.4766598123330734,0.31238,7,448,0.08,3,1,0.45,2,0,0
USR7807,49,1,47346,290,71920,500000,1.5190301187006294,0.14384,8,696,0.92,1,1,0.82,0,0,0
USR8072,44,1,20826,231,22945,100000,1.1017478152309612,0.22945,2,344,0.73,2,0,0.14,1,0,0
USR1449,35,1,22266,102,1000,300000,0.044911524297134645,0.0033333333333333335,5,21,0.26,1,0,0.44,0,1,0
USR8183,37,2,49807,175,68166,200000,1.3686028068343807,0.34083,1,174,0.33,1,0,0.4,2,0,0
USR5029,64,6,49899,313,91214,300000,1.8279725044590072,0.3040466666666667,19,562,0.51,1,1,0.25,2,1,1
USR4119,58,1,8904,194,8332,500000,0.935759209344115,0.016664,14,181,0.21,0,0,0.83,2,0,0
USR2641,69,2,54038,106,99805,200000,1.8469410414893224,0.499025,19,122,0.21,1,0,0.08,1,0,0
USR4713,23,4,39284,296,46662,500000,1.1878118317890236,0.093324,11,411,0.81,0,0,0.77,0,0,0
USR2565,55,2,31824,336,38857,300000,1.220996732026144,0.12952333333333332,1,208,0.97,2,0,0.74,2,0,0
USR4236,56,1,6322,25,5664,300000,0.895919012970579,0.01888,5,27,0.91,3,0,0.89,2,0,0
USR5268,59,2,41660,360,1000,500000,0.02400384061449832,0.002,14,35,0.04,0,1,0.44,0,0,0
USR9543,34,1,15518,120,8984,500000,0.5789405851269493,0.017968,7,488,0.39,0,0,0.1,0,0,0
USR4437,54,3,53125,86,110041,100000,2.07136,1.10041,8,186,0.59,1,0,0.69,0,0,0
USR5823,38,3,48814,272,1000,300000,0.020485926168722086,0.0033333333333333335,10,497,0.93,3,0,0.33,0,0,0
USR4106,70,2,28113,304,16168,200000,0.5751076014655142,0.08084,10,672,0.41,2,0,0.55,0,0,0
USR4167,46,2,40371,200,21834,300000,0.5408337668128111,0.07278,1,167,0.94,0,0,0.63,0,0,0
USR8764,31,3,52702,334,71157,100000,1.3501764638913134,0.71157,13,97,0.31,1,0,0.08,2,0,0
USR8335,37,2,40624,4,17900,200000,0.4406262307995274,0.0895,11,79,1.0,1,0,0.05,0,0,0
USR9841,54,1,6855,187,7884,200000,1.150109409190372,0.03942,1,495,0.7,3,0,0.34,1,0,0
USR6713,64,4,34493,98,21230,100000,0.6154872003015105,0.2123,14,628,0.13,0,0,0.44,2,0,0
USR9620,46,2,16359,345,17609,500000,1.0764105385414757,0.035218,4,621,0.91,3,0,0.38,1,0,0
USR9706,36,0,23036,226,36386,500000,1.5795276957805175,0.072772,11,494,0.2,0,0,0.37,2,0,0
USR3729,55,2,13726,71,3736,300000,0.2721841760163194,0.012453333333333334,4,592,0.91,2,0,0.1,0,1,0
USR5749,67,3,56241,293,27102,300000,0.48189043580306185,0.09034,2,276,0.15,1,0,0.37,0,0,0
USR9528,64,1,41109,323,27760,500000,0.6752779196769564,0.05552,7,137,0.44,0,1,0.54,1,0,0
USR5501,29,1,38036,319,17629,100000,0.4634819644547271,0.17629,2,475,0.21,3,0,0.47,0,1,0
USR4146,41,0,38836,270,31586,300000,0.8133175404264085,0.10528666666666667,13,181,0.23,0,0,0.41,2,0,0
USR6530,70,2,16660,333,36268,300000,2.176950780312125,0.12089333333333334,9,308,0.22,3,0,0.0,0,0,0
USR7763,64,1,27881,31,39863,100000,1.4297550303073778,0.39863,14,508,0.94,0,0,0.31,0,1,0
USR1461,65,1,51676,95,91318,100000,1.7671259385401348,0.91318,0,272,0.71,1,1,0.04,1,0,0
USR7088,27,0,35848,242,1000,500000,0.0278955590270029,0.002,5,191,0.96,0,0,0.34,0,0,0
USR2734,32,2,33564,302,61250,200000,1.824871886545108,0.30625,10,680,0.75,0,1,0.57,2,1,1
USR3290,25,3,19828,329,5493,100000,0.2770324793221707,0.05493,6,621,0.61,3,0,0.35,0,0,0
USR6326,69,2,48568,216,44729,500000,0.9209561851424807,0.089458,11,118,0.43,3,0,0.56,0,0,0
USR7550,23,1,38197,132,46670,500000,1.2218237034322068,0.09334,7,439,0.84,2,0,0.91,0,1,0
USR2504,69,4,48288,299,66557,300000,1.3783341616964877,0.22185666666666667,4,398,0.64,0,0,0.28,0,0,0
USR2726,19,6,21690,54,2417,500000,0.11143384047948364,0.004834,9,347,0.84,0,0,0.01,0,0,0
USR9020,25,2,52787,316,80576,300000,1.526436433212723,0.26858666666666664,13,68,0.5,2,0,0.43,1,0,0
USR3190,46,6,26450,148,43128,300000,1.6305482041587902,0.14376,16,36,0.15,0,0,0.61,2,1,0
USR2704,48,1,27248,288,34182,100000,1.2544773928361714,0.34182,4,234,0.16,2,1,0.71,0,0,0
USR3969,64,4,39236,269,29167,300000,0.7433734325619329,0.09722333333333333,14,437,0.07,1,0,0.87,1,0,0
USR7615,23,3,32361,60,37030,200000,1.144278606965174,0.18515,3,306,0.0,0,0,0.94,2,0,0
USR3162,66,0,9153,127,4577,200000,0.5000546268982847,0.022885,1,379,0.55,1,0,0.28,2,0,0
USR4269,47,0,45343,188,62463,500000,1.3775665483095516,0.124926,23,515,0.33,0,1,0.23,0,0,0
USR7039,55,2,44638,63,38179,300000,0.8553026569290739,0.12726333333333334,6,649,0.28,2,0,0.95,1,0,0
USR7420,46,1,35436,294,46009,500000,1.2983688903939496,0.092018,7,512,0.44,0,0,0.2,2,1,0
USR2592,58,1,8983,108,8914,500000,0.9923188244461761,0.017828,12,571,0.72,1,0,0.63,1,0,0
USR1204,31,3,53879,12,28766,200000,0.5339000352642032,0.14383,2,320,0.28,1,1,0.12,0,0,0
USR6676,35,1,22513,212,4404,500000,0.195620308266335,0.008808,2,287,0.57,0,0,0.49,0,0,0
USR5350,43,4,56579,118,64791,100000,1.1451421905654042,0.64791,1,557,0.64,0,0,0.69,2,0,0
USR4833,25,0,25108,41,41445,500000,1.6506691094471881,0.08289,4,256,0.0,0,1,0.62,0,0,0
USR3107,19,4,22177,212,49826,200000,2.2467421202146367,0.24913,2,35,0.64,1,0,0.59,2,0,0
USR2776,42,0,7712,120,12808,100000,1.6607883817427387,0.12808,10,420,0.64,0,0,0.27,1,0,0
USR2060,25,4,44322,21,35455,300000,0.7999413383872569,0.11818333333333333,3,211,0.32,2,0,0.59,1,0,0
USR4178,18,1,17008,72,5356,300000,0.31491063029162747,0.017853333333333332,10,231,0.75,1,1,0.46,1,0,0
USR2976,32,0,24053,283,33016,500000,1.3726354300918804,0.066032,2,681,0.23,1,0,0.51,0,1,0
USR7880,23,1,25476,268,27275,100000,1.0706154812372428,0.27275,5,418,0.74,1,1,0.28,2,0,0
USR9311,49,2,56741,330,20449,500000,0.36039195643361943,0.040898,3,678,0.97,3,0,0.64,0,1,0
USR8796,49,2,27002,169,15304,100000,0.5667728316421006,0.15304,3,583,0.64,1,0,0.22,0,0,0
USR2433,44,0,59496,201,14215,500000,0.23892362511765497,0.02843,14,176,0.44,1,0,0.19,0,0,0
USR2258,60,2,28991,61,41087,300000,1.417232934358939,0.13695666666666667,9,237,0.94,2,0,0.13,0,1,0
USR6012,19,1,6186,39,5552,200000,0.8975105075978015,0.02776,8,300,0.49,3,0,1.0,0,0,0
USR1572,31,1,18414,114,1000,200000,0.054306505919409144,0.005,5,186,0.71,1,0,0.41,0,0,0
USR2641,48,0,28377,32,7170,200000,0.25266941537160376,0.03585,0,24,0.24,0,0,0.32,0,0,0
USR2753,31,3,55216,110,70632,500000,1.2791944363952477,0.141264,3,131,0.23,0,0,0.82,1,1,0
USR3615,28,3,17992,39,11499,300000,0.6391173855046688,0.03833,16,342,0.85,3,1,0.7,2,0,0
USR3442,46,5,29115,37,30830,100000,1.0589043448394297,0.3083,11,234,0.93,2,0,0.46,0,0,0
USR5689,35,2,23993,137,29579,300000,1.2328179052223565,0.09859666666666667,2,696,0.95,0,0,0.82,2,1,0
USR6580,59,2,20599,68,25045,300000,1.2158357201805914,0.08348333333333334,5,621,0.19,1,0,0.39,1,0,0
USR3854,20,1,54126,28,102613,300000,1.8958171673502568,0.3420433333333333,16,417,0.47,0,1,0.54,0,0,0
USR4136,57,0,44641,216,52982,200000,1.1868461728007884,0.26491,3,163,0.88,1,0,0.29,1,1,0
USR6519,24,2,27969,220,35084,300000,1.2543887875862563,0.11694666666666667,13,515,0.05,1,0,0.8,1,0,0
USR4557,57,1,27185,169,18342,500000,0.6747103181901785,0.036684,5,273,0.99,2,1,0.94,2,0,0
USR3353,52,2,59410,322,45406,500000,0.7642821073893284,0.090812,14,137,0.74,1,0,0.34,2,0,0
USR2390,60,5,21966,8,16492,200000,0.7507966857871256,0.08246,10,406,0.21,0,0,0.97,1,1,0
USR7622,33,2,33520,232,11846,100000,0.35340095465393795,0.11846,3,243,0.39,0,0,0.8,0,0,0
USR4557,47,2,58315,226,19663,300000,0.3371859727342879,0.06554333333333333,10,26,0.05,1,0,0.95,2,0,0
USR2746,67,2,29820,327,41548,300000,1.3932930918846411,0.13849333333333333,5,569,0.46,1,0,0.8,0,1,0
USR7529,24,0,24442,256,38759,500000,1.5857540299484494,0.077518,15,657,0.95,3,0,0.46,1,1,0
USR5798,29,2,6835,187,8490,200000,1.2421360643745427,0.04245,10,587,0.78,0,0,0.32,0,0,0
USR7647,39,0,8626,70,11854,200000,1.3742174820310689,0.05927,3,22,0.33,1,0,0.02,0,0,0
USR9814,56,2,19532,224,19840,200000,1.0157689944706123,0.0992,13,540,0.5,2,0,0.45,2,0,0
USR7361,21,2,13867,175,7548,500000,0.5443138386096488,0.015096,3,629,0.0,3,0,0.95,0,0,0
USR7151,19,3,23646,184,23585,100000,0.9974202825002114,0.23585,6,399,0.07,2,0,0.02,2,0,0
USR5127,65,3,35847,185,46054,100000,1.2847379139119033,0.46054,2,568,0.52,1,0,0.58,1,1,0
USR6238,27,2,17998,93,22969,500000,1.2761973552616956,0.045938,0,698,0.79,1,0,0.79,0,0,0
USR5848,48,2,15366,20,12999,200000,0.8459586099180008,0.064995,6,83,0.08,2,0,0.1,1,0,0
USR3901,34,2,50008,52,34920,300000,0.6982882738761799,0.1164,2,453,0.64,1,0,0.58,0,0,0
USR1862,63,2,55578,226,10125,100000,0.18217640073410343,0.10125,7,624,0.65,0,0,0.64,2,0,0
USR3681,20,3,41373,351,77915,200000,1.8832330263698547,0.389575,6,586,0.47,1,0,0.71,1,0,0
USR6760,51,0,42658,273,53939,200000,1.2644521543438512,0.269695,4,591,0.15,0,0,0.65,0,0,0
USR8957,55,1,26015,44,59561,300000,2.289486834518547,0.19853666666666667,3,285,0.21,0,1,0.09,2,0,0
USR2124,58,0,42042,268,80978,300000,1.926121497550069,0.26992666666666665,0,213,0.83,3,0,0.5,0,0,0
USR1781,28,1,38952,353,13225,300000,0.33952043540768123,0.044083333333333335,2,294,0.77,1,0,0.91,2,0,0
USR1274,55,1,54130,94,65180,100000,1.2041381858488822,0.6518,8,140,0.66,2,0,0.19,1,0,0
USR7530,20,6,38426,151,7891,200000,0.2053557487118097,0.039455,16,303,0.45,1,0,0.42,1,0,0
USR8563,21,2,40824,88,32522,100000,0.796639231824417,0.32522,7,403,0.27,1,0,0.45,0,0,0
USR6131,40,2,23180,364,18484,300000,0.797411561691113,0.06161333333333333,16,226,0.81,3,0,0.54,0,0,0
USR7179,51,0,44394,227,1000,500000,0.022525566517997926,0.002,0,135,0.8,0,0,0.85,1,0,0
USR7162,29,3,15691,162,20122,200000,1.2823911796571283,0.10061,3,431,0.48,2,0,0.17,2,0,0
USR3587,53,3,46959,22,58867,500000,1.2535829127536788,0.117734,2,413,0.69,1,1,0.18,0,0,0
USR1871,18,5,24984,280,36969,500000,1.4797070124879923,0.073938,10,368,0.9,3,0,0.8,1,0,0
USR3325,52,2,58626,301,15645,100000,0.2668611196397503,0.15645,4,254,0.68,1,1,0.63,1,1,0
USR8313,70,2,7208,247,5684,200000,0.7885682574916759,0.02842,11,419,0.93,0,1,0.64,0,0,0
USR7596,59,2,46096,243,106731,100000,2.315406976744186,1.06731,25,348,0.19,2,0,0.59,0,0,0
USR4682,52,1,55517,162,19049,200000,0.3431201253670047,0.095245,2,524,0.5,1,0,0.53,2,0,0
USR3919,19,3,39664,15,112969,100000,2.848149455425575,1.12969,3,197,0.94,2,0,0.71,2,1,1
USR4721,64,3,11655,222,6887,100000,0.5909051909051909,0.06887,1,675,0.98,1,0,0.02,2,0,0
USR8354,20,4,36319,331,28665,300000,0.7892563121231312,0.09555,1,55,0.27,3,0,0.43,0,0,0
USR1667,68,3,32388,79,40423,500000,1.2480857107570704,0.080846,13,239,0.67,0,0,0.84,1,0,0
USR6763,64,1,41813,275,26001,300000,0.6218400975773085,0.08667,4,477,0.4,0,0,0.53,0,1,0
USR7008,55,3,52239,181,31738,200000,0.6075537433718103,0.15869,7,371,0.51,1,1,0.44,1,0,0
USR6945,55,1,7032,220,5880,500000,0.8361774744027304,0.01176,7,288,0.73,0,1,0.49,2,0,0
USR6897,69,3,58798,195,93644,100000,1.5926392054151501,0.93644,8,237,0.49,1,0,0.03,2,0,0
USR7095,51,2,28731,2,40144,300000,1.3972364345132435,0.13381333333333334,19,651,0.56,0,1,0.25,1,0,0
USR2025,20,3,15317,44,17630,500000,1.1510086831624993,0.03526,3,55,0.52,0,0,0.1,0,0,0
USR9880,36,1,50744,337,66050,200000,1.3016317200063061,0.33025,6,68,0.82,0,0,0.62,2,0,0
USR3266,57,0,57224,47,84248,200000,1.472249405843702,0.42124,9,397,0.4,0,0,0.38,0,1,0
USR8796,45,3,7506,361,1000,200000,0.1332267519317879,0.005,3,624,0.72,1,0,0.11,0,0,0
USR5506,58,3,10660,330,6166,300000,0.5784240150093809,0.020553333333333333,9,533,0.32,0,1,0.7,2,1,0
USR8731,68,0,53302,341,67646,100000,1.269108101009343,0.67646,10,503,0.57,2,0,0.49,0,1,0
USR5670,34,2,45541,292,54750,200000,1.202213390131969,0.27375,7,154,0.86,0,1,0.27,2,0,0
USR6269,23,1,58981,78,46980,100000,0.7965276953595225,0.4698,13,314,0.9,0,0,0.43,1,0,0
USR1807,52,1,11461,46,20158,200000,1.7588343076520374,0.10079,22,459,0.82,2,0,0.51,1,0,0
USR8760,41,2,5592,339,1000,500000,0.17882689556509299,0.002,8,330,0.98,1,0,0.92,2,0,0
USR4916,51,3,22217,246,6987,300000,0.31448890489264975,0.02329,0,34,0.56,0,0,0.95,0,0,0
USR1479,58,0,58367,204,136683,300000,2.341785598026282,0.45561,12,675,0.82,1,0,0.78,0,1,1
USR1884,41,1,5046,78,2256,300000,0.4470868014268728,0.00752,7,319,0.15,1,0,0.69,0,0,0
USR9959,41,1,20849,18,1000,200000,0.047963931123794906,0.005,5,386,0.52,1,1,0.66,0,0,0
USR5697,33,2,33772,345,42162,500000,1.2484306526116309,0.084324,5,164,0.78,3,0,0.41,0,0,0
USR9059,59,3,49534,299,17359,500000,0.3504461581943715,0.034718,17,84,0.96,0,0,0.86,2,1,0
USR9704,26,0,16845,160,34727,100000,2.0615612941525674,0.34727,2,505,0.27,0,0,0.84,0,0,0
USR6574,50,4,6977,268,14317,100000,2.0520280923032823,0.14317,2,605,0.66,2,1,0.77,0,1,1
USR1110,50,1,41016,240,57110,300000,1.3923834601131266,0.19036666666666666,4,47,0.89,1,0,0.04,0,1,0
USR2545,43,1,39796,303,46198,100000,1.1608704392401246,0.46198,14,428,0.34,0,0,0.23,0,0,0
USR8223,35,2,37772,97,28974,100000,0.7670761410568675,0.28974,14,373,0.42,0,0,0.11,0,0,0
USR5709,36,2,32421,320,79264,100000,2.4448351377193793,0.79264,16,700,0.97,0,0,0.37,1,0,0
USR7589,68,3,58736,238,81632,300000,1.3898120403159901,0.27210666666666666,10,40,0.72,2,0,0.5,1,0,0
USR1824,69,3,44178,248,55808,200000,1.2632532029516954,0.27904,4,197,0.36,1,0,0.01,1,0,0
USR8546,26,0,13549,310,8899,100000,0.6568012399439073,0.08899,1,173,0.06,3,0,0.9,2,1,0
USR7036,49,3,50015,339,51984,300000,1.039368189543137,0.17328,12,410,0.76,0,0,0.31,0,1,0
USR3586,31,2,8111,316,1191,500000,0.14683762791271113,0.002382,3,700,0.66,3,0,0.2,1,1,0
USR2768,27,0,31010,10,10449,500000,0.336955820702999,0.020898,7,636,0.09,1,0,0.61,2,0,0
USR8565,68,3,11706,168,12497,500000,1.0675721852041689,0.024994,2,698,0.75,0,0,0.95,0,1,0
USR1593,27,2,46112,50,38029,200000,0.8247094031922276,0.190145,18,454,0.51,0,1,0.96,0,0,0
USR7244,62,0,21419,304,1000,300000,0.046687520425790184,0.0033333333333333335,4,337,0.96,1,1,0.79,1,0,0
USR1641,38,4,22812,305,55269,200000,2.4228037874802735,0.276345,11,305,0.65,0,0,0.68,0,1,0
USR8609,34,1,19498,124,18378,500000,0.9425582110985742,0.036756,4,205,0.92,0,0,0.61,0,1,0
USR4416,47,2,5999,302,7052,500000,1.1755292548758127,0.014104,15,674,0.48,0,0,0.68,0,0,0
USR1516,56,2,59276,229,6049,500000,0.1020480464268844,0.012098,2,133,0.08,0,0,0.43,1,1,0
USR9905,36,1,50788,12,60170,500000,1.1847286760652123,0.12034,2,102,0.45,1,0,0.81,0,0,0
USR5896,29,1,32873,112,1000,500000,0.030420101603139356,0.002,2,13,0.4,0,1,0.83,1,0,0
USR2637,39,2,42596,222,67391,200000,1.582096910508029,0.336955,19,146,0.57,1,0,0.73,2,0,0
USR4643,41,1,39168,343,54197,200000,1.3837060866013071,0.270985,3,651,0.61,1,0,0.9,0,0,0
USR9440,23,1,23949,353,39631,200000,1.6548081339513132,0.198155,6,41,0.5,1,0,0.05,0,1,0
USR2055,55,1,48606,206,68357,300000,1.4063490104102374,0.22785666666666668,8,311,0.36,0,1,0.98,1,1,0
USR3321,65,4,45024,208,78994,300000,1.7544864960909736,0.26331333333333334,9,33,0.55,2,0,0.86,2,0,0
USR7860,38,2,52294,233,8855,200000,0.1693310896087505,0.044275,6,517,0.44,0,0,0.77,0,0,0
USR4738,67,2,24133,206,29179,300000,1.2090912857912401,0.09726333333333333,17,586,0.68,0,0,0.2,2,0,0
USR3853,62,1,51221,295,71736,200000,1.4005193182483746,0.35868,9,657,0.07,2,1,0.38,0,0,0
USR6643,53,2,56744,61,31326,200000,0.5520583674044833,0.15663,6,269,0.58,1,1,0.45,0,1,0
USR3237,69,0,54304,197,70933,200000,1.3062205362404242,0.354665,0,512,0.03,1,1,0.44,0,1,0
USR6517,34,3,14792,122,22944,100000,1.5511087074094105,0.22944,6,684,0.88,1,0,0.89,1,1,0
USR8442,69,2,13572,306,3685,300000,0.2715148835838491,0.012283333333333334,7,345,0.46,0,0,0.48,2,0,0
USR1061,54,2,49485,1,57682,200000,1.1656461554006265,0.28841,18,314,0.79,0,0,0.65,0,0,0
USR8169,66,3,56179,123,55854,300000,0.9942149201658983,0.18618,9,411,0.14,1,0,0.32,0,1,0
USR2462,70,1,10734,73,17767,300000,1.655207751071362,0.059223333333333336,9,654,0.92,0,0,0.56,1,1,0
USR9340,29,3,11593,263,17411,200000,1.501854567411369,0.087055,4,280,0.57,1,0,0.92,0,0,0
USR1536,37,1,5465,132,8210,300000,1.5022872827081428,0.027366666666666668,13,542,0.86,1,0,0.66,0,1,0
USR9882,57,1,12891,204,20393,500000,1.5819564036924987,0.040786,1,305,0.14,2,1,0.41,2,0,0
USR7587,56,0,41438,355,13668,100000,0.3298421738500893,0.13668,9,258,0.69,2,1,0.06,0,0,0
USR6957,67,4,54917,35,44823,100000,0.8161953493453757,0.44823,10,687,0.94,0,0,0.83,0,1,0
USR1943,23,0,9923,276,10131,300000,1.020961402801572,0.03377,5,296,0.54,0,0,0.38,1,1,0
USR9332,30,3,22592,290,40356,100000,1.7862960339943343,0.40356,16,688,0.82,3,0,0.42,1,1,0
USR5572,39,3,44349,102,18160,100000,0.4094793569189835,0.1816,13,37,0.75,3,1,0.51,0,1,0
USR6234,35,2,19521,148,25935,300000,1.3285692331335486,0.08645,12,665,0.29,0,0,0.84,0,0,0
USR6406,39,1,19393,151,19044,300000,0.9820038158098283,0.06348,2,628,0.25,3,0,0.98,0,0,0
USR2817,58,5,9094,322,17540,100000,1.9287442269628325,0.1754,17,674,0.89,0,1,0.72,0,0,1
USR9436,18,2,43926,106,28707,100000,0.653530938396394,0.28707,5,617,0.68,0,0,0.25,0,0,0
USR1487,46,2,45904,284,36445,500000,0.7939395259672359,0.07289,1,147,0.63,0,1,0.41,2,0,0
USR2775,57,4,45206,91,62225,200000,1.3764765739061187,0.311125,0,194,0.41,0,0,0.9,1,0,0
USR4505,21,3,53083,211,62518,200000,1.177740519563702,0.31259,22,627,0.83,2,0,0.98,0,0,0
USR7456,20,2,6853,262,4566,300000,0.6662775426820371,0.01522,1,161,0.82,1,0,0.07,2,0,0
USR2291,52,1,33687,331,18181,100000,0.5397037432837594,0.18181,0,700,0.97,0,1,0.17,0,1,0
USR5982,47,4,44025,24,39285,500000,0.8923339011925042,0.07857,0,386,0.37,1,1,0.92,2,0,0
USR7503,60,3,28837,257,5010,300000,0.17373513194853835,0.0167,4,637,0.96,0,0,0.91,1,1,0
USR5707,34,3,30011,320,41953,200000,1.3979207623871248,0.209765,2,177,0.66,1,1,0.71,0,0,0
USR2206,20,1,43672,271,50262,300000,1.150897600293094,0.16754,2,502,0.62,0,0,0.06,1,1,0
USR2748,70,1,8705,310,5079,300000,0.5834577828834003,0.01693,11,411,0.42,1,1,0.81,2,0,0
USR7115,18,3,45932,137,9069,200000,0.19744404772272053,0.045345,7,41,0.2,0,0,0.6,2,1,0
USR1245,62,1,27539,212,59076,300000,2.1451759323141726,0.19692,4,562,0.72,1,0,0.62,0,0,0
USR8467,57,1,16360,9,13383,100000,0.8180317848410757,0.13383,0,690,0.35,3,0,0.98,0,0,0
USR5229,51,0,6014,352,1056,200000,0.17559028932490856,0.00528,2,429,0.75,0,1,0.51,0,0,0
USR2074,54,2,56382,339,21079,100000,0.37386045191727857,0.21079,0,31,0.26,3,0,0.52,2,1,0
USR3545,60,2,10994,97,8874,100000,0.8071675459341459,0.08874,5,167,0.01,1,0,0.86,1,0,0
USR8961,24,1,11815,8,16626,500000,1.4071942446043166,0.033252,1,232,1.0,1,1,0.49,0,1,0
USR5068,21,2,53339,10,90641,200000,1.6993381953167477,0.453205,5,588,0.23,2,0,0.42,1,0,0
USR5711,50,5,42382,28,42067,500000,0.9925675994525978,0.084134,2,477,0.11,0,0,0.29,0,0,0
USR8048,31,2,56933,144,81632,500000,1.4338257249749706,0.163264,12,440,0.83,0,0,0.7,0,0,0
USR3341,42,1,39026,182,72358,100000,1.8540972684876749,0.72358,6,415,0.69,0,0,0.54,1,0,0
USR3732,52,3,21189,197,27493,200000,1.297512860446458,0.137465,10,161,0.8,0,0,0.47,1,0,0
USR4492,70,4,48616,348,23401,200000,0.4813435905874609,0.117005,5,670,0.07,0,0,0.72,0,0,0
USR3506,52,1,13015,289,20143,500000,1.5476757587399155,0.040286,4,522,0.69,1,0,0.7,0,0,0
USR1499,26,1,29575,49,35891,500000,1.2135587489433644,0.071782,5,239,0.3,2,0,0.07,2,0,0
USR4162,44,3,24445,245,15111,300000,0.6181632235631008,0.05037,3,691,0.24,2,0,0.1,0,0,0
USR8441,48,3,35566,108,42597,300000,1.1976888039138502,0.14199,0,574,0.59,0,0,0.4,0,0,0
USR4643,43,0,46249,191,53833,200000,1.1639819239334905,0.269165,4,39,0.54,0,0,1.0,0,1,0
USR5249,68,4,54680,113,29634,300000,0.541953182150695,0.09878,15,269,0.43,1,0,0.77,2,1,0
USR3381,28,2,33090,232,15963,200000,0.48241160471441524,0.079815,19,148,0.91,1,0,0.94,0,1,0
USR3297,21,3,52295,75,75440,200000,1.4425853332058514,0.3772,9,319,0.81,1,0,0.63,2,1,0
USR6066,35,1,39429,35,21872,100000,0.554718608131071,0.21872,6,230,0.63,0,0,0.87,2,0,0
USR1653,59,3,14235,30,39029,200000,2.7417632595714787,0.195145,18,141,0.34,0,0,0.0,0,1,0
USR6745,44,1,58682,321,40021,300000,0.6819978869159197,0.13340333333333335,1,216,0.7,1,0,0.67,1,0,0
USR2539,51,1,13392,54,15198,300000,1.1348566308243728,0.05066,4,597,0.8,3,1,0.12,0,0,0
USR4385,64,2,41084,22,61489,500000,1.4966653685132898,0.122978,2,251,0.12,0,1,0.19,0,0,0
USR4833,59,4,46973,186,50979,100000,1.0852830349349627,0.50979,21,17,0.84,1,1,0.86,1,0,0
USR2449,65,1,56592,67,1000,100000,0.017670342097823012,0.01,8,170,0.98,3,0,0.41,1,0,0
USR7291,18,3,29875,263,25491,200000,0.8532552301255231,0.127455,14,584,0.78,1,0,0.55,0,1,0
USR8482,37,1,38143,11,43071,100000,1.1291980179849515,0.43071,0,151,0.45,2,0,0.47,0,0,0
USR1640,57,4,39422,109,18912,500000,0.47973212926792147,0.037824,13,248,0.13,3,0,0.66,1,0,0
USR1948,69,2,8537,269,6745,200000,0.7900901956190699,0.033725,10,457,0.4,1,0,0.0,2,1,0
USR3045,46,4,48052,216,89198,500000,1.8562806959127611,0.178396,9,690,0.02,0,0,0.2,0,0,0
USR2765,32,1,13876,117,1298,500000,0.09354280772556933,0.002596,6,675,0.83,0,0,0.64,2,0,0
USR1136,27,2,37714,313,40198,500000,1.0658641353343585,0.080396,8,430,0.6,1,1,0.03,0,0,0
USR8714,22,1,56292,238,59195,500000,1.0515703830029133,0.11839,7,448,0.07,2,0,0.63,1,0,0
USR2782,61,1,53293,159,36405,300000,0.6831103522038542,0.12135,19,319,0.11,0,0,0.63,2,1,0
USR6391,35,2,19091,235,28725,300000,1.5046356922109894,0.09575,4,195,0.95,1,0,0.99,0,0,0
USR4039,41,3,50154,241,50727,500000,1.0114248115803326,0.101454,3,9,0.27,2,0,0.43,0,0,0
USR1618,63,2,16791,83,1000,300000,0.05955571437079388,0.0033333333333333335,8,338,0.13,3,0,0.46,2,0,0
USR9115,19,5,34740,322,55905,200000,1.6092400690846287,0.279525,1,82,0.56,0,1,0.98,1,0,0
USR1628,53,2,16497,300,14121,300000,0.855973813420622,0.04707,7,291,0.4,1,0,0.17,2,1,0
USR2284,22,2,55561,306,78635,200000,1.4152913014524577,0.393175,7,443,0.13,1,0,0.03,2,0,0
USR9165,59,1,9784,132,1687,200000,0.1724243663123467,0.008435,7,481,0.03,1,0,0.07,0,0,0
USR1307,67,5,53380,331,38538,500000,0.7219557886849007,0.077076,12,150,0.1,2,0,0.11,1,1,0
USR6084,18,2,21367,134,21067,500000,0.985959657415641,0.042134,7,692,0.55,2,0,0.6,0,0,0
USR7704,39,1,25017,16,7178,200000,0.28692489107406965,0.03589,6,198,0.78,1,0,0.82,1,0,0
USR5681,55,2,48221,141,85697,500000,1.777171771634765,0.171394,4,354,0.35,1,0,0.26,0,0,0
USR6217,41,3,19830,239,11217,100000,0.5656580937972768,0.11217,8,366,0.35,0,0,0.05,0,0,0
USR4575,48,2,40549,17,42785,300000,1.0551431601272534,0.14261666666666667,0,598,0.07,1,0,0.66,0,0,0
USR6911,33,4,46809,195,76667,300000,1.637868785917238,0.25555666666666665,7,334,0.63,0,1,0.92,0,1,0
USR3557,27,4,41644,155,15605,300000,0.3747238497742772,0.05201666666666667,1,324,0.13,3,0,0.02,2,0,0
USR1306,29,1,21171,91,29340,300000,1.3858580133201077,0.0978,9,297,0.79,0,1,0.3,1,0,0
USR2682,53,3,35559,198,1000,200000,0.028122275654545965,0.005,2,102,0.27,0,0,0.04,2,0,0
USR1695,24,1,39206,362,42429,200000,1.0822068050808549,0.212145,2,227,0.6,2,0,0.59,0,1,0
USR4834,54,2,36620,113,68750,500000,1.8773894046968869,0.1375,27,612,0.94,0,1,0.6,1,0,1
USR7001,61,2,42304,163,21230,300000,0.5018437972768532,0.07076666666666667,9,179,0.76,2,0,0.71,2,0,0
USR1403,39,1,19322,180,2621,300000,0.13564848359383086,0.008736666666666667,3,669,0.0,1,1,0.88,1,1,0
USR9122,47,1,33204,90,1000,500000,0.030116853391157692,0.002,3,377,0.14,1,0,0.3,1,0,0
USR1689,53,2,18050,188,11807,500000,0.6541274238227147,0.023614,24,388,0.83,0,1,0.04,1,1,0
USR2834,32,3,11451,57,14692,300000,1.2830320496026548,0.048973333333333334,7,26,0.72,3,1,0.61,0,0,0
USR2515,24,1,39271,90,82161,100000,2.0921545160551043,0.82161,15,519,0.22,0,1,0.91,0,0,0
USR3370,25,4,14996,233,6947,100000,0.4632568684982662,0.06947,13,381,0.08,0,0,0.89,0,0,0
USR7931,54,1,41882,48,48526,300000,1.158636168282317,0.16175333333333333,7,50,0.95,2,0,0.89,1,0,0
USR4406,26,1,55162,299,74569,500000,1.3518182807004822,0.149138,1,338,0.68,0,0,0.64,2,0,0
USR2025,21,4,11820,132,20329,300000,1.7198815566835872,0.06776333333333333,12,154,0.29,0,0,0.33,0,0,0
USR2098,56,3,7275,37,2653,500000,0.36467353951890036,0.005306,2,416,0.58,0,0,0.9,0,0,0
USR7848,27,1,26669,263,52985,100000,1.9867636581799093,0.52985,14,220,0.26,1,1,0.34,1,0,0
USR3587,27,2,31742,158,61534,100000,1.9385671980341503,0.61534,6,64,0.18,1,0,0.14,0,1,0
USR5758,23,0,17256,233,17622,100000,1.0212100139082059,0.17622,0,374,0.88,1,0,0.95,0,0,0
USR5802,68,0,42297,322,39359,100000,0.9305388088989763,0.39359,2,215,0.09,3,0,0.38,0,0,0
USR9374,19,3,25797,171,11320,300000,0.43881071442415787,0.037733333333333334,14,539,0.88,3,0,0.23,0,0,0
USR6846,57,2,41525,191,76503,200000,1.842335942203492,0.382515,8,384,0.72,1,0,0.25,2,0,0
USR7329,59,3,5742,55,2322,300000,0.4043887147335423,0.00774,0,297,0.27,3,0,0.96,1,0,0
USR6972,30,3,44601,83,76900,100000,1.7241765879688795,0.769,7,384,0.41,0,0,0.23,0,0,0
USR4492,67,2,49487,4,68363,500000,1.3814335077899247,0.136726,18,84,0.3,2,1,0.43,0,0,0
USR4387,33,3,33216,309,57934,500000,1.7441594412331407,0.115868,3,557,0.47,1,0,0.06,0,1,0
USR3946,50,3,52036,310,110527,500000,2.124048735490814,0.221054,9,359,0.21,1,0,0.34,0,0,0
USR3941,18,2,52164,336,69710,500000,1.3363622421593435,0.13942,11,661,0.33,0,0,0.86,0,0,0
USR6000,68,1,27367,96,28311,300000,1.0344940987320494,0.09437,5,456,0.16,0,0,0.17,2,1,0
USR8459,61,2,40471,108,29740,300000,0.7348471745200267,0.09913333333333334,17,7,0.62,1,0,0.86,0,0,0
USR3549,36,1,28258,40,60149,500000,2.1285653620213747,0.120298,21,145,0.42,0,0,0.09,2,0,0
USR6511,43,0,45974,45,62927,500000,1.368751903249663,0.125854,6,199,0.18,3,0,0.84,1,0,0
USR1387,52,2,41982,286,65530,200000,1.5609070554046973,0.32765,13,597,0.89,1,1,0.05,0,0,0
USR9779,41,1,50882,123,19625,300000,0.3856963169686726,0.06541666666666666,15,635,0.37,0,1,0.38,2,0,0
USR7757,41,0,31101,254,41971,100000,1.349506446738047,0.41971,7,558,0.45,1,1,0.24,0,0,0
USR4373,19,1,7176,123,1000,300000,0.13935340022296544,0.0033333333333333335,2,338,0.8,1,0,0.34,0,0,0
USR4070,36,3,41425,54,1000,100000,0.024140012070006035,0.01,10,198,0.09,1,0,0.06,0,0,0
USR8132,43,2,15349,43,5441,100000,0.3544856342432732,0.05441,11,536,0.41,2,0,0.57,1,0,0
USR9799,33,2,17567,19,12119,300000,0.6898730574372403,0.040396666666666664,1,496,0.48,0,1,0.67,0,0,0
USR9025,40,1,39600,172,1000,200000,0.025252525252525252,0.005,1,351,0.18,0,0,0.06,1,0,0
USR6252,40,8,12196,94,7537,500000,0.6179895047556576,0.015074,6,485,0.2,0,0,0.39,0,0,0
USR5446,62,3,54433,103,55109,100000,1.012418937041868,0.55109,18,216,0.09,1,0,0.89,0,0,0
USR5653,31,1,40523,115,36495,200000,0.9005996594526565,0.182475,8,239,0.2,1,1,0.81,0,1,0
USR2601,29,2,41464,204,4300,500000,0.10370441829056531,0.0086,17,128,0.86,2,0,0.75,0,0,0
USR4872,52,0,45428,16,39194,200000,0.8627718587655191,0.19597,17,656,0.67,1,1,0.19,0,1,0
USR9785,47,2,34031,354,52189,300000,1.5335723311098703,0.17396333333333333,11,192,0.16,3,0,0.97,0,0,0
USR7034,53,1,36897,1,49617,300000,1.3447434750792748,0.16539,9,437,0.34,1,1,0.7,2,0,0
USR1072,25,2,31428,10,12616,200000,0.40142548046328114,0.06308,17,261,0.4,1,0,0.32,1,0,0
USR6786,62,2,5003,108,6883,500000,1.3757745352788326,0.013766,13,504,0.54,0,0,0.86,1,0,0
USR1289,31,1,5310,94,8169,300000,1.538418079096045,0.02723,0,70,0.16,1,0,0.82,0,0,0
USR8741,66,5,5337,251,5424,300000,1.016301292861158,0.01808,0,19,0.63,2,0,0.35,2,0,0
USR7557,25,0,40503,6,37129,300000,0.91669752857813,0.12376333333333334,4,396,0.19,2,0,0.95,0,1,0
USR8306,64,2,49293,204,56531,500000,1.1468362647840464,0.113062,3,13,0.96,1,0,0.53,1,1,0
USR3641,33,2,23963,229,30340,300000,1.266118599507574,0.10113333333333334,2,42,0.62,0,0,0.87,0,1,0
USR7520,55,3,41403,220,43384,100000,1.0478467743883293,0.43384,8,491,0.15,2,0,0.35,0,0,0
USR2065,46,0,33583,197,35342,100000,1.0523776910937082,0.35342,13,117,0.82,1,0,0.24,0,0,0
USR4011,38,0,18188,93,10724,200000,0.5896195293600176,0.05362,11,418,0.42,1,0,0.2,1,0,0
USR2743,32,3,9918,172,9220,500000,0.9296229078443234,0.01844,14,529,0.13,0,0,0.91,0,0,0
USR7055,29,1,21485,105,3728,200000,0.17351640679543867,0.01864,17,405,0.22,0,0,0.74,1,0,0
USR2157,25,4,46113,77,51914,200000,1.1257996660377767,0.25957,5,517,0.71,1,0,0.07,1,0,0
USR3576,19,2,8028,278,11218,200000,1.3973592426507224,0.05609,18,347,0.77,0,0,0.45,0,0,0
USR6984,44,2,56406,241,15961,300000,0.282966351097401,0.05320333333333333,1,243,0.19,1,1,0.12,0,1,0
USR6867,45,4,9310,18,5913,300000,0.6351235230934479,0.01971,2,527,0.2,1,1,0.28,2,0,0
USR7600,26,3,5559,351,7245,500000,1.303291958985429,0.01449,4,203,0.46,2,0,0.55,2,0,0
USR2307,53,5,15397,262,19286,300000,1.2525816717542377,0.06428666666666667,12,353,0.61,0,1,0.78,1,0,0
USR7931,32,3,16893,167,5200,300000,0.3078198070206594,0.017333333333333333,5,544,0.41,0,0,0.62,0,0,0
USR5129,64,1,38734,90,6217,500000,0.16050498270253524,0.012434,0,208,0.23,3,0,0.39,2,1,0
USR4823,19,1,31412,348,29877,200000,0.9511333248440087,0.149385,13,324,0.1,3,0,0.33,1,0,0
USR5274,29,2,46574,340,53830,300000,1.15579507879933,0.17943333333333333,7,75,0.16,1,0,0.2,2,0,0
USR4379,44,2,16604,213,10267,500000,0.6183449771139484,0.020534,3,198,0.59,0,0,0.28,0,1,0
USR9184,31,1,57266,315,10640,200000,0.18579960185799602,0.0532,11,151,0.88,0,0,0.81,0,0,0
USR5502,67,2,49192,105,1000,500000,0.020328508700601725,0.002,0,440,0.87,0,0,0.49,1,1,0
USR9508,34,1,58393,27,1000,100000,0.017125340366139778,0.01,5,102,0.23,3,1,0.28,0,1,0
USR6617,62,3,49304,142,66111,500000,1.340885120882687,0.132222,12,403,0.03,3,1,0.46,0,0,0
USR5814,19,0,38513,296,95909,100000,2.4903019759561706,0.95909,5,520,0.58,0,0,0.75,0,0,0
USR4623,40,0,23019,32,1000,200000,0.04344237369129849,0.005,7,223,0.48,3,0,0.1,1,1,0
USR3850,65,3,26427,208,1000,100000,0.03784008778900367,0.01,5,212,0.33,1,0,0.91,0,0,0
USR2735,59,1,19901,29,18297,100000,0.9194010351238632,0.18297,10,457,0.97,0,1,0.65,2,0,0
USR3804,27,2,56910,176,34600,300000,0.607977508346512,0.11533333333333333,23,476,0.68,1,0,0.79,0,0,0
USR2692,22,4,58838,149,79364,200000,1.3488561813793807,0.39682,6,183,0.12,0,0,0.56,0,0,0
USR1484,31,3,23038,220,26530,200000,1.1515756576091674,0.13265,7,120,1.0,2,0,0.32,0,0,0
USR5066,24,2,18917,221,29286,200000,1.5481313104614898,0.14643,2,256,0.18,0,0,0.82,0,0,0
USR3102,26,1,21387,249,1000,300000,0.04675737597606022,0.0033333333333333335,5,336,0.18,0,0,0.74,2,1,0
USR4283,66,1,59824,113,18443,100000,0.3082876437550147,0.18443,3,569,0.89,1,0,0.89,0,0,0
USR4463,35,2,28442,130,2191,300000,0.0770339638562689,0.0073033333333333336,12,97,0.61,2,1,0.59,0,0,0
USR6035,63,1,41265,206,35464,500000,0.8594208166727251,0.070928,4,45,0.96,1,0,0.89,0,1,0
USR8986,28,3,8601,306,17493,100000,2.033833275200558,0.17493,24,282,0.29,0,0,0.17,1,1,0
USR8603,40,2,22558,182,32046,200000,1.4206046635340013,0.16023,1,107,0.98,1,0,0.94,1,1,0
USR9762,64,3,23154,200,26279,100000,1.134965880625378,0.26279,22,690,0.61,1,0,0.61,1,0,0
USR5960,41,0,22418,206,28046,500000,1.2510482647872245,0.056092,11,623,0.93,2,0,0.63,2,0,0
USR7853,68,2,56841,119,46868,100000,0.8245456624619553,0.46868,0,589,0.83,1,0,0.56,2,0,0
USR6080,44,4,8334,350,15779,300000,1.8933285337173027,0.05259666666666667,7,509,0.08,0,0,0.46,1,0,0
USR1011,61,0,32139,361,34050,500000,1.059460468589564,0.0681,5,291,0.63,1,1,0.93,1,0,0
USR2845,22,2,51535,139,4919,300000,0.09544969438245852,0.016396666666666667,2,221,0.65,0,0,0.33,1,1,0
USR1087,26,3,17299,214,26866,500000,1.5530377478466963,0.053732,6,216,0.24,1,0,0.26,0,0,0
USR3832,65,0,44973,17,33464,500000,0.7440908989838347,0.066928,4,555,0.53,2,0,0.42,0,0,0
USR9999,31,3,15587,257,3590,500000,0.2303201385770193,0.00718,11,638,0.17,0,0,0.6,0,0,0
USR6887,52,1,36851,113,47785,300000,1.296708366123036,0.15928333333333333,12,254,0.61,2,0,0.69,1,0,0
USR3833,37,1,27149,25,8200,200000,0.302036907436738,0.041,2,442,0.28,0,0,0.67,1,0,0
USR7461,22,0,46750,47,60131,300000,1.2862245989304812,0.20043666666666668,14,54,0.2,1,0,0.01,2,0,0
USR2182,38,1,48969,219,6617,300000,0.1351263043966591,0.022056666666666665,0,270,0.56,0,0,0.79,1,1,0
USR3568,64,4,30816,14,46614,100000,1.5126557632398754,0.46614,0,38,0.71,2,0,0.63,1,1,0
USR5202,34,1,20938,29,18007,500000,0.8600152832171172,0.036014,15,171,0.2,0,0,0.81,1,0,0
USR9409,20,1,43453,33,1686,500000,0.03880054311555013,0.003372,11,33,0.41,1,0,0.34,1,0,0
USR9627,65,2,23686,333,33087,500000,1.3969011230262602,0.066174,1,266,0.13,0,0,0.19,2,0,0
USR4132,31,2,59771,330,1000,300000,0.016730521490354856,0.0033333333333333335,22,371,0.34,0,0,0.47,0,0,0
USR2011,53,1,41378,300,39477,100000,0.9540577118275412,0.39477,15,244,0.93,0,0,0.56,0,0,0
USR1179,33,5,8541,134,10489,500000,1.2280763376653787,0.020978,0,135,0.76,0,0,0.04,2,0,0
USR5705,50,1,36389,301,13887,100000,0.38162631564483773,0.13887,19,613,0.5,0,0,0.56,0,0,0
USR1199,51,3,53288,305,126616,100000,2.3760696592103288,1.26616,14,594,0.63,2,1,0.06,0,1,0
USR3772,66,1,44158,312,64418,200000,1.4588070111871008,0.32209,3,343,0.13,1,0,0.65,1,1,0
USR5870,33,5,49673,175,101056,500000,2.0344251404183358,0.202112,7,551,0.33,0,0,0.9,0,0,0
USR5384,23,2,29187,338,37939,500000,1.2998595265015247,0.075878,19,484,0.58,0,0,0.01,0,1,0
USR8220,53,3,20875,186,16862,500000,0.8077604790419162,0.033724,1,99,0.46,3,0,0.23,0,0,0
USR2547,55,2,21906,198,26648,300000,1.2164703734136766,0.08882666666666666,1,563,0.49,0,0,0.81,0,0,0
USR2035,53,3,7927,36,6289,200000,0.793364450611833,0.031445,6,95,0.92,3,0,0.8,0,0,0
USR6307,51,2,10775,157,17042,300000,1.5816241299303944,0.056806666666666665,1,470,0.99,1,0,0.53,1,0,0
USR2174,61,3,44542,215,19821,500000,0.44499573436307305,0.039642,9,244,0.81,3,0,0.93,0,0,0
USR5387,23,0,34126,145,10349,300000,0.3032585125710602,0.03449666666666667,10,569,0.52,1,0,0.97,2,0,0
USR6428,21,0,6744,358,7822,300000,1.1598457888493476,0.026073333333333334,3,323,0.27,0,0,0.02,0,0,0
USR6566,36,4,39829,44,24609,200000,0.6178663787692384,0.123045,21,277,0.48,1,0,0.92,1,0,0
USR4730,53,1,44160,165,54912,200000,1.2434782608695651,0.27456,3,253,0.35,0,0,0.69,1,0,0
USR5913,22,2,56937,340,51517,300000,0.9048070674605265,0.17172333333333334,12,435,0.33,3,1,0.88,1,0,0
USR7800,56,1,31849,341,65323,300000,2.0510220101102075,0.21774333333333334,10,237,0.41,1,1,0.17,0,0,0
USR9528,23,1,51178,264,36582,500000,0.7147993278361796,0.073164,0,466,0.49,1,1,0.79,1,0,0
USR8933,34,4,28410,262,32088,200000,1.1294614572333685,0.16044,1,352,0.85,1,0,0.48,0,0,0
USR1125,53,3,42289,363,1000,500000,0.02364681122750597,0.002,7,432,0.03,1,0,0.06,0,1,0
USR7754,65,2,7257,302,19040,500000,2.6236736943640624,0.03808,8,165,0.5,3,1,0.09,1,1,0
USR5218,45,1,19316,220,36901,100000,1.9103851729136467,0.36901,12,145,0.82,3,0,0.22,0,1,1
USR9709,40,1,26044,181,3588,300000,0.13776685608969436,0.01196,11,463,0.28,1,1,0.34,2,1,0
USR7666,43,4,43934,4,56450,500000,1.284881868256931,0.1129,17,479,0.54,0,0,0.73,0,0,0
USR6244,18,1,46674,208,93166,300000,1.9961006127608518,0.31055333333333335,17,670,0.98,3,0,0.32,0,0,0
USR7262,64,1,38662,297,34512,100000,0.8926594589002121,0.34512,7,138,0.62,2,0,0.37,0,0,0
USR2920,48,7,49233,353,48335,100000,0.98176020149087,0.48335,1,172,0.69,3,0,0.25,2,0,0
USR9977,56,2,42817,242,32732,200000,0.7644627134082257,0.16366,9,387,0.81,0,1,0.8,1,0,0
USR3759,68,1,27244,281,42812,300000,1.5714285714285714,0.14270666666666668,0,370,0.59,1,0,0.68,0,1,0
USR9971,28,4,17008,163,1000,500000,0.05879586077140169,0.002,3,152,0.68,1,0,0.56,1,0,0
USR3639,64,2,6432,83,7927,100000,1.232431592039801,0.07927,9,401,0.24,1,0,0.42,1,0,0
USR4791,42,4,7412,182,9710,300000,1.3100377765785214,0.03236666666666667,13,219,0.58,2,0,0.34,0,1,0
USR4866,53,1,42565,287,56234,300000,1.321132385762951,0.18744666666666668,10,82,0.4,3,0,0.55,2,0,0
USR2116,54,6,41718,234,49569,300000,1.1881921472745578,0.16523,17,265,0.97,3,1,0.17,0,1,0
USR4125,51,2,9978,10,8359,300000,0.8377430346762879,0.027863333333333334,10,547,0.88,0,0,0.38,1,0,0
USR4791,27,1,59012,141,32057,500000,0.5432284958991391,0.064114,11,120,0.73,0,0,0.1,1,0,0
USR1282,58,1,57010,351,85300,100000,1.4962287318014384,0.853,6,96,0.59,0,0,0.5,0,0,0
USR3517,39,2,29599,167,23057,300000,0.7789790195614716,0.07685666666666667,14,240,0.73,3,1,0.62,0,0,0
USR9096,51,2,47260,323,65974,500000,1.3959796868387644,0.131948,6,466,0.02,1,0,0.21,0,0,0
USR2034,22,0,13086,8,15340,500000,1.1722451474858628,0.03068,6,615,0.42,1,1,0.79,0,0,0
USR2310,57,1,25121,163,48492,500000,1.9303371681063652,0.096984,15,446,0.29,0,0,0.26,0,0,0
USR8937,41,1,44251,244,39483,100000,0.892251022575761,0.39483,13,529,0.92,0,0,0.88,0,0,0
USR6294,58,3,27904,14,33098,300000,1.1861381880733946,0.11032666666666667,4,668,0.93,0,1,0.14,0,0,0
USR6270,29,3,54404,163,4372,300000,0.0803617381074921,0.014573333333333334,6,438,0.88,2,0,0.61,0,0,0
USR9900,25,1,33711,358,23394,300000,0.6939574619560381,0.07798,16,28,0.14,1,1,0.5,2,0,0
USR2773,48,2,11775,239,1799,200000,0.15278131634819533,0.008995,1,627,0.28,1,0,0.79,0,0,0
USR3558,35,2,28266,220,54249,300000,1.919231585650605,0.18083,21,527,0.38,1,0,0.21,0,0,0
USR2599,46,2,27743,27,34550,100000,1.2453591897055114,0.3455,3,544,0.9,1,1,0.5,0,0,0
USR3455,62,3,42042,207,15464,200000,0.36782265353693927,0.07732,4,637,0.68,2,0,0.95,1,1,0
USR8144,32,1,37367,96,4511,300000,0.1207214922257607,0.015036666666666667,7,79,0.68,1,1,0.89,0,0,0
USR8137,70,1,41243,201,49411,200000,1.1980457289721893,0.247055,24,6,0.89,1,0,0.03,0,1,0
USR8059,24,5,10088,222,13176,300000,1.3061062648691515,0.04392,22,171,0.65,1,0,0.02,1,0,0
USR7616,67,3,6101,245,4559,500000,0.7472545484346829,0.009118,7,38,0.94,1,1,0.94,0,0,0
USR4070,32,0,31777,225,28733,500000,0.9042074456367813,0.057466,13,317,0.62,0,0,0.89,1,0,0
USR5281,51,6,37215,345,15994,200000,0.4297729410184066,0.07997,3,138,0.17,0,1,0.8,0,0,0
USR3461,45,0,50828,42,37614,100000,0.7400251829700165,0.37614,2,575,0.69,0,1,0.64,1,0,0
USR2182,51,2,5069,269,6210,100000,1.2250937068455316,0.0621,2,212,0.05,0,0,0.27,0,0,0
USR6721,62,2,46565,341,13846,300000,0.2973477934070654,0.04615333333333333,9,30,0.86,1,0,0.88,0,0,0
USR5807,40,1,14362,237,15619,500000,1.0875226291602842,0.031238,4,152,0.83,3,0,0.34,0,0,0
USR7775,27,2,8783,151,3723,100000,0.42388705453717407,0.03723,12,112,0.57,1,0,0.19,0,1,0
USR3427,47,5,57681,297,45941,200000,0.7964667741544009,0.229705,6,431,0.38,1,0,0.56,2,1,0
USR1938,26,3,26618,319,54458,100000,2.045908783529942,0.54458,3,488,0.67,0,0,0.45,2,1,0
USR2767,42,1,40235,9,51997,200000,1.292332546290543,0.259985,3,102,0.71,1,0,0.56,2,0,0
USR1293,45,2,37480,24,50083,500000,1.3362593383137673,0.100166,0,353,0.24,3,0,0.76,1,0,0
USR9556,21,4,44808,91,42929,100000,0.958065524013569,0.42929,10,233,0.88,0,0,0.49,0,0,0
USR7888,61,4,33099,344,27198,100000,0.8217166681772863,0.27198,0,490,0.97,2,0,0.23,0,0,0
USR4808,67,0,27437,208,15227,100000,0.5549805007836134,0.15227,6,649,0.52,3,0,0.22,2,0,0
USR7706,36,1,37777,201,13472,300000,0.35661910686396486,0.044906666666666664,4,325,0.97,2,0,0.95,1,1,0
USR7895,33,5,19906,6,5777,100000,0.2902140058273887,0.05777,0,505,0.96,0,0,0.84,0,0,0
USR2004,18,3,23979,197,28169,300000,1.1747362275324242,0.09389666666666667,11,276,0.2,0,0,0.27,0,0,0
USR6535,27,4,44902,27,59689,200000,1.3293171796356509,0.298445,4,320,0.71,0,0,0.44,1,0,0
USR3769,42,1,54829,70,63245,100000,1.1534954130113626,0.63245,15,85,0.48,1,0,0.08,1,0,0
USR2106,23,0,59936,334,32263,100000,0.538290843566471,0.32263,2,264,0.74,0,0,0.07,0,0,0
USR4777,55,3,45615,261,13212,100000,0.28964156527458074,0.13212,14,222,0.9,1,0,0.17,2,0,0
USR9066,29,1,46411,156,35809,100000,0.7715627760660189,0.35809,16,437,0.84,1,1,0.8,0,0,0
USR3773,67,0,16413,46,28791,100000,1.7541582891610308,0.28791,14,613,0.63,3,1,0.23,2,1,0
USR9702,42,3,56333,118,27542,300000,0.48891413558660113,0.09180666666666666,0,225,0.37,2,0,0.69,0,0,0
USR1670,43,4,15643,113,23922,500000,1.5292463082528926,0.047844,1,211,0.54,3,1,0.14,0,0,0
USR1833,29,2,58505,6,86141,500000,1.4723698829159901,0.172282,9,509,0.44,0,0,0.79,2,0,0
USR5451,63,4,17776,50,1055,500000,0.05934968496849685,0.00211,7,654,0.59,0,0,0.42,0,1,0
USR9484,56,1,51945,132,48623,500000,0.9360477428048898,0.097246,12,272,0.22,0,0,0.65,1,0,0
USR9298,59,0,17106,185,27389,100000,1.6011341049924004,0.27389,3,76,0.81,0,1,0.16,0,0,0
USR5027,37,3,41636,157,1000,300000,0.024017677010279567,0.0033333333333333335,6,75,0.93,3,0,0.85,0,0,0
USR2497,69,2,48857,261,49181,300000,1.0066315983380068,0.16393666666666667,21,412,0.79,1,1,0.26,0,0,0
USR1235,26,4,9408,133,7904,200000,0.8401360544217688,0.03952,9,590,0.51,1,0,0.8,1,0,0
USR5542,29,3,38515,274,28305,500000,0.7349084772166689,0.05661,0,521,0.21,2,0,0.57,0,0,0
USR5596,19,1,16169,213,32273,500000,1.995979961655019,0.064546,5,133,1.0,3,1,0.08,0,0,0
USR1865,53,3,7775,324,5944,100000,0.7645016077170418,0.05944,3,688,0.58,0,0,0.95,0,0,0
USR6486,27,2,36002,234,61137,300000,1.698155658018999,0.20379,2,562,0.93,2,1,0.32,0,0,0
USR9024,45,2,37051,76,57696,500000,1.55720493373998,0.115392,3,223,0.8,1,0,1.0,0,0,0
USR5972,31,1,19630,244,38072,100000,1.9394803871625064,0.38072,5,438,0.47,1,0,0.13,0,1,0
USR5125,47,0,22896,65,5278,500000,0.2305206149545772,0.010556,1,686,0.81,1,0,0.36,0,0,0
USR2082,40,2,12222,316,15321,500000,1.2535591556210113,0.030642,1,390,0.25,0,0,0.33,2,0,0
USR1413,61,0,16808,288,9526,200000,0.5667539267015707,0.04763,7,155,0.83,2,0,0.99,2,0,0
USR8401,30,2,56141,17,94911,300000,1.6905826401382233,0.31637,3,356,0.71,3,1,0.9,2,0,0
USR2719,20,0,53580,89,43857,200000,0.8185330347144457,0.219285,5,511,0.45,0,1,0.13,1,0,0
USR7190,19,1,12884,134,13278,200000,1.0305805650419124,0.06639,0,386,0.09,1,1,0.87,0,0,0
USR6524,51,1,9029,26,14600,500000,1.6170118507032893,0.0292,15,306,0.99,3,1,0.05,0,1,0
USR2881,38,4,14834,261,13117,500000,0.8842523931508697,0.026234,2,125,0.94,2,0,0.51,0,0,0
USR7590,48,1,34191,363,34662,300000,1.0137755549706062,0.11554,5,574,0.1,1,0,0.57,1,0,0
USR5192,33,2,40566,181,38767,500000,0.9556525168860622,0.077534,0,90,0.24,1,0,0.5,0,0,0
USR8262,24,1,17240,221,15241,500000,0.8840487238979118,0.030482,1,528,0.53,3,1,0.34,0,0,0
USR7340,64,1,44758,141,41788,300000,0.9336431475937262,0.13929333333333332,6,456,0.33,1,0,0.44,2,1,0
USR7747,42,2,45968,140,30399,300000,0.6613078663418029,0.10133,3,77,0.03,1,0,0.78,1,0,0
USR3514,48,3,22179,264,18753,300000,0.8455295549844447,0.06251,4,293,0.91,0,0,0.18,2,0,0
USR7885,31,0,59600,257,54598,200000,0.9160738255033557,0.27299,4,160,0.36,0,1,0.92,1,0,0
USR8910,65,0,56199,250,37906,100000,0.6744959874730867,0.37906,11,606,0.44,0,1,0.1,2,0,0
